"Id","Path","Slice Name","Alias(s)","Label","Min","Max","Must Support?","Is Modifier?","Is Summary?","Type(s)","Short","Definition","Comments","Requirements","Default Value","Meaning When Missing","Fixed Value","Pattern","Example","Minimum Value","Maximum Value","Maximum Length","Binding Strength","Binding Description","Binding Value Set","Code","Slicing Discriminator","Slicing Description","Slicing Ordered","Slicing Rules","Base Path","Base Min","Base Max","Condition(s)","Constraint(s)"
"HIVC","HIVC","","","",0,*,"","","","null {[]} {[]}
","HIV.C PrEP visit Logical Model","Logical Model for HIV.C PrEP visit data elements.","","","","","","","","","",,,,,"",,,,"Base",0,*,"",""
"HIVC.reasonForPrepVisit","HIVC.reasonForPrepVisit","","","",1,1,"","","","string {[]} {[]}
","Reason for PrEP visit","Clients reason for the prevention visit","","","","","","","","","",,,,,"http://worldhealthorganization.github.io/smart-hiv/CodeSystem/HIV.C#DE1
",,,,"HIVC.reasonForPrepVisit",1,1,"",""
"HIVC.firstTimeCounsellingOnPrep","HIVC.firstTimeCounsellingOnPrep","","","",1,1,"","","","string {[]} {[]}
","First time counselling on PrEP","The client is interested in discussing pre-exposure prophylaxis (PrEP) for the first time","","","","","","","","","",,,,,"http://worldhealthorganization.github.io/smart-hiv/CodeSystem/HIV.C#DE2
",,,,"HIVC.firstTimeCounsellingOnPrep",1,1,"",""
"HIVC.pFollowUpAppointmentForPrep","HIVC.pFollowUpAppointmentForPrep","","","",1,1,"","","","string {[]} {[]}
","Follow-up appointment for PrEP","Client is at a follow-up or refill pre-exposure prophylaxis (PrEP) appointment","","","","","","","","","",,,,,"http://worldhealthorganization.github.io/smart-hiv/CodeSystem/HIV.C#DE3
",,,,"HIVC.pFollowUpAppointmentForPrep",1,1,"",""
"HIVC.pRestartingPrep","HIVC.pRestartingPrep","","","",1,1,"","","","string {[]} {[]}
","Restarting PrEP","Client has previously taken pre-exposure prophylaxis (PrEP) and may like to restart taking it","","","","","","","","","",,,,,"http://worldhealthorganization.github.io/smart-hiv/CodeSystem/HIV.C#DE4
",,,,"HIVC.pRestartingPrep",1,1,"",""
"HIVC.counsellingOnPep","HIVC.counsellingOnPep","","","",1,1,"","","","string {[]} {[]}
","Counselling on PEP","Counselling on post-exposure prophylaxis (PEP)","","","","","","","","","",,,,,"http://worldhealthorganization.github.io/smart-hiv/CodeSystem/HIV.C#DE5
",,,,"HIVC.counsellingOnPep",1,1,"",""
"HIVC.unscheduledVisitForSideEffects","HIVC.unscheduledVisitForSideEffects","","","",1,1,"","","","string {[]} {[]}
","Unscheduled visit for side effects","Patient visit for management of side effects related to PrEP","","","","","","","","","",,,,,"http://worldhealthorganization.github.io/smart-hiv/CodeSystem/HIV.C#DE6
",,,,"HIVC.unscheduledVisitForSideEffects",1,1,"",""
"HIVC.ThreeMonthPrepVisit","HIVC.ThreeMonthPrepVisit","","","",1,1,"","","","string {[]} {[]}
","3-month PrEP visit","Client is visiting for the recommended 3-month pre-exposure prophylaxis (PrEP) visit","","","","","","","","","",,,,,"http://worldhealthorganization.github.io/smart-hiv/CodeSystem/HIV.C#DE7
",,,,"HIVC.ThreeMonthPrepVisit",1,1,"",""
"HIVC.contactWithAndSuspectedExposureToHiv","HIVC.contactWithAndSuspectedExposureToHiv","","","",1,1,"","","","string {[]} {[]}
","Contact with and (suspected) exposure to HIV","The client had suspected or known exposure to HIV","","","","","","","","","",,,,,"http://worldhealthorganization.github.io/smart-hiv/CodeSystem/HIV.C#DE8
",,,,"HIVC.contactWithAndSuspectedExposureToHiv",1,1,"",""
"HIVC.datetimeOfSuspectedExposureToHiv","HIVC.datetimeOfSuspectedExposureToHiv","","","",1,1,"","","","string {[]} {[]}
","Date/time of suspected exposure to HIV","When the suspect exposure to HIV took place","","","","","","","","","",,,,,"http://worldhealthorganization.github.io/smart-hiv/CodeSystem/HIV.C#DE9
",,,,"HIVC.datetimeOfSuspectedExposureToHiv",1,1,"",""
"HIVC.currentlyOnPrep","HIVC.currentlyOnPrep","","","",1,1,"","","","string {[]} {[]}
","Currently on PrEP","The client is currently taking PrEP. Oral pre-exposure prophylaxis (PrEP) of HIV is the use of ARV drugs by people who are not infected with HIV to block the acquisition of HIV.","","","","","","","","","",,,,,"http://worldhealthorganization.github.io/smart-hiv/CodeSystem/HIV.C#DE10
",,,,"HIVC.currentlyOnPrep",1,1,"",""
"HIVC.prepDosingType","HIVC.prepDosingType","","","",1,1,"","","","string {[]} {[]}
","PrEP dosing type","Way in which pre-exposure prophylaxis (PrEP) is taken (daily or event-driven)","","","","","","","","","",,,,,"http://worldhealthorganization.github.io/smart-hiv/CodeSystem/HIV.C#DE11
",,,,"HIVC.prepDosingType",1,1,"",""
"HIVC.dailyOralPrep","HIVC.dailyOralPrep","","","",1,1,"","","","string {[]} {[]}
","Daily oral PrEP","Pre-exposure prophylaxis (PrEP) is taken every day","","","","","","","","","",,,,,"http://worldhealthorganization.github.io/smart-hiv/CodeSystem/HIV.C#DE12
",,,,"HIVC.dailyOralPrep",1,1,"",""
"HIVC.eventDrivenPrep211","HIVC.eventDrivenPrep211","","","",1,1,"","","","string {[]} {[]}
","Event-driven PrEP (2+1+1)","Event-driven pre-exposure prophylaxis (PrEP) is taken on an even-driven basis (2+1+1)","","","","","","","","","",,,,,"http://worldhealthorganization.github.io/smart-hiv/CodeSystem/HIV.C#DE13
",,,,"HIVC.eventDrivenPrep211",1,1,"",""
"HIVC.otherPrepDosingType","HIVC.otherPrepDosingType","","","",1,1,"","","","string {[]} {[]}
","Other PrEP dosing type","Other PrEP dosing type","","","","","","","","","",,,,,"http://worldhealthorganization.github.io/smart-hiv/CodeSystem/HIV.C#DE14
",,,,"HIVC.otherPrepDosingType",1,1,"",""
"HIVC.otherPrepDosingTypeSpecify","HIVC.otherPrepDosingTypeSpecify","","","",1,1,"","","","string {[]} {[]}
","Other PrEP dosing type (specify)","Other PrEP dosing type (specify)","","","","","","","","","",,,,,"http://worldhealthorganization.github.io/smart-hiv/CodeSystem/HIV.C#DE15
",,,,"HIVC.otherPrepDosingTypeSpecify",1,1,"",""
"HIVC.usedEventDrivenPrepForAtRiskExposuresOverThePast3Months","HIVC.usedEventDrivenPrepForAtRiskExposuresOverThePast3Months","","","",1,1,"","","","string {[]} {[]}
","Used event-driven PrEP for at risk exposures over the past 3 months","Client reports taking ED-PrEP for at risk exposures over a 3-month period","","","","","","","","","",,,,,"http://worldhealthorganization.github.io/smart-hiv/CodeSystem/HIV.C#DE16
",,,,"HIVC.usedEventDrivenPrepForAtRiskExposuresOverThePast3Months",1,1,"",""
"HIVC.currentPrepRegimen","HIVC.currentPrepRegimen","","","",1,1,"","","","string {[]} {[]}
","Current PrEP regimen","HIV pre-exposure prophylaxis (PrEP) regimen","","","","","","","","","",,,,,"http://worldhealthorganization.github.io/smart-hiv/CodeSystem/HIV.C#DE17
",,,,"HIVC.currentPrepRegimen",1,1,"",""
"HIVC.tdfFtc","HIVC.tdfFtc","","","",1,1,"","","","string {[]} {[]}
","TDF + FTC","Treated with tenofovir disoproxil fumarate (TDF) and emtricitabine (FTC) pre-exposure prophylaxis (PrEP) regimen (oral PrEP)","","","","","","","","","",,,,,"http://worldhealthorganization.github.io/smart-hiv/CodeSystem/HIV.C#DE18
",,,,"HIVC.tdfFtc",1,1,"",""
"HIVC.tdf","HIVC.tdf","","","",1,1,"","","","string {[]} {[]}
","TDF","Treated with single-agent tenofovir disoproxil fumarate (TDF) pre-exposure prophylaxis (PrEP) regimen (oral PrEP)","","","","","","","","","",,,,,"http://worldhealthorganization.github.io/smart-hiv/CodeSystem/HIV.C#DE19
",,,,"HIVC.tdf",1,1,"",""
"HIVC.tdf3Tc","HIVC.tdf3Tc","","","",1,1,"","","","string {[]} {[]}
","TDF + 3TC","Treated with tenofovir disoproxil fumarate (TDF) and lamivudine (3TC) pre-exposure prophylaxis (PrEP) regimen (oral PrEP)","","","","","","","","","",,,,,"http://worldhealthorganization.github.io/smart-hiv/CodeSystem/HIV.C#DE20
",,,,"HIVC.tdf3Tc",1,1,"",""
"HIVC.otherTdfBasedRegimen","HIVC.otherTdfBasedRegimen","","","",1,1,"","","","string {[]} {[]}
","Other TDF-based regimen","Treated with other tenofovir disoproxil fumarate (TDF)-based regimen (oral PrEP)","","","","","","","","","",,,,,"http://worldhealthorganization.github.io/smart-hiv/CodeSystem/HIV.C#DE21
",,,,"HIVC.otherTdfBasedRegimen",1,1,"",""
"HIVC.dapivirineVaginalRingDvr","HIVC.dapivirineVaginalRingDvr","","","",1,1,"","","","string {[]} {[]}
","Dapivirine vaginal ring (DVR)","Dapivirine vaginal ring (DVR) for HIV prevention","","","","","","","","","",,,,,"http://worldhealthorganization.github.io/smart-hiv/CodeSystem/HIV.C#DE22
",,,,"HIVC.dapivirineVaginalRingDvr",1,1,"",""
"HIVC.cabLa","HIVC.cabLa","","","",1,1,"","","","string {[]} {[]}
","CAB-LA","Long-acting injectable cabotegravir","","","","","","","","","",,,,,"http://worldhealthorganization.github.io/smart-hiv/CodeSystem/HIV.C#DE23
",,,,"HIVC.cabLa",1,1,"",""
"HIVC.experienceWithPrep","HIVC.experienceWithPrep","","","",1,1,"","","","string {[]} {[]}
","Experience with PrEP","The clients experience in taking PrEP","","","","","","","","","",,,,,"http://worldhealthorganization.github.io/smart-hiv/CodeSystem/HIV.C#DE24
",,,,"HIVC.experienceWithPrep",1,1,"",""
"HIVC.prepFirstTimeUser","HIVC.prepFirstTimeUser","","","",1,1,"","","","string {[]} {[]}
","First-time user","The client has never used pre-exposure prophylaxis (PrEP) before (naive)","","","","","","","","","",,,,,"http://worldhealthorganization.github.io/smart-hiv/CodeSystem/HIV.C#DE25
",,,,"HIVC.prepFirstTimeUser",1,1,"",""
"HIVC.prepContinuingUser","HIVC.prepContinuingUser","","","",1,1,"","","","string {[]} {[]}
","Continuing user","The client has used PrEP before and is continuing to use PrEP","","","","","","","","","",,,,,"http://worldhealthorganization.github.io/smart-hiv/CodeSystem/HIV.C#DE26
",,,,"HIVC.prepContinuingUser",1,1,"",""
"HIVC.restartingFollowingAPeriodOfNotTakingPrep","HIVC.restartingFollowingAPeriodOfNotTakingPrep","","","",1,1,"","","","string {[]} {[]}
","Restarting following a period of not taking PrEP","The client is restarting PrEP following a period of not taking PrEP","","","","","","","","","",,,,,"http://worldhealthorganization.github.io/smart-hiv/CodeSystem/HIV.C#DE27
",,,,"HIVC.restartingFollowingAPeriodOfNotTakingPrep",1,1,"",""
"HIVC.prepStartDate","HIVC.prepStartDate","","","",1,1,"","","","string {[]} {[]}
","PrEP start date","The date on which the client started or restarted pre-exposure prophylaxis (PrEP)","","","","","","","","","",,,,,"http://worldhealthorganization.github.io/smart-hiv/CodeSystem/HIV.C#DE28
",,,,"HIVC.prepStartDate",1,1,"",""
"HIVC.stoppedPrep","HIVC.stoppedPrep","","","",1,1,"","","","string {[]} {[]}
","Stopped PrEP","Client stopped taking pre-exposure prophylaxis (PrEP)","","","","","","","","","",,,,,"http://worldhealthorganization.github.io/smart-hiv/CodeSystem/HIV.C#DE29
",,,,"HIVC.stoppedPrep",1,1,"",""
"HIVC.datePrepStopped","HIVC.datePrepStopped","","","",1,1,"","","","string {[]} {[]}
","Date PrEP stopped","Date client stopped taking pre-exposure prophylaxis (PrEP)","","","","","","","","","",,,,,"http://worldhealthorganization.github.io/smart-hiv/CodeSystem/HIV.C#DE30
",,,,"HIVC.datePrepStopped",1,1,"",""
"HIVC.pepHistory","HIVC.pepHistory","","","",1,1,"","","","string {[]} {[]}
","PEP history","The clients history in taking post-exposure prophylaxis (PEP) for HIV prevention","","","","","","","","","",,,,,"http://worldhealthorganization.github.io/smart-hiv/CodeSystem/HIV.C#DE31
",,,,"HIVC.pepHistory",1,1,"",""
"HIVC.pepFirstTimeUser","HIVC.pepFirstTimeUser","","","",1,1,"","","","string {[]} {[]}
","First-time user","The client has never used post-exposure prophylaxis (PEP) before","","","","","","","","","",,,,,"http://worldhealthorganization.github.io/smart-hiv/CodeSystem/HIV.C#DE32
",,,,"HIVC.pepFirstTimeUser",1,1,"",""
"HIVC.pepRepeatUser","HIVC.pepRepeatUser","","","",1,1,"","","","string {[]} {[]}
","Repeat user","The client has used post-exposure prophylaxis (PEP) before","","","","","","","","","",,,,,"http://worldhealthorganization.github.io/smart-hiv/CodeSystem/HIV.C#DE33
",,,,"HIVC.pepRepeatUser",1,1,"",""
"HIVC.datesOfPastPepUse","HIVC.datesOfPastPepUse","","","",1,1,"","","","string {[]} {[]}
","Date(s) of past PEP use","Dates when the client previously used post-exposure prophylaxis (PEP)","","","","","","","","","",,,,,"http://worldhealthorganization.github.io/smart-hiv/CodeSystem/HIV.C#DE34
",,,,"HIVC.datesOfPastPepUse",1,1,"",""
"HIVC.dateClientCompletesPepCourse","HIVC.dateClientCompletesPepCourse","","","",1,1,"","","","string {[]} {[]}
","Date client completes PEP course","Date client completes PEP course","","","","","","","","","",,,,,"http://worldhealthorganization.github.io/smart-hiv/CodeSystem/HIV.C#DE35
",,,,"HIVC.dateClientCompletesPepCourse",1,1,"",""
"HIVC.signsOfSubstantialRiskOfHivInfection","HIVC.signsOfSubstantialRiskOfHivInfection","","","",1,1,"","","","string {[]} {[]}
","Signs of substantial risk of HIV infection","Signs the client is at a substantial risk of HIV infection","","","","","","","","","",,,,,"http://worldhealthorganization.github.io/smart-hiv/CodeSystem/HIV.C#DE36
",,,,"HIVC.signsOfSubstantialRiskOfHivInfection",1,1,"",""
"HIVC.noCondomUseDuringSexWithMoreThanOnePartnerInThePast6Months","HIVC.noCondomUseDuringSexWithMoreThanOnePartnerInThePast6Months","","","",1,1,"","","","string {[]} {[]}
","No condom use during sex with more than one partner in the past 6 months","Recent vaginal or anal sexual intercourse without a condom with more than one partner","","","","","","","","","",,,,,"http://worldhealthorganization.github.io/smart-hiv/CodeSystem/HIV.C#DE37
",,,,"HIVC.noCondomUseDuringSexWithMoreThanOnePartnerInThePast6Months",1,1,"",""
"HIVC.stiInThePast6Months","HIVC.stiInThePast6Months","","","",1,1,"","","","string {[]} {[]}
","STI in the past 6 months","A recent history (in the last 6 months) of a sexually transmitted infection (STI ) by laboratory testing, self-report or syndromic STI treatment","","","","","","","","","",,,,,"http://worldhealthorganization.github.io/smart-hiv/CodeSystem/HIV.C#DE38
",,,,"HIVC.stiInThePast6Months",1,1,"",""
"HIVC.aSexualPartnerInThePast6MonthsHadHivRF","HIVC.aSexualPartnerInThePast6MonthsHadHivRF","","","",1,1,"","","","string {[]} {[]}
","A sexual partner in the past 6 months had one or more HIV risk factors","A recent sex partner of the client had HIV risk factors","","","","","","","","","",,,,,"http://worldhealthorganization.github.io/smart-hiv/CodeSystem/HIV.C#DE39
",,,,"HIVC.aSexualPartnerInThePast6MonthsHadHivRF",1,1,"",""
"HIVC.prepRequestedByClient","HIVC.prepRequestedByClient","","","",1,1,"","","","string {[]} {[]}
","PrEP requested by client","Client is requesting PrEP, reflecting a decision-making process has already taken place and suggesting of substantial risk of HIV","","","","","","","","","",,,,,"http://worldhealthorganization.github.io/smart-hiv/CodeSystem/HIV.C#DE40
",,,,"HIVC.prepRequestedByClient",1,1,"",""
"HIVC.pregnancyIntentionInSerodiscordantPartnerships","HIVC.pregnancyIntentionInSerodiscordantPartnerships","","","",1,1,"","","","string {[]} {[]}
","Pregnancy intention in serodiscordant partnerships","Clients intention or desire in the next year to either become pregnant or prevent a future pregnancy (in serodiscordant partnerships)","","","","","","","","","",,,,,"http://worldhealthorganization.github.io/smart-hiv/CodeSystem/HIV.C#DE41
",,,,"HIVC.pregnancyIntentionInSerodiscordantPartnerships",1,1,"",""
"HIVC.yesIWantToBecomePregnant","HIVC.yesIWantToBecomePregnant","","","",1,1,"","","","string {[]} {[]}
","Yes, I want to become pregnant","Client intends to become pregnant","","","","","","","","","",,,,,"http://worldhealthorganization.github.io/smart-hiv/CodeSystem/HIV.C#DE42
",,,,"HIVC.yesIWantToBecomePregnant",1,1,"",""
"HIVC.imOkEitherWay","HIVC.imOkEitherWay","","","",1,1,"","","","string {[]} {[]}
","Im OK either way","Client is not intending to become pregnant, but would not be adverse to becoming pregnant","","","","","","","","","",,,,,"http://worldhealthorganization.github.io/smart-hiv/CodeSystem/HIV.C#DE43
",,,,"HIVC.imOkEitherWay",1,1,"",""
"HIVC.noIDontWantToBecomePregnant","HIVC.noIDontWantToBecomePregnant","","","",1,1,"","","","string {[]} {[]}
","No, I dont want to become pregnant","Client does not intend to become pregnant","","","","","","","","","",,,,,"http://worldhealthorganization.github.io/smart-hiv/CodeSystem/HIV.C#DE44
",,,,"HIVC.noIDontWantToBecomePregnant",1,1,"",""
"HIVC.unsure","HIVC.unsure","","","",1,1,"","","","string {[]} {[]}
","Unsure","Client is unsure or undecided about her pregnancy intentions","","","","","","","","","",,,,,"http://worldhealthorganization.github.io/smart-hiv/CodeSystem/HIV.C#DE45
",,,,"HIVC.unsure",1,1,"",""
"HIVC.acuteHivInfectionSymptoms","HIVC.acuteHivInfectionSymptoms","","","",1,1,"","","","string {[]} {[]}
","Acute HIV infection symptoms","Symptoms that could suggest an acute HIV infection","","","","","","","","","",,,,,"http://worldhealthorganization.github.io/smart-hiv/CodeSystem/HIV.C#DE46
",,,,"HIVC.acuteHivInfectionSymptoms",1,1,"",""
"HIVC.fever","HIVC.fever","","","",1,1,"","","","string {[]} {[]}
","Fever","Clients symptoms include a fever","","","","","","","","","",,,,,"http://worldhealthorganization.github.io/smart-hiv/CodeSystem/HIV.C#DE47
",,,,"HIVC.fever",1,1,"",""
"HIVC.soreThroat","HIVC.soreThroat","","","",1,1,"","","","string {[]} {[]}
","Sore throat","Clients symptoms include a sore throat","","","","","","","","","",,,,,"http://worldhealthorganization.github.io/smart-hiv/CodeSystem/HIV.C#DE48
",,,,"HIVC.soreThroat",1,1,"",""
"HIVC.aches","HIVC.aches","","","",1,1,"","","","string {[]} {[]}
","Aches","Clients symptoms include aches","","","","","","","","","",,,,,"http://worldhealthorganization.github.io/smart-hiv/CodeSystem/HIV.C#DE49
",,,,"HIVC.aches",1,1,"",""
"HIVC.pains","HIVC.pains","","","",1,1,"","","","string {[]} {[]}
","Pains","Clients symptoms include pains","","","","","","","","","",,,,,"http://worldhealthorganization.github.io/smart-hiv/CodeSystem/HIV.C#DE50
",,,,"HIVC.pains",1,1,"",""
"HIVC.swollenGlands","HIVC.swollenGlands","","","",1,1,"","","","string {[]} {[]}
","Swollen glands","Clients symptoms include swollen glands","","","","","","","","","",,,,,"http://worldhealthorganization.github.io/smart-hiv/CodeSystem/HIV.C#DE51
",,,,"HIVC.swollenGlands",1,1,"",""
"HIVC.mouthSores","HIVC.mouthSores","","","",1,1,"","","","string {[]} {[]}
","Mouth sores","Clients symptoms include a mouth sores","","","","","","","","","",,,,,"http://worldhealthorganization.github.io/smart-hiv/CodeSystem/HIV.C#DE52
",,,,"HIVC.mouthSores",1,1,"",""
"HIVC.headaches","HIVC.headaches","","","",1,1,"","","","string {[]} {[]}
","Headaches","Clients symptoms include a headaches","","","","","","","","","",,,,,"http://worldhealthorganization.github.io/smart-hiv/CodeSystem/HIV.C#DE53
",,,,"HIVC.headaches",1,1,"",""
"HIVC.rash","HIVC.rash","","","",1,1,"","","","string {[]} {[]}
","Rash","Clients symptoms include a rash","","","","","","","","","",,,,,"http://worldhealthorganization.github.io/smart-hiv/CodeSystem/HIV.C#DE54
",,,,"HIVC.rash",1,1,"",""
"HIVC.sexPartnersHivTreatmentStatus","HIVC.sexPartnersHivTreatmentStatus","","","",1,1,"","","","string {[]} {[]}
","Sex partners HIV treatment status","Treatment adherence of clients sex partner for partners that are HIV-positive","","","","","","","","","",,,,,"http://worldhealthorganization.github.io/smart-hiv/CodeSystem/HIV.C#DE55
",,,,"HIVC.sexPartnersHivTreatmentStatus",1,1,"",""
"HIVC.notOnArt","HIVC.notOnArt","","","",1,1,"","","","string {[]} {[]}
","Not on ART","Sex partner is HIV-positive and not on ART","","","","","","","","","",,,,,"http://worldhealthorganization.github.io/smart-hiv/CodeSystem/HIV.C#DE56
",,,,"HIVC.notOnArt",1,1,"",""
"HIVC.onArtLessThan6Months","HIVC.onArtLessThan6Months","","","",1,1,"","","","string {[]} {[]}
","On ART less than 6 months","Sex partner is HIV-positive and is on ART less than 6 months. ART may take up to 6 months to suppress viral load. In studies of serodiscordant couples, pre-exposure prophylaxis (PrEP) has provided a useful bridge to full viral suppression by the partner during that time.","","","","","","","","","",,,,,"http://worldhealthorganization.github.io/smart-hiv/CodeSystem/HIV.C#DE57
",,,,"HIVC.onArtLessThan6Months",1,1,"",""
"HIVC.partnerHasSuspectedLowAdherenceToArt","HIVC.partnerHasSuspectedLowAdherenceToArt","","","",1,1,"","","","string {[]} {[]}
","Partner has suspected low adherence to ART","Sex partner is HIV-positive and is suspected to have low adherence to ART. There have been gaps in the partners treatment adherence or the couple is not communicating openly about treatment adherence and viral load test results.","","","","","","","","","",,,,,"http://worldhealthorganization.github.io/smart-hiv/CodeSystem/HIV.C#DE58
",,,,"HIVC.partnerHasSuspectedLowAdherenceToArt",1,1,"",""
"HIVC.partnerIsNotVirallySuppressed","HIVC.partnerIsNotVirallySuppressed","","","",1,1,"","","","string {[]} {[]}
","Partner is not virally suppressed","Sex partner is HIV-positive and not virally suppressed","","","","","","","","","",,,,,"http://worldhealthorganization.github.io/smart-hiv/CodeSystem/HIV.C#DE59
",,,,"HIVC.partnerIsNotVirallySuppressed",1,1,"",""
"HIVC.partnerIsVirallyS6plus","HIVC.partnerIsVirallyS6plus","","","",1,1,"","","","string {[]} {[]}
","Partner is virally suppressed and has been on ART for 6 months or more","Sex partner is HIV-positive and virally suppressed with 6 months or more on ART","","","","","","","","","",,,,,"http://worldhealthorganization.github.io/smart-hiv/CodeSystem/HIV.C#DE60
",,,,"HIVC.partnerIsVirallyS6plus",1,1,"",""
"HIVC.suitableForPrep","HIVC.suitableForPrep","","","",1,1,"","","","string {[]} {[]}
","Suitable for PrEP","The client is suitable for PrEP","","","","","","","","","",,,,,"http://worldhealthorganization.github.io/smart-hiv/CodeSystem/HIV.C#DE61
",,,,"HIVC.suitableForPrep",1,1,"",""
"HIVC.offeredPrep","HIVC.offeredPrep","","","",1,1,"","","","string {[]} {[]}
","Offered PrEP","After being evaluated as suitable for PrEP, the client was offered PrEP","","","","","","","","","",,,,,"http://worldhealthorganization.github.io/smart-hiv/CodeSystem/HIV.C#DE62
",,,,"HIVC.offeredPrep",1,1,"",""
"HIVC.screeningsAndDiagnosticsForPrepUsers","HIVC.screeningsAndDiagnosticsForPrepUsers","","","",1,1,"","","","string {[]} {[]}
","Screenings and diagnostics for PrEP users","Listing of tests for clients on or starting pre-exposure prophylaxis (PrEP) that may be recommended or should be considered","","","","","","","","","",,,,,"http://worldhealthorganization.github.io/smart-hiv/CodeSystem/HIV.C#DE63
",,,,"HIVC.screeningsAndDiagnosticsForPrepUsers",1,1,"",""
"HIVC.serumCreatinineTest","HIVC.serumCreatinineTest","","","",1,1,"","","","string {[]} {[]}
","Serum creatinine test","Test serum creatinine to identify pre-existing renal disease (estimated creatinine clearance less than 60 ml/min)","","","","","","","","","",,,,,"http://worldhealthorganization.github.io/smart-hiv/CodeSystem/HIV.C#DE64
",,,,"HIVC.serumCreatinineTest",1,1,"",""
"HIVC.hepatitisBTest","HIVC.hepatitisBTest","","","",1,1,"","","","string {[]} {[]}
","Hepatitis B test","Hepatitis B test recommended for client","","","","","","","","","",,,,,"http://worldhealthorganization.github.io/smart-hiv/CodeSystem/HIV.C#DE65
",,,,"HIVC.hepatitisBTest",1,1,"",""
"HIVC.hepatitisCTest","HIVC.hepatitisCTest","","","",1,1,"","","","string {[]} {[]}
","Hepatitis C test","Hepatitis C test recommended for client","","","","","","","","","",,,,,"http://worldhealthorganization.github.io/smart-hiv/CodeSystem/HIV.C#DE66
",,,,"HIVC.hepatitisCTest",1,1,"",""
"HIVC.syphilisTest","HIVC.syphilisTest","","","",1,1,"","","","string {[]} {[]}
","Syphilis test","Syphilis test recommended for client","","","","","","","","","",,,,,"http://worldhealthorganization.github.io/smart-hiv/CodeSystem/HIV.C#DE67
",,,,"HIVC.syphilisTest",1,1,"",""
"HIVC.otherScreeningForStis","HIVC.otherScreeningForStis","","","",1,1,"","","","string {[]} {[]}
","Other screening for STIs","Other STI screening recommended for client","","","","","","","","","",,,,,"http://worldhealthorganization.github.io/smart-hiv/CodeSystem/HIV.C#DE68
",,,,"HIVC.otherScreeningForStis",1,1,"",""
"HIVC.pregnancyTesting","HIVC.pregnancyTesting","","","",1,1,"","","","string {[]} {[]}
","Pregnancy testing","Pregnancy testing for client","","","","","","","","","",,,,,"http://worldhealthorganization.github.io/smart-hiv/CodeSystem/HIV.C#DE69
",,,,"HIVC.pregnancyTesting",1,1,"",""
"HIVC.reviewVaccinationHistory","HIVC.reviewVaccinationHistory","","","",1,1,"","","","string {[]} {[]}
","Review vaccination history","Review vaccination history recommended for client","","","","","","","","","",,,,,"http://worldhealthorganization.github.io/smart-hiv/CodeSystem/HIV.C#DE70
",,,,"HIVC.reviewVaccinationHistory",1,1,"",""
"HIVC.serumCreatinineTestDate","HIVC.serumCreatinineTestDate","","","",1,1,"","","","string {[]} {[]}
","Serum creatinine test date","Test serum creatinine to identify pre-existing renal disease (estimated creatinine clearance less than 60 ml/min)","","","","","","","","","",,,,,"http://worldhealthorganization.github.io/smart-hiv/CodeSystem/HIV.C#DE71
",,,,"HIVC.serumCreatinineTestDate",1,1,"",""
"HIVC.serumCreatinineTestResult","HIVC.serumCreatinineTestResult","","","",1,1,"","","","string {[]} {[]}
","Serum creatinine test result","Test serum creatinine to identify pre-existing renal disease (estimated creatinine clearance less than 60 ml/min).","","","","","","","","","",,,,,"http://worldhealthorganization.github.io/smart-hiv/CodeSystem/HIV.C#DE72
",,,,"HIVC.serumCreatinineTestResult",1,1,"",""
"HIVC.dateMedicationsDispensed","HIVC.dateMedicationsDispensed","","","",1,1,"","","","string {[]} {[]}
","Date medications dispensed","Date the client was dispensed medications","","","","","","","","","",,,,,"http://worldhealthorganization.github.io/smart-hiv/CodeSystem/HIV.C#DE73
",,,,"HIVC.dateMedicationsDispensed",1,1,"",""
"HIVC.dateMedicationsPrescribed","HIVC.dateMedicationsPrescribed","","","",1,1,"","","","string {[]} {[]}
","Date medications prescribed","Date the client was prescribed medications","","","","","","","","","",,,,,"http://worldhealthorganization.github.io/smart-hiv/CodeSystem/HIV.C#DE74
",,,,"HIVC.dateMedicationsPrescribed",1,1,"",""
"HIVC.medicationsPrescribed","HIVC.medicationsPrescribed","","","",1,1,"","","","string {[]} {[]}
","Medications prescribed","Medications the client was prescribed","","","","","","","","","",,,,,"http://worldhealthorganization.github.io/smart-hiv/CodeSystem/HIV.C#DE75
",,,,"HIVC.medicationsPrescribed",1,1,"",""
"HIVC.prepForHivPrevention","HIVC.prepForHivPrevention","","","",1,1,"","","","string {[]} {[]}
","PrEP for HIV prevention","Client was prescribed pre-exposure prophylaxis (PrEP) for HIV prevention","","","","","","","","","",,,,,"http://worldhealthorganization.github.io/smart-hiv/CodeSystem/HIV.C#DE76
",,,,"HIVC.prepForHivPrevention",1,1,"",""
"HIVC.pepForHivPrevention","HIVC.pepForHivPrevention","","","",1,1,"","","","string {[]} {[]}
","PEP for HIV prevention","Client was prescribed post-exposure prophylaxis (PEP) for HIV prevention","","","","","","","","","",,,,,"http://worldhealthorganization.github.io/smart-hiv/CodeSystem/HIV.C#DE77
",,,,"HIVC.pepForHivPrevention",1,1,"",""
"HIVC.medOther","HIVC.medOther","","","",1,1,"","","","string {[]} {[]}
","Other","Client was prescribed other medications","","","","","","","","","",,,,,"http://worldhealthorganization.github.io/smart-hiv/CodeSystem/HIV.C#DE78
",,,,"HIVC.medOther",1,1,"",""
"HIVC.medOtherSpecify","HIVC.medOtherSpecify","","","",1,1,"","","","string {[]} {[]}
","Other (specify)","Client was prescribed other medications (specify)","","","","","","","","","",,,,,"http://worldhealthorganization.github.io/smart-hiv/CodeSystem/HIV.C#DE79
",,,,"HIVC.medOtherSpecify",1,1,"",""
"HIVC.prepProductPrescribed","HIVC.prepProductPrescribed","","","",1,1,"","","","string {[]} {[]}
","PrEP product prescribed","PrEP product that the client was prescribed","","","","","","","","","",,,,,"http://worldhealthorganization.github.io/smart-hiv/CodeSystem/HIV.C#DE80
",,,,"HIVC.prepProductPrescribed",1,1,"",""
"HIVC.oralPrep","HIVC.oralPrep","","","",1,1,"","","","string {[]} {[]}
","Oral PrEP","Client was prescribed oral PrEP","","","","","","","","","",,,,,"http://worldhealthorganization.github.io/smart-hiv/CodeSystem/HIV.C#DE81
",,,,"HIVC.oralPrep",1,1,"",""
"HIVC.presDapivirineVaginalRingDvr","HIVC.presDapivirineVaginalRingDvr","","","",1,1,"","","","string {[]} {[]}
","Dapivirine vaginal ring (DVR)","Client was prescribed dapivirine vaginal ring (DVR)","","","","","","","","","",,,,,"http://worldhealthorganization.github.io/smart-hiv/CodeSystem/HIV.C#DE82
",,,,"HIVC.presDapivirineVaginalRingDvr",1,1,"",""
"HIVC.presCabLa","HIVC.presCabLa","","","",1,1,"","","","string {[]} {[]}
","CAB-LA","Client was prescribed long-acting cabotegravir (CAB-LA)","","","","","","","","","",,,,,"http://worldhealthorganization.github.io/smart-hiv/CodeSystem/HIV.C#DE83
",,,,"HIVC.presCabLa",1,1,"",""
"HIVC.presOther","HIVC.presOther","","","",1,1,"","","","string {[]} {[]}
","Other","Client was prescribed other PrEP product","","","","","","","","","",,,,,"http://worldhealthorganization.github.io/smart-hiv/CodeSystem/HIV.C#DE84
",,,,"HIVC.presOther",1,1,"",""
"HIVC.presOtherSpecify","HIVC.presOtherSpecify","","","",1,1,"","","","string {[]} {[]}
","Other (specify)","Client was prescribed other PrEP product (specify)","","","","","","","","","",,,,,"http://worldhealthorganization.github.io/smart-hiv/CodeSystem/HIV.C#DE85
",,,,"HIVC.presOtherSpecify",1,1,"",""
"HIVC.datePrepPrescribed","HIVC.datePrepPrescribed","","","",1,1,"","","","string {[]} {[]}
","Date PrEP prescribed","Date client was prescribed PrEP, including initial prescription and repeats","","","","","","","","","",,,,,"http://worldhealthorganization.github.io/smart-hiv/CodeSystem/HIV.C#DE86
",,,,"HIVC.datePrepPrescribed",1,1,"",""
"HIVC.datePrepDispensed","HIVC.datePrepDispensed","","","",1,1,"","","","string {[]} {[]}
","Date PrEP dispensed","Date client was dispensed PrEP","","","","","","","","","",,,,,"http://worldhealthorganization.github.io/smart-hiv/CodeSystem/HIV.C#DE87
",,,,"HIVC.datePrepDispensed",1,1,"",""
"HIVC.volumeOfPrepProductPrescribedDispensed","HIVC.volumeOfPrepProductPrescribedDispensed","","","",1,1,"","","","string {[]} {[]}
","Volume of PrEP product prescribed/dispensed","Volume of PrEP product the client was prescribed or dispensed (for example, number of pills, number of devices)","","","","","","","","","",,,,,"http://worldhealthorganization.github.io/smart-hiv/CodeSystem/HIV.C#DE88
",,,,"HIVC.volumeOfPrepProductPrescribedDispensed",1,1,"",""
"HIVC.datePepPrescribed","HIVC.datePepPrescribed","","","",1,1,"","","","string {[]} {[]}
","Date PEP prescribed","Date the client was prescribed PEP","","","","","","","","","",,,,,"http://worldhealthorganization.github.io/smart-hiv/CodeSystem/HIV.C#DE89
",,,,"HIVC.datePepPrescribed",1,1,"",""
"HIVC.datePepCourseCompletion","HIVC.datePepCourseCompletion","","","",1,1,"","","","string {[]} {[]}
","Date PEP course completion","Date client completes PEP course","","","","","","","","","",,,,,"http://worldhealthorganization.github.io/smart-hiv/CodeSystem/HIV.C#DE90
",,,,"HIVC.datePepCourseCompletion",1,1,"",""
"HIVC.preferredPepBackboneRegimen","HIVC.preferredPepBackboneRegimen","","","",1,1,"","","","string {[]} {[]}
","Preferred PEP backbone regimen","Preferred backbone regimen for PEP","","","","","","","","","",,,,,"http://worldhealthorganization.github.io/smart-hiv/CodeSystem/HIV.C#DE91
",,,,"HIVC.preferredPepBackboneRegimen",1,1,"",""
"HIVC.prefTdf3Tc","HIVC.prefTdf3Tc","","","",1,1,"","","","string {[]} {[]}
","TDF + 3TC","Preferred backbone containing tenofovir disoproxil fumarate and lamivudine","","","","","","","","","",,,,,"http://worldhealthorganization.github.io/smart-hiv/CodeSystem/HIV.C#DE92
",,,,"HIVC.prefTdf3Tc",1,1,"",""
"HIVC.prefTdfFtc","HIVC.prefTdfFtc","","","",1,1,"","","","string {[]} {[]}
","TDF + FTC","Preferred backbone containing tenofovir disoproxil fumarate and emtricitabine","","","","","","","","","",,,,,"http://worldhealthorganization.github.io/smart-hiv/CodeSystem/HIV.C#DE93
",,,,"HIVC.prefTdfFtc",1,1,"",""
"HIVC.prefAzt3Tc","HIVC.prefAzt3Tc","","","",1,1,"","","","string {[]} {[]}
","AZT + 3TC","Preferred backbone containing zidovudine and lamivudine","","","","","","","","","",,,,,"http://worldhealthorganization.github.io/smart-hiv/CodeSystem/HIV.C#DE94
",,,,"HIVC.prefAzt3Tc",1,1,"",""
"HIVC.alternativePepBackboneRegimen","HIVC.alternativePepBackboneRegimen","","","",1,1,"","","","string {[]} {[]}
","Alternative PEP backbone regimen","Alternative backbone regimen for PEP","","","","","","","","","",,,,,"http://worldhealthorganization.github.io/smart-hiv/CodeSystem/HIV.C#DE95
",,,,"HIVC.alternativePepBackboneRegimen",1,1,"",""
"HIVC.altAbc3Tc","HIVC.altAbc3Tc","","","",1,1,"","","","string {[]} {[]}
","ABC + 3TC","Alternative backbone containing abacavir and lamivudine","","","","","","","","","",,,,,"http://worldhealthorganization.github.io/smart-hiv/CodeSystem/HIV.C#DE96
",,,,"HIVC.altAbc3Tc",1,1,"",""
"HIVC.altTdf3Tc","HIVC.altTdf3Tc","","","",1,1,"","","","string {[]} {[]}
","TDF + 3TC","Alternative backbone containing tenofovir disoproxil fumarate and lamivudine","","","","","","","","","",,,,,"http://worldhealthorganization.github.io/smart-hiv/CodeSystem/HIV.C#DE97
",,,,"HIVC.altTdf3Tc",1,1,"",""
"HIVC.altTdfFtc","HIVC.altTdfFtc","","","",1,1,"","","","string {[]} {[]}
","TDF + FTC","Alternative backbone containing tenofovir disoproxil fumarate and emtricitabine","","","","","","","","","",,,,,"http://worldhealthorganization.github.io/smart-hiv/CodeSystem/HIV.C#DE98
",,,,"HIVC.altTdfFtc",1,1,"",""
"HIVC.preferredThirdPepDrug","HIVC.preferredThirdPepDrug","","","",1,1,"","","","string {[]} {[]}
","Preferred third PEP drug","Preferred third drug for PEP","","","","","","","","","",,,,,"http://worldhealthorganization.github.io/smart-hiv/CodeSystem/HIV.C#DE99
",,,,"HIVC.preferredThirdPepDrug",1,1,"",""
"HIVC.dtg","HIVC.dtg","","","",1,1,"","","","string {[]} {[]}
","DTG","Preferred third drug of dolutegravir","","","","","","","","","",,,,,"http://worldhealthorganization.github.io/smart-hiv/CodeSystem/HIV.C#DE100
",,,,"HIVC.dtg",1,1,"",""
"HIVC.alternativeThirdPepDrug","HIVC.alternativeThirdPepDrug","","","",1,1,"","","","string {[]} {[]}
","Alternative third PEP drug","Alternative third drug for PEP","","","","","","","","","",,,,,"http://worldhealthorganization.github.io/smart-hiv/CodeSystem/HIV.C#DE101
",,,,"HIVC.alternativeThirdPepDrug",1,1,"",""
"HIVC.atvr","HIVC.atvr","","","",1,1,"","","","string {[]} {[]}
","ATV/r","Alternative third drug of atazanavir/ritonavir (ATV/r)","","","","","","","","","",,,,,"http://worldhealthorganization.github.io/smart-hiv/CodeSystem/HIV.C#DE102
",,,,"HIVC.atvr",1,1,"",""
"HIVC.drvr","HIVC.drvr","","","",1,1,"","","","string {[]} {[]}
","DRV/r","Alternative third drug of darunavir/ritonavir (DRV/r)","","","","","","","","","",,,,,"http://worldhealthorganization.github.io/smart-hiv/CodeSystem/HIV.C#DE103
",,,,"HIVC.drvr",1,1,"",""
"HIVC.lpvr","HIVC.lpvr","","","",1,1,"","","","string {[]} {[]}
","LPV/r","Alternative third drug of lopinavir/ritonavir (LPV/r)","","","","","","","","","",,,,,"http://worldhealthorganization.github.io/smart-hiv/CodeSystem/HIV.C#DE104
",,,,"HIVC.lpvr",1,1,"",""
"HIVC.ral","HIVC.ral","","","",1,1,"","","","string {[]} {[]}
","RAL","Alternative third drug of raltegravir (RAL)","","","","","","","","","",,,,,"http://worldhealthorganization.github.io/smart-hiv/CodeSystem/HIV.C#DE105
",,,,"HIVC.ral",1,1,"",""
"HIVC.estimatedCreatinineClearance","HIVC.estimatedCreatinineClearance","","","",1,1,"","","","string {[]} {[]}
","Estimated creatinine clearance","Estimated creatinine clearance of the client returned from lab in mL/min","","","","","","","","","",,,,,"http://worldhealthorganization.github.io/smart-hiv/CodeSystem/HIV.C#DE106
",,,,"HIVC.estimatedCreatinineClearance",1,1,"",""
"HIVC.sexFactorForEstimatingCreatinineClearance","HIVC.sexFactorForEstimatingCreatinineClearance","","","",1,1,"","","","string {[]} {[]}
","Sex factor for estimating creatinine clearance","Value used for gender for calculating creatinine clearance if required. For transgender populations, the sex at birth is used in the Cockcroft-Gault equation if the person is not using hormone therapy; among transgender populations using hormone therapy for more than three months, the current gender can be used.","","","","","","","","","",,,,,"http://worldhealthorganization.github.io/smart-hiv/CodeSystem/HIV.C#DE107
",,,,"HIVC.sexFactorForEstimatingCreatinineClearance",1,1,"",""
"HIVC.male","HIVC.male","","","",1,1,"","","","string {[]} {[]}
","Male","Male client","","","","","","","","","",,,,,"http://worldhealthorganization.github.io/smart-hiv/CodeSystem/HIV.C#DE108
",,,,"HIVC.male",1,1,"",""
"HIVC.female","HIVC.female","","","",1,1,"","","","string {[]} {[]}
","Female","Female client","","","","","","","","","",,,,,"http://worldhealthorganization.github.io/smart-hiv/CodeSystem/HIV.C#DE109
",,,,"HIVC.female",1,1,"",""
"HIVC.estimatedCreatinineClearanceCQE","HIVC.estimatedCreatinineClearanceCQE","","","",1,1,"","","","string {[]} {[]}
","Estimated creatinine clearance (Cockcroft–Gault equation)","If the laboratory does not have the capacity to estimate creatinine clearance, the provider can use the Cockcroft–Gault equation to calculate estimated creatinine clearance based on measured serum creatinine, the client’s sex at birth, age and estimated lean body weight.","","","","","","","","","",,,,,"http://worldhealthorganization.github.io/smart-hiv/CodeSystem/HIV.C#DE110
",,,,"HIVC.estimatedCreatinineClearanceCQE",1,1,"",""
"HIVC.dateOfSampleCollection","HIVC.dateOfSampleCollection","","","",1,1,"","","","string {[]} {[]}
","Date of sample collection","Date when the specimen was collected","","","","","","","","","",,,,,"http://worldhealthorganization.github.io/smart-hiv/CodeSystem/HIV.C#DE111
",,,,"HIVC.dateOfSampleCollection",1,1,"",""
"HIVC.contraindicationsToPrepUsage","HIVC.contraindicationsToPrepUsage","","","",1,1,"","","","string {[]} {[]}
","Contraindications to PrEP usage","Listing of contraindications to pre-exposure prophylaxis (PrEP)","","","","","","","","","",,,,,"http://worldhealthorganization.github.io/smart-hiv/CodeSystem/HIV.C#DE112
",,,,"HIVC.contraindicationsToPrepUsage",1,1,"",""
"HIVC.tenofovirDisoproxilFumarateTdfAllergyOrContraindication","HIVC.tenofovirDisoproxilFumarateTdfAllergyOrContraindication","","","",1,1,"","","","string {[]} {[]}
","Tenofovir disoproxil fumarate (TDF) allergy or contraindication","Allergy to pre-exposure prophylaxis (PrEP) tenofovir disoproxil fumarate (TDF)","","","","","","","","","",,,,,"http://worldhealthorganization.github.io/smart-hiv/CodeSystem/HIV.C#DE113
",,,,"HIVC.tenofovirDisoproxilFumarateTdfAllergyOrContraindication",1,1,"",""
"HIVC.hivPositive","HIVC.hivPositive","","","",1,1,"","","","string {[]} {[]}
","HIV-positive","Client is HIV-positive","","","","","","","","","",,,,,"http://worldhealthorganization.github.io/smart-hiv/CodeSystem/HIV.C#DE114
",,,,"HIVC.hivPositive",1,1,"",""
"HIVC.lowEstimatedCreatinineClearance","HIVC.lowEstimatedCreatinineClearance","","","",1,1,"","","","string {[]} {[]}
","Low estimated creatinine clearance","Estimated creatinine clearance of less than 60 ml/min (if known)","","","","","","","","","",,,,,"http://worldhealthorganization.github.io/smart-hiv/CodeSystem/HIV.C#DE115
",,,,"HIVC.lowEstimatedCreatinineClearance",1,1,"",""
"HIVC.sAcuteHivInfectionSymptoms","HIVC.sAcuteHivInfectionSymptoms","","","",1,1,"","","","string {[]} {[]}
","Acute HIV infection symptoms","Symptoms that could suggest an acute HIV infection","","","","","","","","","",,,,,"http://worldhealthorganization.github.io/smart-hiv/CodeSystem/HIV.C#DE116
",,,,"HIVC.sAcuteHivInfectionSymptoms",1,1,"",""
"HIVC.probableRecentExposureToHiv","HIVC.probableRecentExposureToHiv","","","",1,1,"","","","string {[]} {[]}
","Probable recent exposure to HIV","When the client is reported to have had probable recent exposure to HIV","","","","","","","","","",,,,,"http://worldhealthorganization.github.io/smart-hiv/CodeSystem/HIV.C#DE117
",,,,"HIVC.probableRecentExposureToHiv",1,1,"",""
"HIVC.otherAllergyOrContraindicationPrepR","HIVC.otherAllergyOrContraindicationPrepR","","","",1,1,"","","","string {[]} {[]}
","Other allergy or contraindication to a medicine in the PrEP regimen","Client has another allergy or contraindication to a medicine in the pre-exposure prophylaxis (PrEP) regimen","","","","","","","","","",,,,,"http://worldhealthorganization.github.io/smart-hiv/CodeSystem/HIV.C#DE118
",,,,"HIVC.otherAllergyOrContraindicationPrepR",1,1,"",""
"HIVC.otherAllergyOrContraindicationPrepRSpecify","HIVC.otherAllergyOrContraindicationPrepRSpecify","","","",1,1,"","","","string {[]} {[]}
","Other allergy or contraindication to a medicine in the PrEP regimen (specify)","Client has another allergy or contraindication to a medicine in the pre-exposure prophylaxis (PrEP) regimen (specify)","","","","","","","","","",,,,,"http://worldhealthorganization.github.io/smart-hiv/CodeSystem/HIV.C#DE119
",,,,"HIVC.otherAllergyOrContraindicationPrepRSpecify",1,1,"",""
"HIVC.prescribedPrepAtInitialVisit","HIVC.prescribedPrepAtInitialVisit","","","",1,1,"","","","string {[]} {[]}
","Prescribed PrEP at initial visit","Client was prescribed pre-exposure prophylaxis (PrEP) on a first visit","","","","","","","","","",,,,,"http://worldhealthorganization.github.io/smart-hiv/CodeSystem/HIV.C#DE120
",,,,"HIVC.prescribedPrepAtInitialVisit",1,1,"",""
"HIVC.numberOfDaysPrescribed","HIVC.numberOfDaysPrescribed","","","",1,1,"","","","string {[]} {[]}
","Number of days prescribed","Days of medication client has been prescribed","","","","","","","","","",,,,,"http://worldhealthorganization.github.io/smart-hiv/CodeSystem/HIV.C#DE121
",,,,"HIVC.numberOfDaysPrescribed",1,1,"",""
"HIVC.prepRegimenPrescribed","HIVC.prepRegimenPrescribed","","","",1,1,"","","","string {[]} {[]}
","PrEP regimen prescribed","HIV pre-exposure prophylaxis (PrEP) regimen prescribed","","","","","","","","","",,,,,"http://worldhealthorganization.github.io/smart-hiv/CodeSystem/HIV.C#DE122
",,,,"HIVC.prepRegimenPrescribed",1,1,"",""
"HIVC.adherenceCounsellingProvided","HIVC.adherenceCounsellingProvided","","","",1,1,"","","","string {[]} {[]}
","Adherence counselling provided","Whether adherence counselling was provided","","","","","","","","","",,,,,"http://worldhealthorganization.github.io/smart-hiv/CodeSystem/HIV.C#DE123
",,,,"HIVC.adherenceCounsellingProvided",1,1,"",""
"HIVC.datetimeOfFollowUpAppointment","HIVC.datetimeOfFollowUpAppointment","","","",1,1,"","","","string {[]} {[]}
","Date/time of follow-up appointment","Date the client is to return for monitoring, re-supply, or any other reason","","","","","","","","","",,,,,"http://worldhealthorganization.github.io/smart-hiv/CodeSystem/HIV.C#DE124
",,,,"HIVC.datetimeOfFollowUpAppointment",1,1,"",""
"HIVC.typeOfFollowUpAppointment","HIVC.typeOfFollowUpAppointment","","","",1,1,"","","","string {[]} {[]}
","Type of follow-up appointment","Type of follow-up appointment for testing services","","","","","","","","","",,,,,"http://worldhealthorganization.github.io/smart-hiv/CodeSystem/HIV.C#DE125
",,,,"HIVC.typeOfFollowUpAppointment",1,1,"",""
"HIVC.retestingForHiv","HIVC.retestingForHiv","","","",1,1,"","","","string {[]} {[]}
","Retesting for HIV","Retesting follow-up appointment","","","","","","","","","",,,,,"http://worldhealthorganization.github.io/smart-hiv/CodeSystem/HIV.C#DE126
",,,,"HIVC.retestingForHiv",1,1,"",""
"HIVC.followUpAppointmentForPrep","HIVC.followUpAppointmentForPrep","","","",1,1,"","","","string {[]} {[]}
","Follow-up appointment for PrEP","Retesting follow-up appointment","","","","","","","","","",,,,,"http://worldhealthorganization.github.io/smart-hiv/CodeSystem/HIV.C#DE127
",,,,"HIVC.followUpAppointmentForPrep",1,1,"",""
"HIVC.fupOther","HIVC.fupOther","","","",1,1,"","","","string {[]} {[]}
","Other","Other reason for the follow-up appointment","","","","","","","","","",,,,,"http://worldhealthorganization.github.io/smart-hiv/CodeSystem/HIV.C#DE128
",,,,"HIVC.fupOther",1,1,"",""
"HIVC.fupOtherSpecify","HIVC.fupOtherSpecify","","","",1,1,"","","","string {[]} {[]}
","Other (specify)","Other reason for the follow-up appointment (specify)","","","","","","","","","",,,,,"http://worldhealthorganization.github.io/smart-hiv/CodeSystem/HIV.C#DE129
",,,,"HIVC.fupOtherSpecify",1,1,"",""
"HIVC.linkedToEnrolmentInCareAndArtInitiation","HIVC.linkedToEnrolmentInCareAndArtInitiation","","","",1,1,"","","","string {[]} {[]}
","Linked to enrolment in care and ART initiation","Linkage made from HIV testing to enrolment in care following an HIV diagnosis","","","","","","","","","",,,,,"http://worldhealthorganization.github.io/smart-hiv/CodeSystem/HIV.C#DE130
",,,,"HIVC.linkedToEnrolmentInCareAndArtInitiation",1,1,"",""
"HIVC.preventionServicesOfferedAndReferrals","HIVC.preventionServicesOfferedAndReferrals","","","",1,1,"","","","string {[]} {[]}
","Prevention services offered and referrals","Offer or refer to prevention services","","","","","","","","","",,,,,"http://worldhealthorganization.github.io/smart-hiv/CodeSystem/HIV.C#DE131
",,,,"HIVC.preventionServicesOfferedAndReferrals",1,1,"",""
"HIVC.maleAndFemaleCondomsAndCondomCompatibleLubricantsOffered","HIVC.maleAndFemaleCondomsAndCondomCompatibleLubricantsOffered","","","",1,1,"","","","string {[]} {[]}
","Male and female condoms and condom-compatible lubricants offered","Offer male and female condoms and condom-compatible lubricants","","","","","","","","","",,,,,"http://worldhealthorganization.github.io/smart-hiv/CodeSystem/HIV.C#DE132
",,,,"HIVC.maleAndFemaleCondomsAndCondomCompatibleLubricantsOffered",1,1,"",""
"HIVC.voluntaryMedicalMaleCircumcisionVmmcReferral","HIVC.voluntaryMedicalMaleCircumcisionVmmcReferral","","","",1,1,"","","","string {[]} {[]}
","Voluntary medical male circumcision (VMMC) referral","Offer referral for VMMC services","","","","","","","","","",,,,,"http://worldhealthorganization.github.io/smart-hiv/CodeSystem/HIV.C#DE133
",,,,"HIVC.voluntaryMedicalMaleCircumcisionVmmcReferral",1,1,"",""
"HIVC.harmReductionForPeopleWhoInjectDrugs","HIVC.harmReductionForPeopleWhoInjectDrugs","","","",1,1,"","","","string {[]} {[]}
","Harm reduction for people who inject drugs","Offer or refer to harm reduction for people who inject drugs (needle and syringe programmes, opioid substitution therapy, other drug-dependence treatment and opioid overdose prevention and management) services","","","","","","","","","",,,,,"http://worldhealthorganization.github.io/smart-hiv/CodeSystem/HIV.C#DE134
",,,,"HIVC.harmReductionForPeopleWhoInjectDrugs",1,1,"",""
"HIVC.behaviouralInterventionsToSupportRiskReduction","HIVC.behaviouralInterventionsToSupportRiskReduction","","","",1,1,"","","","string {[]} {[]}
","Behavioural interventions to support risk reduction","Offer or refer to services for behavioural interventions to support risk reduction, particularly for people with HIV and members of key populations","","","","","","","","","",,,,,"http://worldhealthorganization.github.io/smart-hiv/CodeSystem/HIV.C#DE135
",,,,"HIVC.behaviouralInterventionsToSupportRiskReduction",1,1,"",""
"HIVC.dateProvidedCondoms","HIVC.dateProvidedCondoms","","","",1,1,"","","","string {[]} {[]}
","Date provided condoms","Date client was provided with condoms","","","","","","","","","",,,,,"http://worldhealthorganization.github.io/smart-hiv/CodeSystem/HIV.C#DE136
",,,,"HIVC.dateProvidedCondoms",1,1,"",""
"HIVC.condomsDistributed","HIVC.condomsDistributed","","","",1,1,"","","","string {[]} {[]}
","Condoms distributed","Number of condoms given to the client, if any were distributed","","","","","","","","","",,,,,"http://worldhealthorganization.github.io/smart-hiv/CodeSystem/HIV.C#DE137
",,,,"HIVC.condomsDistributed",1,1,"",""
"HIVC.condomType","HIVC.condomType","","","",1,1,"","","","string {[]} {[]}
","Condom type","Type of condom provided to client","","","","","","","","","",,,,,"http://worldhealthorganization.github.io/smart-hiv/CodeSystem/HIV.C#DE138
",,,,"HIVC.condomType",1,1,"",""
"HIVC.maleCondom","HIVC.maleCondom","","","",1,1,"","","","string {[]} {[]}
","Male condom","Male condoms were provided to the client","","","","","","","","","",,,,,"http://worldhealthorganization.github.io/smart-hiv/CodeSystem/HIV.C#DE139
",,,,"HIVC.maleCondom",1,1,"",""
"HIVC.femaleCondom","HIVC.femaleCondom","","","",1,1,"","","","string {[]} {[]}
","Female condom","Female condoms were provided to the client","","","","","","","","","",,,,,"http://worldhealthorganization.github.io/smart-hiv/CodeSystem/HIV.C#DE140
",,,,"HIVC.femaleCondom",1,1,"",""
"HIVC.hivSelfTestKitsAccepted","HIVC.hivSelfTestKitsAccepted","","","",1,1,"","","","string {[]} {[]}
","HIV self-test kits accepted","Whether any HIV self-test kits were given to the client","","","","","","","","","",,,,,"http://worldhealthorganization.github.io/smart-hiv/CodeSystem/HIV.C#DE141
",,,,"HIVC.hivSelfTestKitsAccepted",1,1,"",""
"HIVC.numberOfHivSelfTestKitsDistributed","HIVC.numberOfHivSelfTestKitsDistributed","","","",1,1,"","","","string {[]} {[]}
","Number of HIV self-test kits distributed","Number of HIV self-test kits distributed to the client","","","","","","","","","",,,,,"http://worldhealthorganization.github.io/smart-hiv/CodeSystem/HIV.C#DE142
",,,,"HIVC.numberOfHivSelfTestKitsDistributed",1,1,"",""
"HIVC.hivSelfTestDistributedForUseBy","HIVC.hivSelfTestDistributedForUseBy","","","",1,1,"","","","string {[]} {[]}
","HIV self-test distributed for use by","Whom the client plans to give the HIV self-test kit (self, sexual partner, social contact, etc.)","","","","","","","","","",,,,,"http://worldhealthorganization.github.io/smart-hiv/CodeSystem/HIV.C#DE143
",,,,"HIVC.hivSelfTestDistributedForUseBy",1,1,"",""
"HIVC.self","HIVC.self","","","",1,1,"","","","string {[]} {[]}
","Self","Client plans to use the self-test kit","","","","","","","","","",,,,,"http://worldhealthorganization.github.io/smart-hiv/CodeSystem/HIV.C#DE144
",,,,"HIVC.self",1,1,"",""
"HIVC.familyMember","HIVC.familyMember","","","",1,1,"","","","string {[]} {[]}
","Family member","Client plans to give the self-test kit to a family member to use","","","","","","","","","",,,,,"http://worldhealthorganization.github.io/smart-hiv/CodeSystem/HIV.C#DE145
",,,,"HIVC.familyMember",1,1,"",""
"HIVC.drugInjectingPartner","HIVC.drugInjectingPartner","","","",1,1,"","","","string {[]} {[]}
","Drug-injecting partner","Client plans to give the self-test kit to a drug-injecting partner","","","","","","","","","",,,,,"http://worldhealthorganization.github.io/smart-hiv/CodeSystem/HIV.C#DE146
",,,,"HIVC.drugInjectingPartner",1,1,"",""
"HIVC.sexualPartner","HIVC.sexualPartner","","","",1,1,"","","","string {[]} {[]}
","Sexual partner","Client plans to give the self-test kit to a sexual partner","","","","","","","","","",,,,,"http://worldhealthorganization.github.io/smart-hiv/CodeSystem/HIV.C#DE147
",,,,"HIVC.sexualPartner",1,1,"",""
"HIVC.socialContact","HIVC.socialContact","","","",1,1,"","","","string {[]} {[]}
","Social contact","Client plans to give the self-test kit to a social contact","","","","","","","","","",,,,,"http://worldhealthorganization.github.io/smart-hiv/CodeSystem/HIV.C#DE148
",,,,"HIVC.socialContact",1,1,"",""
"HIVC.sexualAndReproductiveHealthIntegratedServices","HIVC.sexualAndReproductiveHealthIntegratedServices","","","",1,1,"","","","string {[]} {[]}
","Sexual and reproductive health integrated services","Offer or refer to sexual and reproductive health services","","","","","","","","","",,,,,"http://worldhealthorganization.github.io/smart-hiv/CodeSystem/HIV.C#DE149
",,,,"HIVC.sexualAndReproductiveHealthIntegratedServices",1,1,"",""
"HIVC.contraceptionAndFamilyPlanning","HIVC.contraceptionAndFamilyPlanning","","","",1,1,"","","","string {[]} {[]}
","Contraception and family planning","Offer contraception and family planning services","","","","","","","","","",,,,,"http://worldhealthorganization.github.io/smart-hiv/CodeSystem/HIV.C#DE150
",,,,"HIVC.contraceptionAndFamilyPlanning",1,1,"",""
"HIVC.checkPregnancyStatus","HIVC.checkPregnancyStatus","","","",1,1,"","","","string {[]} {[]}
","Check pregnancy status","Check womans pregnancy status","","","","","","","","","",,,,,"http://worldhealthorganization.github.io/smart-hiv/CodeSystem/HIV.C#DE151
",,,,"HIVC.checkPregnancyStatus",1,1,"",""
"HIVC.preventMotherToChildTransmission","HIVC.preventMotherToChildTransmission","","","",1,1,"","","","string {[]} {[]}
","Prevent mother-to-child transmission","Offer services (counselling) to help prevent of mother-to-child transmission","","","","","","","","","",,,,,"http://worldhealthorganization.github.io/smart-hiv/CodeSystem/HIV.C#DE152
",,,,"HIVC.preventMotherToChildTransmission",1,1,"",""
"HIVC.cervicalCancerScreeningAndTreatment","HIVC.cervicalCancerScreeningAndTreatment","","","",1,1,"","","","string {[]} {[]}
","Cervical cancer screening and treatment","Offer cervical cancer screening and treatment services","","","","","","","","","",,,,,"http://worldhealthorganization.github.io/smart-hiv/CodeSystem/HIV.C#DE153
",,,,"HIVC.cervicalCancerScreeningAndTreatment",1,1,"",""
"HIVC.analCancerScreeningForMenWhoHaveSexWithMen","HIVC.analCancerScreeningForMenWhoHaveSexWithMen","","","",1,1,"","","","string {[]} {[]}
","Anal cancer screening (for men who have sex with men)","Offer anal cancer screening (for men who have sex with men) services","","","","","","","","","",,,,,"http://worldhealthorganization.github.io/smart-hiv/CodeSystem/HIV.C#DE154
",,,,"HIVC.analCancerScreeningForMenWhoHaveSexWithMen",1,1,"",""
"HIVC.stiTestingAndTreatment","HIVC.stiTestingAndTreatment","","","",1,1,"","","","string {[]} {[]}
","STI testing and treatment","Offer STI testing and treatment services","","","","","","","","","",,,,,"http://worldhealthorganization.github.io/smart-hiv/CodeSystem/HIV.C#DE155
",,,,"HIVC.stiTestingAndTreatment",1,1,"",""
"HIVC.hivTestingForPartnersAndBiologicalChildren","HIVC.hivTestingForPartnersAndBiologicalChildren","","","",1,1,"","","","string {[]} {[]}
","HIV testing for partners and biological children","Offer testing for all partners and biological children of positive cases (includes partner services and index case testing), as well as partners and social contacts of people from key populations, where appropriate","","","","","","","","","",,,,,"http://worldhealthorganization.github.io/smart-hiv/CodeSystem/HIV.C#DE156
",,,,"HIVC.hivTestingForPartnersAndBiologicalChildren",1,1,"",""
"HIVC.offerOtherClinicalServices","HIVC.offerOtherClinicalServices","","","",1,1,"","","","string {[]} {[]}
","Offer other clinical services","Other clinical services offered or referrals given to the client","","","","","","","","","",,,,,"http://worldhealthorganization.github.io/smart-hiv/CodeSystem/HIV.C#DE157
",,,,"HIVC.offerOtherClinicalServices",1,1,"",""
"HIVC.assessmentAndProvisionOfVaccinations","HIVC.assessmentAndProvisionOfVaccinations","","","",1,1,"","","","string {[]} {[]}
","Assessment and provision of vaccinations","Assessment and provision of vaccinations, such as for people from key populations, pregnant women and infants; and, where appropriate, tetanus vaccination for adolescent boys and men receiving VMMC","","","","","","","","","",,,,,"http://worldhealthorganization.github.io/smart-hiv/CodeSystem/HIV.C#DE158
",,,,"HIVC.assessmentAndProvisionOfVaccinations",1,1,"",""
"HIVC.hepatitisBVirusHbvAndHepatitisCVirusHcvTT","HIVC.hepatitisBVirusHbvAndHepatitisCVirusHcvTT","","","",1,1,"","","","string {[]} {[]}
","Hepatitis B virus (HBV) and hepatitis C virus (HCV) testing and treatment","Offer or refer for HBV testing and vaccination and HCV testing and treatment","","","","","","","","","",,,,,"http://worldhealthorganization.github.io/smart-hiv/CodeSystem/HIV.C#DE159
",,,,"HIVC.hepatitisBVirusHbvAndHepatitisCVirusHcvTT",1,1,"",""
"HIVC.coTrimoxazoleChemoprophylaxis","HIVC.coTrimoxazoleChemoprophylaxis","","","",1,1,"","","","string {[]} {[]}
","Co-trimoxazole chemoprophylaxis to prevent pneumocystis carinii pneumonia","Offer or refer for co-trimoxazole chemoprophylaxis to prevent pneumocystis carinii pneumonia","","","","","","","","","",,,,,"http://worldhealthorganization.github.io/smart-hiv/CodeSystem/HIV.C#DE160
",,,,"HIVC.coTrimoxazoleChemoprophylaxis",1,1,"",""
"HIVC.intensifiedTbCaseFindingAndLinkageToTbTreatment","HIVC.intensifiedTbCaseFindingAndLinkageToTbTreatment","","","",1,1,"","","","string {[]} {[]}
","Intensified TB case finding and linkage to TB treatment","Offer or refer for TB case finding and linkage to TB treatment","","","","","","","","","",,,,,"http://worldhealthorganization.github.io/smart-hiv/CodeSystem/HIV.C#DE161
",,,,"HIVC.intensifiedTbCaseFindingAndLinkageToTbTreatment",1,1,"",""
"HIVC.provisionOfIsoniazidPreventiveTherapyIfPersonDoesNotHaveTb","HIVC.provisionOfIsoniazidPreventiveTherapyIfPersonDoesNotHaveTb","","","",1,1,"","","","string {[]} {[]}
","Provision of isoniazid preventive therapy if person does not have TB","Offer or refer for provision of isoniazid preventive therapy if person does not have TB","","","","","","","","","",,,,,"http://worldhealthorganization.github.io/smart-hiv/CodeSystem/HIV.C#DE162
",,,,"HIVC.provisionOfIsoniazidPreventiveTherapyIfPersonDoesNotHaveTb",1,1,"",""
"HIVC.malariaPreventionDependingOnEpidemiology","HIVC.malariaPreventionDependingOnEpidemiology","","","",1,1,"","","","string {[]} {[]}
","Malaria prevention (such as bed nets and prophylaxis), depending on epidemiology","Offer or refer for malaria prevention (such as bed nets and prophylaxis), depending on epidemiology","","","","","","","","","",,,,,"http://worldhealthorganization.github.io/smart-hiv/CodeSystem/HIV.C#DE163
",,,,"HIVC.malariaPreventionDependingOnEpidemiology",1,1,"",""
"HIVC.otherSupportServices","HIVC.otherSupportServices","","","",1,1,"","","","string {[]} {[]}
","Other support services","Offer or refer for other support services","","","","","","","","","",,,,,"http://worldhealthorganization.github.io/smart-hiv/CodeSystem/HIV.C#DE164
",,,,"HIVC.otherSupportServices",1,1,"",""
"HIVC.mentalHealthServices","HIVC.mentalHealthServices","","","",1,1,"","","","string {[]} {[]}
","Mental health services","Offer or refer for mental health services","","","","","","","","","",,,,,"http://worldhealthorganization.github.io/smart-hiv/CodeSystem/HIV.C#DE165
",,,,"HIVC.mentalHealthServices",1,1,"",""
"HIVC.psychosocialCounsellingSupportAndTreatmentAdherenceCounselling","HIVC.psychosocialCounsellingSupportAndTreatmentAdherenceCounselling","","","",1,1,"","","","string {[]} {[]}
","Psychosocial counselling, support and treatment adherence counselling","Offer or refer for psychosocial counselling, support and treatment adherence counselling","","","","","","","","","",,,,,"http://worldhealthorganization.github.io/smart-hiv/CodeSystem/HIV.C#DE166
",,,,"HIVC.psychosocialCounsellingSupportAndTreatmentAdherenceCounselling",1,1,"",""
"HIVC.supportForDisclosureAndPartnerServices","HIVC.supportForDisclosureAndPartnerServices","","","",1,1,"","","","string {[]} {[]}
","Support for disclosure and partner services","Offer or refer for support for disclosure and partner services","","","","","","","","","",,,,,"http://worldhealthorganization.github.io/smart-hiv/CodeSystem/HIV.C#DE167
",,,,"HIVC.supportForDisclosureAndPartnerServices",1,1,"",""
"HIVC.legalAndSocialServices","HIVC.legalAndSocialServices","","","",1,1,"","","","string {[]} {[]}
","Legal and social services","Offer or refer for legal and social services","","","","","","","","","",,,,,"http://worldhealthorganization.github.io/smart-hiv/CodeSystem/HIV.C#DE168
",,,,"HIVC.legalAndSocialServices",1,1,"",""
"HIVC.servicesForRespondingToViolenceAgainstWomen","HIVC.servicesForRespondingToViolenceAgainstWomen","","","",1,1,"","","","string {[]} {[]}
","Services for responding to violence against women","Offer or refer for services for responding to violence against women, including first-line support and psychosocial support, post-rape care and other support services including shelters, legal services and women and child protection services","","","","","","","","","",,,,,"http://worldhealthorganization.github.io/smart-hiv/CodeSystem/HIV.C#DE169
",,,,"HIVC.servicesForRespondingToViolenceAgainstWomen",1,1,"",""
