URL,Version,Status,OIDs,Name,Title,Descriptino,Uses,Used,Sources
http://fhir.org/guides/itech-uw/ValueSet/counselling-provided-on-diagnoses-codes,0.3.0,draft,,CounsellingprovidedondiagnosesCodes,Counselling provided on diagnoses Codes,"Codes representing possible values for the Counselling provided on diagnoses element",,
http://fhir.org/guides/itech-uw/ValueSet/demo-code-b,0.3.0,draft,,HIVburdenofthesettingCodes,HIV burden of the setting Codes,"Codes representing possible values for the HIV burden of the setting element",,"Internal"
http://fhir.org/guides/itech-uw/ValueSet/facility-or-service-type-reporting-codes,0.3.0,draft,,FacilityorservicetypereportingCodes,Facility or service type reporting Codes,"Codes representing possible values for the Facility or service type reporting element",,
http://fhir.org/guides/itech-uw/ValueSet/heterosexual-route-of-transmission-risk-factors-codes,0.3.0,draft,,HeterosexualrouteoftransmissionriskfactorsCodes,Heterosexual route of transmission risk factors Codes,"Codes representing possible values for the Heterosexual route of transmission risk factors element",,
http://fhir.org/guides/itech-uw/ValueSet/hiv-a-de19,0.3.0,draft,,GenderCodes,Gender Codes,"Codes representing possible values for the Gender element",,"Internal"
http://fhir.org/guides/itech-uw/ValueSet/hiv-a-de25,0.3.0,draft,,SexCodes,Sex Codes,"Codes representing possible values for the Sex element",,"Internal"
http://fhir.org/guides/itech-uw/ValueSet/hiv-a-de34,0.3.0,draft,,CommunicationpreferencesCodes,Communication preference(s) Codes,"Codes representing possible values for the Communication preference(s) element",,"Internal"
http://fhir.org/guides/itech-uw/ValueSet/hiv-a-de6,0.3.0,draft,,ReferredbyCodes,Referred by Codes,"Codes representing possible values for the Referred by element",,"Internal"
http://fhir.org/guides/itech-uw/ValueSet/hiv-b-de100,0.3.0,draft,,TestresultofHIVassay3Codes,Test result of HIV assay 3 Codes,"Codes representing possible values for the Test result of HIV assay 3 element",,"Internal"
http://fhir.org/guides/itech-uw/ValueSet/hiv-b-de103,0.3.0,draft,,TestresultofHIVassay1repeatedCodes,Test result of HIV assay 1 repeated Codes,"Codes representing possible values for the Test result of HIV assay 1 repeated element",,"Internal"
http://fhir.org/guides/itech-uw/ValueSet/hiv-b-de107,0.3.0,draft,,HIVtestresultCodes,HIV test result Codes,"Codes representing possible values for the HIV test result element",,"Internal"
http://fhir.org/guides/itech-uw/ValueSet/hiv-b-de111,0.3.0,draft,,HIVstatusCodes,HIV status Codes,"Codes representing possible values for the HIV status element",,"Internal"
http://fhir.org/guides/itech-uw/ValueSet/hiv-b-de115,0.3.0,draft,,HIVprobablerouteoftransmission*Codes,HIV probable route of transmission* Codes,"Codes representing possible values for the HIV probable route of transmission* element",,"Internal"
http://fhir.org/guides/itech-uw/ValueSet/hiv-b-de123,0.3.0,draft,,PartnerHIVtestresultCodes,Partner HIV test result Codes,"Codes representing possible values for the Partner HIV test result element",,"Internal"
http://fhir.org/guides/itech-uw/ValueSet/hiv-b-de127,0.3.0,draft,,PartnerHIVstatusconfirmedCodes,Partner HIV status (confirmed) Codes,"Codes representing possible values for the Partner HIV status (confirmed) element",,"Internal"
http://fhir.org/guides/itech-uw/ValueSet/hiv-b-de137,0.3.0,draft,,PreventionservicesofferedandreferralsCodes,Prevention services offered and referrals Codes,"Codes representing possible values for the Prevention services offered and referrals element",,"Internal"
http://fhir.org/guides/itech-uw/ValueSet/hiv-b-de144,0.3.0,draft,,SexualandreproductivehealthintegratedservicesCodes,Sexual and reproductive health integrated services Codes,"Codes representing possible values for the Sexual and reproductive health integrated services element",,"Internal"
http://fhir.org/guides/itech-uw/ValueSet/hiv-b-de15,0.3.0,draft,,TestingentrypointCodes,Testing entry point Codes,"Codes representing possible values for the Testing entry point element",,"Internal"
http://fhir.org/guides/itech-uw/ValueSet/hiv-b-de153,0.3.0,draft,,OfferotherclinicalservicesCodes,Offer other clinical services Codes,"Codes representing possible values for the Offer other clinical services element",,"Internal"
http://fhir.org/guides/itech-uw/ValueSet/hiv-b-de160,0.3.0,draft,,OthersupportservicesCodes,Other support services Codes,"Codes representing possible values for the Other support services element",,"Internal"
http://fhir.org/guides/itech-uw/ValueSet/hiv-b-de167,0.3.0,draft,,IntimatepartnerviolenceenquiryresultsCodes,Intimate partner violence enquiry results Codes,"Codes representing possible values for the Intimate partner violence enquiry results element",,"Internal"
http://fhir.org/guides/itech-uw/ValueSet/hiv-b-de178,0.3.0,draft,,TypeoffollowupappointmentCodes,Type of follow-up appointment Codes,"Codes representing possible values for the Type of follow-up appointment element",,"Internal"
http://fhir.org/guides/itech-uw/ValueSet/hiv-b-de18,0.3.0,draft,,EntrypointforcommunityleveltestingCodes,Entry point for community-level testing Codes,"Codes representing possible values for the Entry point for community-level testing element",,"Internal"
http://fhir.org/guides/itech-uw/ValueSet/hiv-b-de2,0.3.0,draft,,ReasonforHIVtestingservicesvisitCodes,Reason for HIV testing services visit Codes,"Codes representing possible values for the Reason for HIV testing services visit element",,"Internal"
http://fhir.org/guides/itech-uw/ValueSet/hiv-b-de22,0.3.0,draft,,EntrypointforfacilityleveltestingCodes,Entry point for facility-level testing Codes,"Codes representing possible values for the Entry point for facility-level testing element",,"Internal"
http://fhir.org/guides/itech-uw/ValueSet/hiv-b-de33,0.3.0,draft,,PartnerHIVstatusreportedCodes,Partner HIV status (reported) Codes,"Codes representing possible values for the Partner HIV status (reported) element",,"Internal"
http://fhir.org/guides/itech-uw/ValueSet/hiv-b-de37,0.3.0,draft,,Partnerisfromakeypopulation*Codes,Partner is from a key population* Codes,"Codes representing possible values for the Partner is from a key population* element",,"Internal"
http://fhir.org/guides/itech-uw/ValueSet/hiv-b-de49,0.3.0,draft,,Keypopulationmember*Codes,Key population member* Codes,"Codes representing possible values for the Key population member* element",,"Internal"
http://fhir.org/guides/itech-uw/ValueSet/hiv-b-de5,0.3.0,draft,,ReferredthroughpartnerservicesCodes,Referred through partner services Codes,"Codes representing possible values for the Referred through partner services element",,"Internal"
http://fhir.org/guides/itech-uw/ValueSet/hiv-b-de59,0.3.0,draft,,HIVexposuretypes*Codes,HIV exposure types* Codes,"Codes representing possible values for the HIV exposure types* element",,"Internal"
http://fhir.org/guides/itech-uw/ValueSet/hiv-b-de68,0.3.0,draft,,HIVserotypeCodes,HIV serotype Codes,"Codes representing possible values for the HIV serotype element",,"Internal"
http://fhir.org/guides/itech-uw/ValueSet/hiv-b-de74,0.3.0,draft,,TypeofcontactelicitedCodes,Type of contact elicited Codes,"Codes representing possible values for the Type of contact elicited element",,"Internal"
http://fhir.org/guides/itech-uw/ValueSet/hiv-b-de8,0.3.0,draft,,TypeofcontactorpartnerforpartnerservicesCodes,Type of contact or partner for partner services Codes,"Codes representing possible values for the Type of contact or partner for partner services element",,"Internal"
http://fhir.org/guides/itech-uw/ValueSet/hiv-b-de80,0.3.0,draft,,HIVtestconductedCodes,HIV test conducted Codes,"Codes representing possible values for the HIV test conducted element",,"Internal"
http://fhir.org/guides/itech-uw/ValueSet/hiv-b-de94,0.3.0,draft,,TestresultofHIVassay1Codes,Test result of HIV assay 1 Codes,"Codes representing possible values for the Test result of HIV assay 1 element",,"Internal"
http://fhir.org/guides/itech-uw/ValueSet/hiv-b-de97,0.3.0,draft,,TestresultofHIVassay2Codes,Test result of HIV assay 2 Codes,"Codes representing possible values for the Test result of HIV assay 2 element",,"Internal"
http://fhir.org/guides/itech-uw/ValueSet/hiv-c-de102,0.3.0,draft,,ReasonforPrEPregimensubstitutionCodes,Reason for PrEP regimen substitution Codes,"Codes representing possible values for the Reason for PrEP regimen substitution element",,"Internal"
http://fhir.org/guides/itech-uw/ValueSet/hiv-c-de12,0.3.0,draft,,PrEPdosingtypeCodes,PrEP dosing type Codes,"Codes representing possible values for the PrEP dosing type element",,"Internal"
http://fhir.org/guides/itech-uw/ValueSet/hiv-c-de126,0.3.0,draft,,HIVselftestdistributedforusebyCodes,HIV self-test distributed for use by Codes,"Codes representing possible values for the HIV self-test distributed for use by element",,"Internal"
http://fhir.org/guides/itech-uw/ValueSet/hiv-c-de15,0.3.0,draft,,OtherPrEPdosingtypespecifyCodes,Other PrEP dosing type (specify) Codes,"Codes representing possible values for the Other PrEP dosing type (specify) element",,"Internal"
http://fhir.org/guides/itech-uw/ValueSet/hiv-c-de17,0.3.0,draft,,CurrentPrEPregimenCodes,Current PrEP regimen Codes,"Codes representing possible values for the Current PrEP regimen element",,"Internal"
http://fhir.org/guides/itech-uw/ValueSet/hiv-c-de2,0.3.0,draft,,ReasonforPrEPvisitCodes,Reason for PrEP visit Codes,"Codes representing possible values for the Reason for PrEP visit element",,"Internal"
http://fhir.org/guides/itech-uw/ValueSet/hiv-c-de22,0.3.0,draft,,PrEPhistoryCodes,PrEP history Codes,"Codes representing possible values for the PrEP history element",,"Internal"
http://fhir.org/guides/itech-uw/ValueSet/hiv-c-de28,0.3.0,draft,,PEPhistoryCodes,PEP history Codes,"Codes representing possible values for the PEP history element",,"Internal"
http://fhir.org/guides/itech-uw/ValueSet/hiv-c-de32,0.3.0,draft,,SignsofsubstantialriskofHIVinfectionCodes,Signs of substantial risk of HIV infection Codes,"Codes representing possible values for the Signs of substantial risk of HIV infection element",,"Internal"
http://fhir.org/guides/itech-uw/ValueSet/hiv-c-de37,0.3.0,draft,,PregnancyintentionCodes,Pregnancy intention Codes,"Codes representing possible values for the Pregnancy intention element",,"Internal"
http://fhir.org/guides/itech-uw/ValueSet/hiv-c-de42,0.3.0,draft,,AcuteHIVinfectionsymptomsCodes,Acute HIV infection symptoms Codes,"Codes representing possible values for the Acute HIV infection symptoms element",,"Internal"
http://fhir.org/guides/itech-uw/ValueSet/hiv-c-de51,0.3.0,draft,,Sexpartner'sHIVtreatmentstatusCodes,Sex partner's HIV treatment status Codes,"Codes representing possible values for the Sex partner's HIV treatment status element",,"Internal"
http://fhir.org/guides/itech-uw/ValueSet/hiv-c-de59,0.3.0,draft,,ScreeningsanddiagnosticsforPrEPusersCodes,Screenings and diagnostics for PrEP users Codes,"Codes representing possible values for the Screenings and diagnostics for PrEP users element",,"Internal"
http://fhir.org/guides/itech-uw/ValueSet/hiv-c-de69,0.3.0,draft,,BackboneregimenforPEPforadultsandadolescentsCodes,Backbone regimen for PEP for adults and adolescents Codes,"Codes representing possible values for the Backbone regimen for PEP for adults and adolescents element",,"Internal"
http://fhir.org/guides/itech-uw/ValueSet/hiv-c-de72,0.3.0,draft,,ThirddrugforPEPinadultsandadolescentsCodes,Third-drug for PEP in adults and adolescents Codes,"Codes representing possible values for the Third-drug for PEP in adults and adolescents element",,"Internal"
http://fhir.org/guides/itech-uw/ValueSet/hiv-c-de78,0.3.0,draft,,BackboneregimenforPEPforchildrenCodes,Backbone regimen for PEP for children Codes,"Codes representing possible values for the Backbone regimen for PEP for children element",,"Internal"
http://fhir.org/guides/itech-uw/ValueSet/hiv-c-de90,0.3.0,draft,,SexfactorforestimatingcreatinineclearanceCodes,Sex factor for estimating creatinine clearance Codes,"Codes representing possible values for the Sex factor for estimating creatinine clearance element",,"Internal"
http://fhir.org/guides/itech-uw/ValueSet/hiv-c-de95,0.3.0,draft,,ContraindicationstoPrEPusageCodes,Contraindications to PrEP usage Codes,"Codes representing possible values for the Contraindications to PrEP usage element",,"Internal"
http://fhir.org/guides/itech-uw/ValueSet/hiv-d-de101,0.3.0,draft,,FirstlineARTregimenforadultsandadolescentsCodes,First-line ART regimen for adults and adolescents Codes,"Codes representing possible values for the First-line ART regimen for adults and adolescents element",,"Internal"
http://fhir.org/guides/itech-uw/ValueSet/hiv-d-de107,0.3.0,draft,,FirstlineARTregimenforchildrenCodes,First-line ART regimen for children Codes,"Codes representing possible values for the First-line ART regimen for children element",,"Internal"
http://fhir.org/guides/itech-uw/ValueSet/hiv-d-de113,0.3.0,draft,,FirstlineARTregimenforneonatesCodes,First-line ART regimen for neonates Codes,"Codes representing possible values for the First-line ART regimen for neonates element",,"Internal"
http://fhir.org/guides/itech-uw/ValueSet/hiv-d-de116,0.3.0,draft,,SecondlineARTregimenforadultsandadolescentsCodes,Second-line ART regimen for adults and adolescents Codes,"Codes representing possible values for the Second-line ART regimen for adults and adolescents element",,"Internal"
http://fhir.org/guides/itech-uw/ValueSet/hiv-d-de131,0.3.0,draft,,SecondlineARTregimensforchildrenCodes,Second-line ART regimens for children Codes,"Codes representing possible values for the Second-line ART regimens for children element",,"Internal"
http://fhir.org/guides/itech-uw/ValueSet/hiv-d-de145,0.3.0,draft,,ThirdlineARTregimenCodes,Third-line ART regimen Codes,"Codes representing possible values for the Third-line ART regimen element",,"Internal"
http://fhir.org/guides/itech-uw/ValueSet/hiv-d-de157,0.3.0,draft,,HIVclinicalstageCodes,HIV clinical stage Codes,"Codes representing possible values for the HIV clinical stage element",,"Internal"
http://fhir.org/guides/itech-uw/ValueSet/hiv-d-de16,0.3.0,draft,,SignsofseriousillnessCodes,Signs of serious illness Codes,"Codes representing possible values for the Signs of serious illness element",,"Internal"
http://fhir.org/guides/itech-uw/ValueSet/hiv-d-de165,0.3.0,draft,,ReasonsforadherenceproblemCodes,Reason(s) for adherence problem Codes,"Codes representing possible values for the Reason(s) for adherence problem element",,"Internal"
http://fhir.org/guides/itech-uw/ValueSet/hiv-d-de185,0.3.0,draft,,ReasonARTstoppedCodes,Reason ART stopped Codes,"Codes representing possible values for the Reason ART stopped element",,"Internal"
http://fhir.org/guides/itech-uw/ValueSet/hiv-d-de192,0.3.0,draft,,TreatmentfailureCodes,Treatment failure Codes,"Codes representing possible values for the Treatment failure element",,"Internal"
http://fhir.org/guides/itech-uw/ValueSet/hiv-d-de196,0.3.0,draft,,GeneralcareactivitiesrecommendedCodes,General care activities recommended Codes,"Codes representing possible values for the General care activities recommended element",,"Internal"
http://fhir.org/guides/itech-uw/ValueSet/hiv-d-de2,0.3.0,draft,,ReasonforHIVcareandtreatmentvisitCodes,Reason for HIV care and treatment visit Codes,"Codes representing possible values for the Reason for HIV care and treatment visit element",,"Internal"
http://fhir.org/guides/itech-uw/ValueSet/hiv-d-de214,0.3.0,draft,,PreventingandtreatingcoinfectionsCodes,Preventing and treating coinfections Codes,"Codes representing possible values for the Preventing and treating coinfections element",,"Internal"
http://fhir.org/guides/itech-uw/ValueSet/hiv-d-de226,0.3.0,draft,,ComorbiditiesandcoinfectionssignsandsymptomsCodes,Comorbidities and coinfections signs and symptoms Codes,"Codes representing possible values for the Comorbidities and coinfections signs and symptoms element",,"Internal"
http://fhir.org/guides/itech-uw/ValueSet/hiv-d-de253,0.3.0,draft,,WHOHIVclinicalstageconditionsandsymptomsCodes,WHO HIV clinical stage conditions and symptoms Codes,"Codes representing possible values for the WHO HIV clinical stage conditions and symptoms element",,"Internal"
http://fhir.org/guides/itech-uw/ValueSet/hiv-d-de320,0.3.0,draft,,ClinicalstageatstartofARTCodes,Clinical stage at start of ART Codes,"Codes representing possible values for the Clinical stage at start of ART element",,"Internal"
http://fhir.org/guides/itech-uw/ValueSet/hiv-d-de333,0.3.0,draft,,ReasonforHIVviralloadtestCodes,Reason for HIV viral load test Codes,"Codes representing possible values for the Reason for HIV viral load test element",,"Internal"
http://fhir.org/guides/itech-uw/ValueSet/hiv-d-de341,0.3.0,draft,,InvestigationsorderedCodes,Investigations ordered Codes,"Codes representing possible values for the Investigations ordered element",,"Internal"
http://fhir.org/guides/itech-uw/ValueSet/hiv-d-de353,0.3.0,draft,,HepatitisCtestresultCodes,Hepatitis C test result Codes,"Codes representing possible values for the Hepatitis C test result element",,"Internal"
http://fhir.org/guides/itech-uw/ValueSet/hiv-d-de357,0.3.0,draft,,HepatitisCdiagnosisCodes,Hepatitis C diagnosis Codes,"Codes representing possible values for the Hepatitis C diagnosis element",,"Internal"
http://fhir.org/guides/itech-uw/ValueSet/hiv-d-de360,0.3.0,draft,,SyphilisdiagnosisCodes,Syphilis diagnosis Codes,"Codes representing possible values for the Syphilis diagnosis element",,"Internal"
http://fhir.org/guides/itech-uw/ValueSet/hiv-d-de363,0.3.0,draft,,ReasonforARVdrugregimensubstitutionCodes,Reason for ARV drug regimen substitution Codes,"Codes representing possible values for the Reason for ARV drug regimen substitution element",,"Internal"
http://fhir.org/guides/itech-uw/ValueSet/hiv-d-de372,0.3.0,draft,,ReasonforregimenswitchCodes,Reason for regimen switch Codes,"Codes representing possible values for the Reason for regimen switch element",,"Internal"
http://fhir.org/guides/itech-uw/ValueSet/hiv-d-de386,0.3.0,draft,,CoinfectionstatusatARTstartCodes,Coinfection status at ART start Codes,"Codes representing possible values for the Coinfection status at ART start element",,"Internal"
http://fhir.org/guides/itech-uw/ValueSet/hiv-d-de389,0.3.0,draft,,PregnantandbreastfeedingstatusatARTstartCodes,Pregnant and breastfeeding status at ART start Codes,"Codes representing possible values for the Pregnant and breastfeeding status at ART start element",,"Internal"
http://fhir.org/guides/itech-uw/ValueSet/hiv-d-de405,0.3.0,draft,,TypeoftreatmentlimitingtoxicityorseriousdrugreactionCodes,Type of treatment-limiting toxicity or serious drug reaction Codes,"Codes representing possible values for the Type of treatment-limiting toxicity or serious drug reaction element",,"Internal"
http://fhir.org/guides/itech-uw/ValueSet/hiv-d-de41,0.3.0,draft,,ARTstarttypeCodes,ART start type Codes,"Codes representing possible values for the ART start type element",,"Internal"
http://fhir.org/guides/itech-uw/ValueSet/hiv-d-de461,0.3.0,draft,,ReasonbloodpressurereadingnotdoneCodes,Reason blood pressure reading not done Codes,"Codes representing possible values for the Reason blood pressure reading not done element",,"Internal"
http://fhir.org/guides/itech-uw/ValueSet/hiv-d-de465,0.3.0,draft,,CurrentmedicationsCodes,Current medications Codes,"Codes representing possible values for the Current medications element",,"Internal"
http://fhir.org/guides/itech-uw/ValueSet/hiv-d-de487,0.3.0,draft,,AllergiesCodes,Allergies Codes,"Codes representing possible values for the Allergies element",,"Internal"
http://fhir.org/guides/itech-uw/ValueSet/hiv-d-de495,0.3.0,draft,,FamilyplanningmethodusedCodes,Family planning method used Codes,"Codes representing possible values for the Family planning method used element",,"Internal"
http://fhir.org/guides/itech-uw/ValueSet/hiv-d-de519,0.3.0,draft,,MedicationstatusCodes,Medication status Codes,"Codes representing possible values for the Medication status element",,"Internal"
http://fhir.org/guides/itech-uw/ValueSet/hiv-d-de53,0.3.0,draft,,AntiretroviralARVdrugsreceivedpriortoenrolmentCodes,Antiretroviral (ARV) drugs received prior to enrolment Codes,"Codes representing possible values for the Antiretroviral (ARV) drugs received prior to enrolment element",,"Internal"
http://fhir.org/guides/itech-uw/ValueSet/hiv-d-de537,0.3.0,draft,,ReasonhepatitisBvaccinationnotprovidedCodes,Reason hepatitis B vaccination not provided Codes,"Codes representing possible values for the Reason hepatitis B vaccination not provided element",,"Internal"
http://fhir.org/guides/itech-uw/ValueSet/hiv-d-de554,0.3.0,draft,,ReasonTTvaccinationnotprovidedCodes,Reason TT vaccination not provided Codes,"Codes representing possible values for the Reason TT vaccination not provided element",,"Internal"
http://fhir.org/guides/itech-uw/ValueSet/hiv-d-de563,0.3.0,draft,,ReasonfluvaccinenotprovidedCodes,Reason flu vaccine not provided Codes,"Codes representing possible values for the Reason flu vaccine not provided element",,"Internal"
http://fhir.org/guides/itech-uw/ValueSet/hiv-d-de576,0.3.0,draft,,ReasonSARSCoV2vaccinenotprovidedCodes,Reason SARS-CoV-2  vaccine not provided Codes,"Codes representing possible values for the Reason SARS-CoV-2  vaccine not provided element",,"Internal"
http://fhir.org/guides/itech-uw/ValueSet/hiv-d-de62,0.3.0,draft,,ExistingchronichealthconditionsCodes,Existing chronic health conditions Codes,"Codes representing possible values for the Existing chronic health conditions element",,"Internal"
http://fhir.org/guides/itech-uw/ValueSet/hiv-d-de707,0.3.0,draft,,ReasonmalariaprophylaxisnotprovidedCodes,Reason malaria prophylaxis not provided Codes,"Codes representing possible values for the Reason malaria prophylaxis not provided element",,"SCT,Internal"
http://fhir.org/guides/itech-uw/ValueSet/hiv-d-de713,0.3.0,draft,,TBstatusCodes,TB status Codes,"Codes representing possible values for the TB status element",,"Internal"
http://fhir.org/guides/itech-uw/ValueSet/hiv-d-de717,0.3.0,draft,,TBhistoryCodes,TB history Codes,"Codes representing possible values for the TB history element",,"Internal"
http://fhir.org/guides/itech-uw/ValueSet/hiv-d-de72,0.3.0,draft,,NucleosidereversetranscriptaseinhibitorsNRTIsCodes,Nucleoside reverse transcriptase inhibitors (NRTIs) Codes,"Codes representing possible values for the Nucleoside reverse transcriptase inhibitors (NRTIs) element",,"Internal"
http://fhir.org/guides/itech-uw/ValueSet/hiv-d-de730,0.3.0,draft,,TBscreeningmethodCodes,TB screening method Codes,"Codes representing possible values for the TB screening method element",,"Internal"
http://fhir.org/guides/itech-uw/ValueSet/hiv-d-de737,0.3.0,draft,,SymptomsofTBCodes,Symptoms of TB Codes,"Codes representing possible values for the Symptoms of TB element",,"Internal"
http://fhir.org/guides/itech-uw/ValueSet/hiv-d-de751,0.3.0,draft,,TBscreeningresultCodes,TB screening result Codes,"Codes representing possible values for the TB screening result element",,"Internal"
http://fhir.org/guides/itech-uw/ValueSet/hiv-d-de759,0.3.0,draft,,TBdiagnostictestCodes,TB diagnostic test Codes,"Codes representing possible values for the TB diagnostic test element",,"Internal"
http://fhir.org/guides/itech-uw/ValueSet/hiv-d-de781,0.3.0,draft,,TBtreatmentregimenCodes,TB treatment regimen Codes,"Codes representing possible values for the TB treatment regimen element",,"Internal"
http://fhir.org/guides/itech-uw/ValueSet/hiv-d-de79,0.3.0,draft,,NucleotidereversetranscriptaseinhibitorsNtRTIsCodes,Nucleotide reverse-transcriptase inhibitors (NtRTIs) Codes,"Codes representing possible values for the Nucleotide reverse-transcriptase inhibitors (NtRTIs) element",,"Internal"
http://fhir.org/guides/itech-uw/ValueSet/hiv-d-de799,0.3.0,draft,,TBstatusatARTstartCodes,TB status at ART start Codes,"Codes representing possible values for the TB status at ART start element",,"Internal"
http://fhir.org/guides/itech-uw/ValueSet/hiv-d-de81,0.3.0,draft,,NonnucleosidereversetranscriptaseinhibitorsNNRTIsCodes,Non-nucleoside reverse transcriptase inhibitors (NNRTIs) Codes,"Codes representing possible values for the Non-nucleoside reverse transcriptase inhibitors (NNRTIs) element",,"Internal"
http://fhir.org/guides/itech-uw/ValueSet/hiv-d-de811,0.3.0,draft,,InfantTBstatusCodes,Infant TB status Codes,"Codes representing possible values for the Infant TB status element",,"Internal"
http://fhir.org/guides/itech-uw/ValueSet/hiv-d-de86,0.3.0,draft,,ProteaseinhibitorsPIsCodes,Protease inhibitors (PIs) Codes,"Codes representing possible values for the Protease inhibitors (PIs) element",,"Internal"
http://fhir.org/guides/itech-uw/ValueSet/hiv-d-de91,0.3.0,draft,,IntegrasestrandtransferinhibitorsINSTIsCodes,Integrase strand transfer inhibitors (INSTIs) Codes,"Codes representing possible values for the Integrase strand transfer inhibitors (INSTIs) element",,"Internal"
http://fhir.org/guides/itech-uw/ValueSet/hiv-d-de94,0.3.0,draft,,CurrentARTregimenfirstsecondorthirdlineCodes,Current ART regimen (first-, second-, or third-line) Codes,"Codes representing possible values for the Current ART regimen (first-, second-, or third-line) element",,"Internal"
http://fhir.org/guides/itech-uw/ValueSet/hiv-e-de11,0.3.0,draft,,PlaceofdeliveryfacilityorhomeCodes,Place of delivery (facility or home) Codes,"Codes representing possible values for the Place of delivery (facility or home) element",,"Internal"
http://fhir.org/guides/itech-uw/ValueSet/hiv-e-de110,0.3.0,draft,,EarlyinfantdiagnosisHIVtestresultfornucleicacidinfantdiagnosisassaysCodes,Early infant diagnosis HIV test result for nucleic acid infant diagnosis assays Codes,"Codes representing possible values for the Early infant diagnosis HIV test result for nucleic acid infant diagnosis assays element",,"Internal"
http://fhir.org/guides/itech-uw/ValueSet/hiv-e-de137,0.3.0,draft,,InfantHIVstatusCodes,Infant HIV status Codes,"Codes representing possible values for the Infant HIV status element",,"Internal"
http://fhir.org/guides/itech-uw/ValueSet/hiv-e-de142,0.3.0,draft,,FinaldiagnosisofHIVexposedinfantCodes,Final diagnosis of HIV-exposed infant Codes,"Codes representing possible values for the Final diagnosis of HIV-exposed infant element",,"Internal"
http://fhir.org/guides/itech-uw/ValueSet/hiv-e-de146,0.3.0,draft,,HIVexposedinfantreasonforunknownfinalstatusCodes,HIV-exposed infant reason for unknown final status Codes,"Codes representing possible values for the HIV-exposed infant reason for unknown final status element",,"Internal"
http://fhir.org/guides/itech-uw/ValueSet/hiv-e-de153,0.3.0,draft,,MedicationsprescribedCodes,Medications prescribed Codes,"Codes representing possible values for the Medications prescribed element",,"Internal"
http://fhir.org/guides/itech-uw/ValueSet/hiv-e-de155,0.3.0,draft,,RouteofadministrationCodes,Route of administration Codes,"Codes representing possible values for the Route of administration element",,"Internal"
http://fhir.org/guides/itech-uw/ValueSet/hiv-e-de2,0.3.0,draft,,ARTinitiationtimingforpregnantorpostpartumwomenCodes,ART initiation timing for pregnant or postpartum women Codes,"Codes representing possible values for the ART initiation timing for pregnant or postpartum women element",,"Internal"
http://fhir.org/guides/itech-uw/ValueSet/hiv-e-de35,0.3.0,draft,,GenderofinfantCodes,Gender of infant Codes,"Codes representing possible values for the Gender of infant element",,"Internal"
http://fhir.org/guides/itech-uw/ValueSet/hiv-e-de46,0.3.0,draft,,MaternalHIVtestresultCodes,Maternal HIV test result Codes,"Codes representing possible values for the Maternal HIV test result element",,"Internal"
http://fhir.org/guides/itech-uw/ValueSet/hiv-e-de50,0.3.0,draft,,InfantorchildexposuretoHIVCodes,Infant or child exposure to HIV Codes,"Codes representing possible values for the Infant or child exposure to HIV element",,"Internal"
http://fhir.org/guides/itech-uw/ValueSet/hiv-e-de55,0.3.0,draft,,MotherisfromakeypopulationCodes,Mother is from a key population Codes,"Codes representing possible values for the Mother is from a key population element",,"Internal"
http://fhir.org/guides/itech-uw/ValueSet/hiv-e-de62,0.3.0,draft,,ARVadherencecounsellingCodes,ARV adherence counselling Codes,"Codes representing possible values for the ARV adherence counselling element",,"Internal"
http://fhir.org/guides/itech-uw/ValueSet/hiv-e-de68,0.3.0,draft,,InfantfeedingpracticeCodes,Infant-feeding practice Codes,"Codes representing possible values for the Infant-feeding practice element",,"Internal"
http://fhir.org/guides/itech-uw/ValueSet/hiv-e-de77,0.3.0,draft,,MaternalHIVstatusCodes,Maternal HIV status Codes,"Codes representing possible values for the Maternal HIV status element",,"Internal"
http://fhir.org/guides/itech-uw/ValueSet/hiv-e-de81,0.3.0,draft,,MaternalsyphilistestresultCodes,Maternal syphilis test result Codes,"Codes representing possible values for the Maternal syphilis test result element",,"Internal"
http://fhir.org/guides/itech-uw/ValueSet/hiv-e-de92,0.3.0,draft,,InfantARVprophylaxisstartdateCodes,Infant ARV prophylaxis start date Codes,"Codes representing possible values for the Infant ARV prophylaxis start date element",,"Internal"
http://fhir.org/guides/itech-uw/ValueSet/hiv-e-de98,0.3.0,draft,,MaternalandchildhealthservicevisitCodes,Maternal and child health service visit Codes,"Codes representing possible values for the Maternal and child health service visit element",,"Internal"
http://fhir.org/guides/itech-uw/ValueSet/hiv-g-de13,0.3.0,draft,,HIVviralloadspecimentypeCodes,HIV viral load specimen type Codes,"Codes representing possible values for the HIV viral load specimen type element",,"Internal"
http://fhir.org/guides/itech-uw/ValueSet/hiv-g-de18,0.3.0,draft,,HepatitisBtesttypeCodes,Hepatitis B test type Codes,"Codes representing possible values for the Hepatitis B test type element",,"Internal"
http://fhir.org/guides/itech-uw/ValueSet/hiv-g-de22,0.3.0,draft,,ReasonHepatitisBtestnotconductedCodes,Reason Hepatitis B test not conducted Codes,"Codes representing possible values for the Reason Hepatitis B test not conducted element",,"Internal"
http://fhir.org/guides/itech-uw/ValueSet/hiv-g-de29,0.3.0,draft,,HepatitisBtestresultCodes,Hepatitis B test result Codes,"Codes representing possible values for the Hepatitis B test result element",,"Internal"
http://fhir.org/guides/itech-uw/ValueSet/hiv-g-de32,0.3.0,draft,,HepatitisBdiagnosisCodes,Hepatitis B diagnosis Codes,"Codes representing possible values for the Hepatitis B diagnosis element",,"Internal"
http://fhir.org/guides/itech-uw/ValueSet/hiv-g-de38,0.3.0,draft,,HepatitisCtesttypeCodes,Hepatitis C test type Codes,"Codes representing possible values for the Hepatitis C test type element",,"Internal"
http://fhir.org/guides/itech-uw/ValueSet/hiv-g-de44,0.3.0,draft,,ReasonHepatitisCtestnotdoneCodes,Reason Hepatitis C test not done Codes,"Codes representing possible values for the Reason Hepatitis C test not done element",,"Internal"
http://fhir.org/guides/itech-uw/ValueSet/hiv-g-de59,0.3.0,draft,,SyphilistesttypeCodes,Syphilis test type Codes,"Codes representing possible values for the Syphilis test type element",,"Internal"
http://fhir.org/guides/itech-uw/ValueSet/hiv-g-de63,0.3.0,draft,,ReasonsyphilistestnotdoneCodes,Reason syphilis test not done Codes,"Codes representing possible values for the Reason syphilis test not done element",,"Internal"
http://fhir.org/guides/itech-uw/ValueSet/hiv-g-de70,0.3.0,draft,,SyphilistestresultCodes,Syphilis test result Codes,"Codes representing possible values for the Syphilis test result element",,"Internal"
http://fhir.org/guides/itech-uw/ValueSet/hiv-h-de13,0.3.0,draft,,ContactmethodCodes,Contact method Codes,"Codes representing possible values for the Contact method element",,"Internal"
http://fhir.org/guides/itech-uw/ValueSet/hiv-h-de17,0.3.0,draft,,SourceofinformationCodes,Source of information Codes,"Codes representing possible values for the Source of information element",,"Internal"
http://fhir.org/guides/itech-uw/ValueSet/hiv-h-de2,0.3.0,draft,,ReasonforfollowupCodes,Reason for follow-up Codes,"Codes representing possible values for the Reason for follow-up element",,"Internal"
http://fhir.org/guides/itech-uw/ValueSet/hiv-h-de22,0.3.0,draft,,OutcomefromoutreachattemptCodes,Outcome from outreach attempt Codes,"Codes representing possible values for the Outcome from outreach attempt element",,"Internal"
http://fhir.org/guides/itech-uw/ValueSet/hiv-h-de33,0.3.0,draft,,HIVstatusofpartnerorcontactCodes,HIV status of partner or contact Codes,"Codes representing possible values for the HIV status of partner or contact element",,"Internal"
http://fhir.org/guides/itech-uw/ValueSet/hiv-h-de40,0.3.0,draft,,HIVtreatmentoutcomeCodes,HIV treatment outcome Codes,"Codes representing possible values for the HIV treatment outcome element",,"Internal"
http://fhir.org/guides/itech-uw/ValueSet/hiv-i-de3,0.3.0,draft,,ReasonforreferralCodes,Reason for referral Codes,"Codes representing possible values for the Reason for referral element",,"Internal"
http://fhir.org/guides/itech-uw/ValueSet/hiv-probable-route-of-transmission-codes,0.3.0,draft,,HIVprobablerouteoftransmissionCodes,HIV probable route of transmission Codes,"Codes representing possible values for the HIV probable route of transmission element",,
http://fhir.org/guides/itech-uw/ValueSet/hiv-self-test-distribution-site-type-codes,0.3.0,draft,,HIVselftestdistributionsitetypeCodes,HIV self-test distribution site type Codes,"Codes representing possible values for the HIV self-test distribution site type element",,
http://fhir.org/guides/itech-uw/ValueSet/hiv-self-test-kit-distribution-approach-codes,0.3.0,draft,,HIVselftestkitdistributionapproachCodes,HIV self-test kit distribution approach Codes,"Codes representing possible values for the HIV self-test kit distribution approach element",,
http://fhir.org/guides/itech-uw/ValueSet/medications-dispensed-codes,0.3.0,draft,,MedicationsdispensedCodes,Medications dispensed Codes,"Codes representing possible values for the Medications dispensed element",,
http://fhir.org/guides/itech-uw/ValueSet/source-of-gestational-age-codes,0.3.0,draft,,SourceofgestationalageCodes,Source of gestational age Codes,"Codes representing possible values for the Source of gestational age element",,
http://fhir.org/guides/itech-uw/ValueSet/timing-of-adverse-event-codes,0.3.0,draft,,TimingofadverseeventCodes,Timing of adverse event Codes,"Codes representing possible values for the Timing of adverse event element",,
http://fhir.org/guides/itech-uw/ValueSet/type-of-case-codes,0.3.0,draft,,TypeofcaseCodes,Type of case Codes,"Codes representing possible values for the Type of case element",,
