<?xml version="1.0" encoding="UTF-8"?><CodeSystem xmlns="http://hl7.org/fhir"><id value="HIV.Prevention"/><text><status value="generated"/><div xmlns="http://www.w3.org/1999/xhtml"><p>This case-insensitive code system <code>http://worldhealthorganization.github.io/smart-hiv/CodeSystem/HIV.Prevention</code> defines the following codes:</p><table class="codes"><tr><td style="white-space:nowrap"><b>Code</b></td><td><b>Display</b></td><td><b>Definition</b></td></tr><tr><td style="white-space:nowrap">DE1<a name="HIV.Prevention-DE1"> </a></td><td>At elevated risk for HIV acquisition</td><td>Client is at elevated risk for HIV acquisition, defined according to country/programme context</td></tr><tr><td style="white-space:nowrap">DE2<a name="HIV.Prevention-DE2"> </a></td><td>HIV prevention intervention</td><td>HIV prevention intervention that client accessed</td></tr><tr><td style="white-space:nowrap">DE3<a name="HIV.Prevention-DE3"> </a></td><td>PrEP service</td><td>Client accessed PrEP services</td></tr><tr><td style="white-space:nowrap">DE4<a name="HIV.Prevention-DE4"> </a></td><td>OAMT</td><td>Client accessed opioid agonist maintenance treatment (OAMT) services</td></tr><tr><td style="white-space:nowrap">DE5<a name="HIV.Prevention-DE5"> </a></td><td>NSP</td><td>Client accessed needle-syringe programme (NSP) services</td></tr><tr><td style="white-space:nowrap">DE6<a name="HIV.Prevention-DE6"> </a></td><td>STI services</td><td>Client accessed sexually transmitted infection (STI) services</td></tr><tr><td style="white-space:nowrap">DE7<a name="HIV.Prevention-DE7"> </a></td><td>VMMC</td><td>Client accessed voluntary medical male circumcision (VMMC) services</td></tr><tr><td style="white-space:nowrap">DE8<a name="HIV.Prevention-DE8"> </a></td><td>Other</td><td>Client accessed other HIV prevention services</td></tr><tr><td style="white-space:nowrap">DE9<a name="HIV.Prevention-DE9"> </a></td><td>Other (specify)</td><td>Client accessed other HIV prevention services (specify)</td></tr><tr><td style="white-space:nowrap">DE10<a name="HIV.Prevention-DE10"> </a></td><td>Date accessed HIV prevention intervention</td><td>Date the client accessed HIV prevention intervention</td></tr><tr><td style="white-space:nowrap">DE11<a name="HIV.Prevention-DE11"> </a></td><td>HIV status of contact</td><td>The HIV status of the client's contact</td></tr><tr><td style="white-space:nowrap">DE12<a name="HIV.Prevention-DE12"> </a></td><td>HIV-positive</td><td>Client's contact is HIV-positive</td></tr><tr><td style="white-space:nowrap">DE13<a name="HIV.Prevention-DE13"> </a></td><td>HIV-negative</td><td>Client's contact is HIV-negative</td></tr><tr><td style="white-space:nowrap">DE14<a name="HIV.Prevention-DE14"> </a></td><td>Unknown</td><td>Client does not know contact's HIV status</td></tr><tr><td style="white-space:nowrap">DE15<a name="HIV.Prevention-DE15"> </a></td><td>Date injecting equipment provided</td><td>Date client was provided with injecting equipment</td></tr><tr><td style="white-space:nowrap">DE16<a name="HIV.Prevention-DE16"> </a></td><td>Number of needles-syringes provided</td><td>Number of needles-syringes provided to client</td></tr><tr><td style="white-space:nowrap">DE17<a name="HIV.Prevention-DE17"> </a></td><td>Date OAMT initiated</td><td>Date client initiated opioid agonist maintenance treatment (OAMT)</td></tr><tr><td style="white-space:nowrap">DE18<a name="HIV.Prevention-DE18"> </a></td><td>Date OAMT dose received</td><td>Date client received opioid agonist maintenance treatment (OAMT) dose</td></tr><tr><td style="white-space:nowrap">DE19<a name="HIV.Prevention-DE19"> </a></td><td>Date OAMT take-away dose(s) dispensed</td><td>Date the client was dispensed opioid agonist maintenance treatment (OAMT) take-away dose(s)</td></tr><tr><td style="white-space:nowrap">DE20<a name="HIV.Prevention-DE20"> </a></td><td>Currently on OAMT</td><td>Client is currently on opioid agonist maintenance treatment (OAMT) at reporting date, defined according to country/program to account for medication dispensed and LTFU criterion</td></tr><tr><td style="white-space:nowrap">DE21<a name="HIV.Prevention-DE21"> </a></td><td>Retained on OAMT</td><td>Client is retained on opioid agonist maintenance treatment (OAMT) at reporting date, defined according to country/program to account for medication dispensed and LTFU criterion</td></tr><tr><td style="white-space:nowrap">DE22<a name="HIV.Prevention-DE22"> </a></td><td>Client being inducted on OAMT</td><td>Client is currently being inducted on opioid agonist maintenance treatment (OAMT), defined according to country/program</td></tr><tr><td style="white-space:nowrap">DE23<a name="HIV.Prevention-DE23"> </a></td><td>Client on reducing doses of OAMT</td><td>Client is current on reducing doses of opioid agonist maintenance treatment (OAMT), defined according to country/program</td></tr><tr><td style="white-space:nowrap">DE24<a name="HIV.Prevention-DE24"> </a></td><td>Date first maintenance dose received</td><td>First date on which client received maintenance dose</td></tr><tr><td style="white-space:nowrap">DE25<a name="HIV.Prevention-DE25"> </a></td><td>Date of loss to follow-up or OAMT stopped</td><td>Date of loss to follow-up or opioid agonist maintenance treatment (OAMT) stopped</td></tr><tr><td style="white-space:nowrap">DE26<a name="HIV.Prevention-DE26"> </a></td><td>Date medications dispensed</td><td>Date the client was dispensed medications</td></tr><tr><td style="white-space:nowrap">DE27<a name="HIV.Prevention-DE27"> </a></td><td>Date medications prescribed</td><td>Date the client was prescribed medications</td></tr><tr><td style="white-space:nowrap">DE28<a name="HIV.Prevention-DE28"> </a></td><td>Number of days prescribed</td><td>Days of medication client has been prescribed</td></tr></table></div></text><url value="http://worldhealthorganization.github.io/smart-hiv/CodeSystem/HIV.Prevention"/><version value="0.1.0"/><name value="HIV_Prevention"/><title value="HIV.Prevention  CodeSystem"/><status value="draft"/><experimental value="false"/><date value="2023-12-11T00:15:06+00:00"/><publisher value="WHO"/><contact><name value="WHO"/><telecom><system value="url"/><value value="http://who.int"/></telecom></contact><description value="CodeSystem for HIV.Prevention Data Elements"/><caseSensitive value="false"/><content value="complete"/><count value="28"/><concept><code value="DE1"/><display value="At elevated risk for HIV acquisition"/><definition value="Client is at elevated risk for HIV acquisition, defined according to country/programme context"/></concept><concept><code value="DE2"/><display value="HIV prevention intervention"/><definition value="HIV prevention intervention that client accessed"/></concept><concept><code value="DE3"/><display value="PrEP service"/><definition value="Client accessed PrEP services"/></concept><concept><code value="DE4"/><display value="OAMT"/><definition value="Client accessed opioid agonist maintenance treatment (OAMT) services"/></concept><concept><code value="DE5"/><display value="NSP"/><definition value="Client accessed needle-syringe programme (NSP) services"/></concept><concept><code value="DE6"/><display value="STI services"/><definition value="Client accessed sexually transmitted infection (STI) services"/></concept><concept><code value="DE7"/><display value="VMMC"/><definition value="Client accessed voluntary medical male circumcision (VMMC) services"/></concept><concept><code value="DE8"/><display value="Other"/><definition value="Client accessed other HIV prevention services"/></concept><concept><code value="DE9"/><display value="Other (specify)"/><definition value="Client accessed other HIV prevention services (specify)"/></concept><concept><code value="DE10"/><display value="Date accessed HIV prevention intervention"/><definition value="Date the client accessed HIV prevention intervention"/></concept><concept><code value="DE11"/><display value="HIV status of contact"/><definition value="The HIV status of the client's contact"/></concept><concept><code value="DE12"/><display value="HIV-positive"/><definition value="Client's contact is HIV-positive"/></concept><concept><code value="DE13"/><display value="HIV-negative"/><definition value="Client's contact is HIV-negative"/></concept><concept><code value="DE14"/><display value="Unknown"/><definition value="Client does not know contact's HIV status"/></concept><concept><code value="DE15"/><display value="Date injecting equipment provided"/><definition value="Date client was provided with injecting equipment"/></concept><concept><code value="DE16"/><display value="Number of needles-syringes provided"/><definition value="Number of needles-syringes provided to client"/></concept><concept><code value="DE17"/><display value="Date OAMT initiated"/><definition value="Date client initiated opioid agonist maintenance treatment (OAMT)"/></concept><concept><code value="DE18"/><display value="Date OAMT dose received"/><definition value="Date client received opioid agonist maintenance treatment (OAMT) dose"/></concept><concept><code value="DE19"/><display value="Date OAMT take-away dose(s) dispensed"/><definition value="Date the client was dispensed opioid agonist maintenance treatment (OAMT) take-away dose(s)"/></concept><concept><code value="DE20"/><display value="Currently on OAMT"/><definition value="Client is currently on opioid agonist maintenance treatment (OAMT) at reporting date, defined according to country/program to account for medication dispensed and LTFU criterion"/></concept><concept><code value="DE21"/><display value="Retained on OAMT"/><definition value="Client is retained on opioid agonist maintenance treatment (OAMT) at reporting date, defined according to country/program to account for medication dispensed and LTFU criterion"/></concept><concept><code value="DE22"/><display value="Client being inducted on OAMT"/><definition value="Client is currently being inducted on opioid agonist maintenance treatment (OAMT), defined according to country/program"/></concept><concept><code value="DE23"/><display value="Client on reducing doses of OAMT"/><definition value="Client is current on reducing doses of opioid agonist maintenance treatment (OAMT), defined according to country/program"/></concept><concept><code value="DE24"/><display value="Date first maintenance dose received"/><definition value="First date on which client received maintenance dose"/></concept><concept><code value="DE25"/><display value="Date of loss to follow-up or OAMT stopped"/><definition value="Date of loss to follow-up or opioid agonist maintenance treatment (OAMT) stopped"/></concept><concept><code value="DE26"/><display value="Date medications dispensed"/><definition value="Date the client was dispensed medications"/></concept><concept><code value="DE27"/><display value="Date medications prescribed"/><definition value="Date the client was prescribed medications"/></concept><concept><code value="DE28"/><display value="Number of days prescribed"/><definition value="Days of medication client has been prescribed"/></concept></CodeSystem>