{"resourceType":"ConceptMap","id":"HIVGDiagnostics","text":{"status":"extensions","div":"<div xmlns=\"http://www.w3.org/1999/xhtml\"><p>Mapping from (not specified) to (not specified)</p><p>ACTIVE. Published on 2023-12-09 by WHO (WHO: <a href=\"http://who.int\">http://who.int</a>). </p><div><p>Mapping to and from HIV.G Diagnostics Data Dictionary to other codesystems.</p>\n</div><br/><p><b>Group 1</b>Mapping from <a href=\"CodeSystem-HIV.G.html\">HIV.G Diagnostics  CodeSystem</a> to <a href=\"http://terminology.hl7.org/5.3.0/CodeSystem-ICD11MMS.html\">International Classification of Diseases, 11th Revision Mortality and Morbidity Statistics (MMS)</a></p><table class=\"grid\"><tr><td><b>Source Code</b></td><td><b>Relationship</b></td><td><b>Target Code</b></td></tr><tr><td>DE19 (Positive)</td><td><a href=\"http://hl7.org/fhir/R4B/codesystem-concept-map-equivalence.html#null\"/></td><td>1E51.0Z</td></tr><tr><td>DE20 (Negative)</td><td><a href=\"http://hl7.org/fhir/R4B/codesystem-concept-map-equivalence.html#null\"/></td><td>QA02.Y</td></tr><tr><td>DE23 (Test delayed to next contact or referred)</td><td><a href=\"http://hl7.org/fhir/R4B/codesystem-concept-map-equivalence.html#null\"/></td><td>QC1Y</td></tr><tr><td>DE24 (Stock-out or expired)</td><td><a href=\"http://hl7.org/fhir/R4B/codesystem-concept-map-equivalence.html#null\"/></td><td>QB14</td></tr><tr><td>DE25 (Machine or technician not available or machine not functioning)</td><td><a href=\"http://hl7.org/fhir/R4B/codesystem-concept-map-equivalence.html#null\"/></td><td>QB14</td></tr><tr><td>DE26 (Client declined / refused test)</td><td><a href=\"http://hl7.org/fhir/R4B/codesystem-concept-map-equivalence.html#null\"/></td><td>QC12</td></tr><tr><td>DE30 (Hepatitis B positive)</td><td><a href=\"http://hl7.org/fhir/R4B/codesystem-concept-map-equivalence.html#null\"/></td><td>1E51.0Z</td></tr><tr><td>DE31 (Hepatitis B negative)</td><td><a href=\"http://hl7.org/fhir/R4B/codesystem-concept-map-equivalence.html#null\"/></td><td>QA02.Y</td></tr><tr><td>DE34 (Hepatitis C test conducted)</td><td><a href=\"http://hl7.org/fhir/R4B/codesystem-concept-map-equivalence.html#null\"/></td><td>QA08.5</td></tr><tr><td>DE36 (Test delayed to next contact or referred)</td><td><a href=\"http://hl7.org/fhir/R4B/codesystem-concept-map-equivalence.html#null\"/></td><td>QC1Y</td></tr><tr><td>DE37 (Stock-out or expired)</td><td><a href=\"http://hl7.org/fhir/R4B/codesystem-concept-map-equivalence.html#null\"/></td><td>QB14</td></tr><tr><td>DE38 (Machine or technician not available or machine not functioning)</td><td><a href=\"http://hl7.org/fhir/R4B/codesystem-concept-map-equivalence.html#null\"/></td><td>QB14</td></tr><tr><td>DE39 (Client declined / refused test)</td><td><a href=\"http://hl7.org/fhir/R4B/codesystem-concept-map-equivalence.html#null\"/></td><td>QC12</td></tr><tr><td>DE44 (Positive)</td><td><a href=\"http://hl7.org/fhir/R4B/codesystem-concept-map-equivalence.html#null\"/></td><td>1E51.1</td></tr><tr><td>DE45 (Negative)</td><td><a href=\"http://hl7.org/fhir/R4B/codesystem-concept-map-equivalence.html#null\"/></td><td>QA02.Y</td></tr><tr><td>DE49 (Detected)</td><td><a href=\"http://hl7.org/fhir/R4B/codesystem-concept-map-equivalence.html#null\"/></td><td>1E51.1</td></tr><tr><td>DE50 (Not detected)</td><td><a href=\"http://hl7.org/fhir/R4B/codesystem-concept-map-equivalence.html#null\"/></td><td>QA02.Y</td></tr><tr><td>DE52 (Hepatitis C positive)</td><td><a href=\"http://hl7.org/fhir/R4B/codesystem-concept-map-equivalence.html#null\"/></td><td>1E51.1</td></tr><tr><td>DE53 (Hepatitis C negative)</td><td><a href=\"http://hl7.org/fhir/R4B/codesystem-concept-map-equivalence.html#null\"/></td><td>QA02.Y</td></tr><tr><td>DE63 (Test delayed to next contact or referred)</td><td><a href=\"http://hl7.org/fhir/R4B/codesystem-concept-map-equivalence.html#null\"/></td><td>QC1Y</td></tr><tr><td>DE64 (Stock-out or expired)</td><td><a href=\"http://hl7.org/fhir/R4B/codesystem-concept-map-equivalence.html#null\"/></td><td>QB14</td></tr><tr><td>DE65 (Machine or technician not available or machine not functioning)</td><td><a href=\"http://hl7.org/fhir/R4B/codesystem-concept-map-equivalence.html#null\"/></td><td>QB14</td></tr><tr><td>DE66 (Client declined / refused test)</td><td><a href=\"http://hl7.org/fhir/R4B/codesystem-concept-map-equivalence.html#null\"/></td><td>QC12</td></tr><tr><td>DE71 (Positive)</td><td><a href=\"http://hl7.org/fhir/R4B/codesystem-concept-map-equivalence.html#null\"/></td><td>1A6Z</td></tr><tr><td>DE72 (Negative)</td><td><a href=\"http://hl7.org/fhir/R4B/codesystem-concept-map-equivalence.html#null\"/></td><td>QA02.Y</td></tr><tr><td>DE75 (Syphilis positive)</td><td><a href=\"http://hl7.org/fhir/R4B/codesystem-concept-map-equivalence.html#null\"/></td><td>1A6Z</td></tr><tr><td>DE76 (Syphilis negative)</td><td><a href=\"http://hl7.org/fhir/R4B/codesystem-concept-map-equivalence.html#null\"/></td><td>QA02.Y</td></tr></table><hr/><p><b>Group 2</b>Mapping from <a href=\"CodeSystem-HIV.G.html\">HIV.G Diagnostics  CodeSystem</a> to <a href=\"http://terminology.hl7.org/5.3.0/CodeSystem-icd10.html\">ICD-10</a></p><table class=\"grid\"><tr><td><b>Source Code</b></td><td><b>Relationship</b></td><td><b>Target Code</b></td></tr><tr><td>DE19 (Positive)</td><td><a href=\"http://hl7.org/fhir/R4B/codesystem-concept-map-equivalence.html#null\"/></td><td>B18.1 (Chronic viral hepatitis B without delta-agent)</td></tr><tr><td>DE20 (Negative)</td><td><a href=\"http://hl7.org/fhir/R4B/codesystem-concept-map-equivalence.html#null\"/></td><td>Z03.8 (Observation for other suspected diseases and conditions)</td></tr><tr><td>DE23 (Test delayed to next contact or referred)</td><td><a href=\"http://hl7.org/fhir/R4B/codesystem-concept-map-equivalence.html#null\"/></td><td>Z53.8 (Procedure not carried out for other reasons)</td></tr><tr><td>DE24 (Stock-out or expired)</td><td><a href=\"http://hl7.org/fhir/R4B/codesystem-concept-map-equivalence.html#null\"/></td><td>Z75.3 (Unavailability and inaccessibility of health-care facilities)</td></tr><tr><td>DE25 (Machine or technician not available or machine not functioning)</td><td><a href=\"http://hl7.org/fhir/R4B/codesystem-concept-map-equivalence.html#null\"/></td><td>Z75.3 (Unavailability and inaccessibility of health-care facilities)</td></tr><tr><td>DE26 (Client declined / refused test)</td><td><a href=\"http://hl7.org/fhir/R4B/codesystem-concept-map-equivalence.html#null\"/></td><td>Z53.2 (Procedure not carried out because of patient's decision for other and unspecified reasons)</td></tr><tr><td>DE30 (Hepatitis B positive)</td><td><a href=\"http://hl7.org/fhir/R4B/codesystem-concept-map-equivalence.html#null\"/></td><td>B18.1 (Chronic viral hepatitis B without delta-agent)</td></tr><tr><td>DE31 (Hepatitis B negative)</td><td><a href=\"http://hl7.org/fhir/R4B/codesystem-concept-map-equivalence.html#null\"/></td><td>Z03.8 (Observation for other suspected diseases and conditions)</td></tr><tr><td>DE34 (Hepatitis C test conducted)</td><td><a href=\"http://hl7.org/fhir/R4B/codesystem-concept-map-equivalence.html#null\"/></td><td>Z11.5 (Special screening examination for other viral diseases)</td></tr><tr><td>DE36 (Test delayed to next contact or referred)</td><td><a href=\"http://hl7.org/fhir/R4B/codesystem-concept-map-equivalence.html#null\"/></td><td>Z53.8 (Procedure not carried out for other reasons)</td></tr><tr><td>DE37 (Stock-out or expired)</td><td><a href=\"http://hl7.org/fhir/R4B/codesystem-concept-map-equivalence.html#null\"/></td><td>Z75.3 (Unavailability and inaccessibility of health-care facilities)</td></tr><tr><td>DE38 (Machine or technician not available or machine not functioning)</td><td><a href=\"http://hl7.org/fhir/R4B/codesystem-concept-map-equivalence.html#null\"/></td><td>Z75.3 (Unavailability and inaccessibility of health-care facilities)</td></tr><tr><td>DE39 (Client declined / refused test)</td><td><a href=\"http://hl7.org/fhir/R4B/codesystem-concept-map-equivalence.html#null\"/></td><td>Z53.2 (Procedure not carried out because of patient's decision for other and unspecified reasons)</td></tr><tr><td>DE44 (Positive)</td><td><a href=\"http://hl7.org/fhir/R4B/codesystem-concept-map-equivalence.html#null\"/></td><td>B18.2 (Chronic viral hepatitis C)</td></tr><tr><td>DE45 (Negative)</td><td><a href=\"http://hl7.org/fhir/R4B/codesystem-concept-map-equivalence.html#null\"/></td><td>Z03.8 (Observation for other suspected diseases and conditions)</td></tr><tr><td>DE49 (Detected)</td><td><a href=\"http://hl7.org/fhir/R4B/codesystem-concept-map-equivalence.html#null\"/></td><td>B18.2 (Chronic viral hepatitis C)</td></tr><tr><td>DE50 (Not detected)</td><td><a href=\"http://hl7.org/fhir/R4B/codesystem-concept-map-equivalence.html#null\"/></td><td>Z03.8 (Observation for other suspected diseases and conditions)</td></tr><tr><td>DE52 (Hepatitis C positive)</td><td><a href=\"http://hl7.org/fhir/R4B/codesystem-concept-map-equivalence.html#null\"/></td><td>B18.2 (Chronic viral hepatitis C)</td></tr><tr><td>DE53 (Hepatitis C negative)</td><td><a href=\"http://hl7.org/fhir/R4B/codesystem-concept-map-equivalence.html#null\"/></td><td>Z03.8 (Observation for other suspected diseases and conditions)</td></tr><tr><td>DE63 (Test delayed to next contact or referred)</td><td><a href=\"http://hl7.org/fhir/R4B/codesystem-concept-map-equivalence.html#null\"/></td><td>Z53.8 (Procedure not carried out for other reasons)</td></tr><tr><td>DE64 (Stock-out or expired)</td><td><a href=\"http://hl7.org/fhir/R4B/codesystem-concept-map-equivalence.html#null\"/></td><td>Z75.3 (Unavailability and inaccessibility of health-care facilities)</td></tr><tr><td>DE65 (Machine or technician not available or machine not functioning)</td><td><a href=\"http://hl7.org/fhir/R4B/codesystem-concept-map-equivalence.html#null\"/></td><td>Z75.3 (Unavailability and inaccessibility of health-care facilities)</td></tr><tr><td>DE66 (Client declined / refused test)</td><td><a href=\"http://hl7.org/fhir/R4B/codesystem-concept-map-equivalence.html#null\"/></td><td>Z53.2 (Procedure not carried out because of patient's decision for other and unspecified reasons)</td></tr><tr><td>DE71 (Positive)</td><td><a href=\"http://hl7.org/fhir/R4B/codesystem-concept-map-equivalence.html#null\"/></td><td>A53.9 (Syphilis, unspecified)</td></tr><tr><td>DE72 (Negative)</td><td><a href=\"http://hl7.org/fhir/R4B/codesystem-concept-map-equivalence.html#null\"/></td><td>Z03.8 (Observation for other suspected diseases and conditions)</td></tr><tr><td>DE75 (Syphilis positive)</td><td><a href=\"http://hl7.org/fhir/R4B/codesystem-concept-map-equivalence.html#null\"/></td><td>A53.9 (Syphilis, unspecified)</td></tr><tr><td>DE76 (Syphilis negative)</td><td><a href=\"http://hl7.org/fhir/R4B/codesystem-concept-map-equivalence.html#null\"/></td><td>Z03.8 (Observation for other suspected diseases and conditions)</td></tr></table><hr/><p><b>Group 3</b>Mapping from <a href=\"CodeSystem-HIV.G.html\">HIV.G Diagnostics  CodeSystem</a> to <a href=\"http://terminology.hl7.org/5.3.0/CodeSystem-v3-loinc.html\">Logical Observation Identifiers, Names and Codes (LOINC)</a></p><table class=\"grid\"><tr><td><b>Source Code</b></td><td><b>Relationship</b></td><td><b>Target Code</b></td></tr><tr><td>DE1 (CD4 count)</td><td><a href=\"http://hl7.org/fhir/R4B/codesystem-concept-map-equivalence.html#null\"/></td><td>80223-1 (CD4 cells/100 lymphocytes in Specimen)</td></tr><tr><td>DE2 (CD4 cell percentage)</td><td><a href=\"http://hl7.org/fhir/R4B/codesystem-concept-map-equivalence.html#null\"/></td><td>80223-1 (CD4 cells/100 lymphocytes in Specimen)</td></tr><tr><td>DE3 (Baseline CD4 count)</td><td><a href=\"http://hl7.org/fhir/R4B/codesystem-concept-map-equivalence.html#null\"/></td><td>80223-1 (CD4 cells/100 lymphocytes in Specimen)</td></tr><tr><td>DE4 (Date of baseline CD4 count sample collection)</td><td><a href=\"http://hl7.org/fhir/R4B/codesystem-concept-map-equivalence.html#null\"/></td><td>33882-2 (Collection date of Specimen)</td></tr><tr><td>DE6 (Date of CD4 sample collection)</td><td><a href=\"http://hl7.org/fhir/R4B/codesystem-concept-map-equivalence.html#null\"/></td><td>33882-2 (Collection date of Specimen)</td></tr><tr><td>DE8 (Date of viral load sample collection)</td><td><a href=\"http://hl7.org/fhir/R4B/codesystem-concept-map-equivalence.html#null\"/></td><td>33882-2 (Collection date of Specimen)</td></tr><tr><td>DE9 (Date of first viral load sample collection)</td><td><a href=\"http://hl7.org/fhir/R4B/codesystem-concept-map-equivalence.html#null\"/></td><td>33882-2 (Collection date of Specimen)</td></tr><tr><td>DE10 (Date viral load sample sent)</td><td><a href=\"http://hl7.org/fhir/R4B/codesystem-concept-map-equivalence.html#null\"/></td><td>89264-6 (Date specimen was sent to public health laboratory)</td></tr><tr><td>DE11 (First viral load test result)</td><td><a href=\"http://hl7.org/fhir/R4B/codesystem-concept-map-equivalence.html#null\"/></td><td>23876-6 (HIV 1 RNA [Units/volume] (viral load) in Plasma by Probe with signal amplification)</td></tr><tr><td>DE12 (Viral load test result)</td><td><a href=\"http://hl7.org/fhir/R4B/codesystem-concept-map-equivalence.html#null\"/></td><td>23876-6 (HIV 1 RNA [Units/volume] (viral load) in Plasma by Probe with signal amplification)</td></tr><tr><td>DE17 (HBsAg test date)</td><td><a href=\"http://hl7.org/fhir/R4B/codesystem-concept-map-equivalence.html#null\"/></td><td>33882-2 (Collection date of Specimen)</td></tr><tr><td>DE19 (Positive)</td><td><a href=\"http://hl7.org/fhir/R4B/codesystem-concept-map-equivalence.html#null\"/></td><td>55275-2 (Hepatitis B virus status)</td></tr><tr><td>DE26 (Client declined / refused test)</td><td><a href=\"http://hl7.org/fhir/R4B/codesystem-concept-map-equivalence.html#null\"/></td><td>95044-4 (Patient refused specimen collection)</td></tr><tr><td>DE30 (Hepatitis B positive)</td><td><a href=\"http://hl7.org/fhir/R4B/codesystem-concept-map-equivalence.html#null\"/></td><td>55275-2 (Hepatitis B virus status)</td></tr><tr><td>DE32 (Hepatitis C screening date)</td><td><a href=\"http://hl7.org/fhir/R4B/codesystem-concept-map-equivalence.html#null\"/></td><td>33882-2 (Collection date of Specimen)</td></tr><tr><td>DE39 (Client declined / refused test)</td><td><a href=\"http://hl7.org/fhir/R4B/codesystem-concept-map-equivalence.html#null\"/></td><td>95044-4 (Patient refused specimen collection)</td></tr><tr><td>DE44 (Positive)</td><td><a href=\"http://hl7.org/fhir/R4B/codesystem-concept-map-equivalence.html#null\"/></td><td>55276-0 (Hepatitis C virus status)</td></tr><tr><td>DE47 (HCV viral load test date)</td><td><a href=\"http://hl7.org/fhir/R4B/codesystem-concept-map-equivalence.html#null\"/></td><td>33882-2 (Collection date of Specimen)</td></tr><tr><td>DE49 (Detected)</td><td><a href=\"http://hl7.org/fhir/R4B/codesystem-concept-map-equivalence.html#null\"/></td><td>55276-0 (Hepatitis C virus status)</td></tr><tr><td>DE52 (Hepatitis C positive)</td><td><a href=\"http://hl7.org/fhir/R4B/codesystem-concept-map-equivalence.html#null\"/></td><td>55276-0 (Hepatitis C virus status)</td></tr><tr><td>DE66 (Client declined / refused test)</td><td><a href=\"http://hl7.org/fhir/R4B/codesystem-concept-map-equivalence.html#null\"/></td><td>95044-4 (Patient refused specimen collection)</td></tr><tr><td>DE69 (Syphilis test date)</td><td><a href=\"http://hl7.org/fhir/R4B/codesystem-concept-map-equivalence.html#null\"/></td><td>33882-2 (Collection date of Specimen)</td></tr><tr><td>DE71 (Positive)</td><td><a href=\"http://hl7.org/fhir/R4B/codesystem-concept-map-equivalence.html#null\"/></td><td>41122-3 (Treponema pallidum Ab [Units/volume] in Specimen)</td></tr><tr><td>DE75 (Syphilis positive)</td><td><a href=\"http://hl7.org/fhir/R4B/codesystem-concept-map-equivalence.html#null\"/></td><td>41122-3 (Treponema pallidum Ab [Units/volume] in Specimen)</td></tr><tr><td>DE79 (Other test(s) date)</td><td><a href=\"http://hl7.org/fhir/R4B/codesystem-concept-map-equivalence.html#null\"/></td><td>33882-2 (Collection date of Specimen)</td></tr></table><hr/><p><b>Group 4</b>Mapping from <a href=\"CodeSystem-HIV.G.html\">HIV.G Diagnostics  CodeSystem</a> to <a href=\"http://terminology.hl7.org/5.3.0/CodeSystem-ICF.html\">International Classification of Functioning, Disability and Health</a></p><table class=\"grid\"><tr><td><b>Source Code</b></td><td><b>Relationship</b></td><td><b>Target Code</b></td></tr><tr><td>DE14 (Liquid plasma specimen for viral load testing)</td><td><a href=\"http://hl7.org/fhir/R4B/codesystem-concept-map-equivalence.html#null\"/></td><td>DIA.AH.XA</td></tr><tr><td>DE15 (Dried blood spot specimen)</td><td><a href=\"http://hl7.org/fhir/R4B/codesystem-concept-map-equivalence.html#null\"/></td><td>DIA.AH.XA</td></tr><tr><td>DE16 (Dried plasma spot from a plasma separation card)</td><td><a href=\"http://hl7.org/fhir/R4B/codesystem-concept-map-equivalence.html#null\"/></td><td>DIA.AH.XA</td></tr><tr><td>DE23 (Test delayed to next contact or referred)</td><td><a href=\"http://hl7.org/fhir/R4B/codesystem-concept-map-equivalence.html#null\"/></td><td>UEP.TI.ZZ</td></tr><tr><td>DE36 (Test delayed to next contact or referred)</td><td><a href=\"http://hl7.org/fhir/R4B/codesystem-concept-map-equivalence.html#null\"/></td><td>UEP.TI.ZZ</td></tr><tr><td>DE56 (Treponemal)</td><td><a href=\"http://hl7.org/fhir/R4B/codesystem-concept-map-equivalence.html#null\"/></td><td>DIA.AH.XA</td></tr><tr><td>DE57 (Non-treponemal)</td><td><a href=\"http://hl7.org/fhir/R4B/codesystem-concept-map-equivalence.html#null\"/></td><td>DIA.AH.XA</td></tr><tr><td>DE58 (POC Test)</td><td><a href=\"http://hl7.org/fhir/R4B/codesystem-concept-map-equivalence.html#null\"/></td><td>DIA.AH.XA</td></tr><tr><td>DE59 (NAAT)</td><td><a href=\"http://hl7.org/fhir/R4B/codesystem-concept-map-equivalence.html#null\"/></td><td>DIA.AH.XA</td></tr><tr><td>DE63 (Test delayed to next contact or referred)</td><td><a href=\"http://hl7.org/fhir/R4B/codesystem-concept-map-equivalence.html#null\"/></td><td>UEP.TI.ZZ</td></tr></table><hr/><p><b>Group 5</b>Mapping from <a href=\"CodeSystem-HIV.G.html\">HIV.G Diagnostics  CodeSystem</a> to <a href=\"http://hl7.org/fhir/R4B/codesystem-snomedct.html\">SNOMED CT (all versions)</a></p><table class=\"grid\"><tr><td><b>Source Code</b></td><td><b>Relationship</b></td><td><b>Target Code</b></td></tr><tr><td>DE1 (CD4 count)</td><td><a href=\"http://hl7.org/fhir/R4B/codesystem-concept-map-equivalence.html#null\"/></td><td>313660005 (Absolute CD4 count procedure)</td></tr><tr><td>DE2 (CD4 cell percentage)</td><td><a href=\"http://hl7.org/fhir/R4B/codesystem-concept-map-equivalence.html#null\"/></td><td>313938009 (Percentage CD4 count)</td></tr><tr><td>DE3 (Baseline CD4 count)</td><td><a href=\"http://hl7.org/fhir/R4B/codesystem-concept-map-equivalence.html#null\"/></td><td>313660005 (Absolute CD4 count procedure)</td></tr><tr><td>DE4 (Date of baseline CD4 count sample collection)</td><td><a href=\"http://hl7.org/fhir/R4B/codesystem-concept-map-equivalence.html#null\"/></td><td>399445004 (Specimen collection date (observable entity))</td></tr><tr><td>DE5 (Late ART initiation)</td><td><a href=\"http://hl7.org/fhir/R4B/codesystem-concept-map-equivalence.html#null\"/></td><td>260383002 (Late)</td></tr><tr><td>DE6 (Date of CD4 sample collection)</td><td><a href=\"http://hl7.org/fhir/R4B/codesystem-concept-map-equivalence.html#null\"/></td><td>399445004 (Specimen collection date (observable entity))</td></tr><tr><td>DE7 (Viral load test conducted)</td><td><a href=\"http://hl7.org/fhir/R4B/codesystem-concept-map-equivalence.html#null\"/></td><td>395058002 (Viral load (procedure))</td></tr><tr><td>DE8 (Date of viral load sample collection)</td><td><a href=\"http://hl7.org/fhir/R4B/codesystem-concept-map-equivalence.html#null\"/></td><td>399445004 (Specimen collection date (observable entity))</td></tr><tr><td>DE9 (Date of first viral load sample collection)</td><td><a href=\"http://hl7.org/fhir/R4B/codesystem-concept-map-equivalence.html#null\"/></td><td>399445004 (Specimen collection date (observable entity))</td></tr><tr><td>DE10 (Date viral load sample sent)</td><td><a href=\"http://hl7.org/fhir/R4B/codesystem-concept-map-equivalence.html#null\"/></td><td>399445004 (Specimen collection date (observable entity))</td></tr><tr><td>DE11 (First viral load test result)</td><td><a href=\"http://hl7.org/fhir/R4B/codesystem-concept-map-equivalence.html#null\"/></td><td>1268649009 (Quantity concentration of viral nucleic acid in specimen (observable entity))</td></tr><tr><td>DE12 (Viral load test result)</td><td><a href=\"http://hl7.org/fhir/R4B/codesystem-concept-map-equivalence.html#null\"/></td><td>1268649009 (Quantity concentration of viral nucleic acid in specimen (observable entity))</td></tr><tr><td>DE14 (Liquid plasma specimen for viral load testing)</td><td><a href=\"http://hl7.org/fhir/R4B/codesystem-concept-map-equivalence.html#null\"/></td><td>119361006 (Plasma specimen)</td></tr><tr><td>DE15 (Dried blood spot specimen)</td><td><a href=\"http://hl7.org/fhir/R4B/codesystem-concept-map-equivalence.html#null\"/></td><td>440500007 (Blood spot specimen)</td></tr><tr><td>DE16 (Dried plasma spot from a plasma separation card)</td><td><a href=\"http://hl7.org/fhir/R4B/codesystem-concept-map-equivalence.html#null\"/></td><td>898205005 (Dried plasma spot specimen (specimen))</td></tr><tr><td>DE17 (HBsAg test date)</td><td><a href=\"http://hl7.org/fhir/R4B/codesystem-concept-map-equivalence.html#null\"/></td><td>439272007 (Date of procedure (observable entity))</td></tr><tr><td>DE19 (Positive)</td><td><a href=\"http://hl7.org/fhir/R4B/codesystem-concept-map-equivalence.html#null\"/></td><td>736687002 (Hepatitis B core antibody positive)</td></tr><tr><td>DE20 (Negative)</td><td><a href=\"http://hl7.org/fhir/R4B/codesystem-concept-map-equivalence.html#null\"/></td><td>736693005 (Hepatitis B core antibody negative)</td></tr><tr><td>DE21 (Indeterminate)</td><td><a href=\"http://hl7.org/fhir/R4B/codesystem-concept-map-equivalence.html#null\"/></td><td>280416009 (Indeterminate result)</td></tr><tr><td>DE23 (Test delayed to next contact or referred)</td><td><a href=\"http://hl7.org/fhir/R4B/codesystem-concept-map-equivalence.html#null\"/></td><td>309018005 (Referred to service)</td></tr><tr><td>DE24 (Stock-out or expired)</td><td><a href=\"http://hl7.org/fhir/R4B/codesystem-concept-map-equivalence.html#null\"/></td><td>419182006 (Supplies not available (finding))</td></tr><tr><td>DE25 (Machine or technician not available or machine not functioning)</td><td><a href=\"http://hl7.org/fhir/R4B/codesystem-concept-map-equivalence.html#null\"/></td><td>266756008 (Medical care unavailable)</td></tr><tr><td>DE26 (Client declined / refused test)</td><td><a href=\"http://hl7.org/fhir/R4B/codesystem-concept-map-equivalence.html#null\"/></td><td>165342003 (Patient refused laboratory test)</td></tr><tr><td>DE30 (Hepatitis B positive)</td><td><a href=\"http://hl7.org/fhir/R4B/codesystem-concept-map-equivalence.html#null\"/></td><td>736687002 (Hepatitis B core antibody positive)</td></tr><tr><td>DE31 (Hepatitis B negative)</td><td><a href=\"http://hl7.org/fhir/R4B/codesystem-concept-map-equivalence.html#null\"/></td><td>736693005 (Hepatitis B core antibody negative)</td></tr><tr><td>DE32 (Hepatitis C screening date)</td><td><a href=\"http://hl7.org/fhir/R4B/codesystem-concept-map-equivalence.html#null\"/></td><td>439271000 (Date of most recent screening for disease (observable entity))</td></tr><tr><td>DE36 (Test delayed to next contact or referred)</td><td><a href=\"http://hl7.org/fhir/R4B/codesystem-concept-map-equivalence.html#null\"/></td><td>309018005 (Referred to service)</td></tr><tr><td>DE37 (Stock-out or expired)</td><td><a href=\"http://hl7.org/fhir/R4B/codesystem-concept-map-equivalence.html#null\"/></td><td>419182006 (Supplies not available (finding))</td></tr><tr><td>DE38 (Machine or technician not available or machine not functioning)</td><td><a href=\"http://hl7.org/fhir/R4B/codesystem-concept-map-equivalence.html#null\"/></td><td>266756008 (Medical care unavailable)</td></tr><tr><td>DE39 (Client declined / refused test)</td><td><a href=\"http://hl7.org/fhir/R4B/codesystem-concept-map-equivalence.html#null\"/></td><td>165342003 (Patient refused laboratory test)</td></tr><tr><td>DE42 (HCV test date)</td><td><a href=\"http://hl7.org/fhir/R4B/codesystem-concept-map-equivalence.html#null\"/></td><td>439272007 (Date of procedure (observable entity))</td></tr><tr><td>DE44 (Positive)</td><td><a href=\"http://hl7.org/fhir/R4B/codesystem-concept-map-equivalence.html#null\"/></td><td>314706002 (Hepatitis C antibody test positive)</td></tr><tr><td>DE45 (Negative)</td><td><a href=\"http://hl7.org/fhir/R4B/codesystem-concept-map-equivalence.html#null\"/></td><td>314707006 (Hepatitis C antibody test negative)</td></tr><tr><td>DE46 (Indeterminate)</td><td><a href=\"http://hl7.org/fhir/R4B/codesystem-concept-map-equivalence.html#null\"/></td><td>280416009 (Indeterminate result)</td></tr><tr><td>DE47 (HCV viral load test date)</td><td><a href=\"http://hl7.org/fhir/R4B/codesystem-concept-map-equivalence.html#null\"/></td><td>439272007 (Date of procedure (observable entity))</td></tr><tr><td>DE49 (Detected)</td><td><a href=\"http://hl7.org/fhir/R4B/codesystem-concept-map-equivalence.html#null\"/></td><td>314706002 (Hepatitis C antibody test positive)</td></tr><tr><td>DE50 (Not detected)</td><td><a href=\"http://hl7.org/fhir/R4B/codesystem-concept-map-equivalence.html#null\"/></td><td>314707006 (Hepatitis C antibody test negative)</td></tr><tr><td>DE52 (Hepatitis C positive)</td><td><a href=\"http://hl7.org/fhir/R4B/codesystem-concept-map-equivalence.html#null\"/></td><td>314706002 (Hepatitis C antibody test positive)</td></tr><tr><td>DE53 (Hepatitis C negative)</td><td><a href=\"http://hl7.org/fhir/R4B/codesystem-concept-map-equivalence.html#null\"/></td><td>314707006 (Hepatitis C antibody test negative)</td></tr><tr><td>DE54 (Syphilis test required)</td><td><a href=\"http://hl7.org/fhir/R4B/codesystem-concept-map-equivalence.html#null\"/></td><td>360156006 (Screening)</td></tr><tr><td>DE56 (Treponemal)</td><td><a href=\"http://hl7.org/fhir/R4B/codesystem-concept-map-equivalence.html#null\"/></td><td>9232009 (Fluorescent treponemal antibody absorption test)</td></tr><tr><td>DE57 (Non-treponemal)</td><td><a href=\"http://hl7.org/fhir/R4B/codesystem-concept-map-equivalence.html#null\"/></td><td>40675008 (Serologic test for syphilis)</td></tr><tr><td>DE58 (POC Test)</td><td><a href=\"http://hl7.org/fhir/R4B/codesystem-concept-map-equivalence.html#null\"/></td><td>405262001 (Point of care testing (procedure))</td></tr><tr><td>DE59 (NAAT)</td><td><a href=\"http://hl7.org/fhir/R4B/codesystem-concept-map-equivalence.html#null\"/></td><td>398545005 (Nucleic acid assay (procedure))</td></tr><tr><td>DE63 (Test delayed to next contact or referred)</td><td><a href=\"http://hl7.org/fhir/R4B/codesystem-concept-map-equivalence.html#null\"/></td><td>309018005 (Referred to service)</td></tr><tr><td>DE64 (Stock-out or expired)</td><td><a href=\"http://hl7.org/fhir/R4B/codesystem-concept-map-equivalence.html#null\"/></td><td>419182006 (Supplies not available (finding))</td></tr><tr><td>DE65 (Machine or technician not available or machine not functioning)</td><td><a href=\"http://hl7.org/fhir/R4B/codesystem-concept-map-equivalence.html#null\"/></td><td>266756008 (Medical care unavailable)</td></tr><tr><td>DE66 (Client declined / refused test)</td><td><a href=\"http://hl7.org/fhir/R4B/codesystem-concept-map-equivalence.html#null\"/></td><td>165342003 (Patient refused laboratory test)</td></tr><tr><td>DE69 (Syphilis test date)</td><td><a href=\"http://hl7.org/fhir/R4B/codesystem-concept-map-equivalence.html#null\"/></td><td>439272007 (Date of procedure (observable entity))</td></tr><tr><td>DE71 (Positive)</td><td><a href=\"http://hl7.org/fhir/R4B/codesystem-concept-map-equivalence.html#null\"/></td><td>165781001 (Syphilis titer test positive)</td></tr><tr><td>DE72 (Negative)</td><td><a href=\"http://hl7.org/fhir/R4B/codesystem-concept-map-equivalence.html#null\"/></td><td>165780000 (Syphilis titre test negative)</td></tr><tr><td>DE73 (Inconclusive)</td><td><a href=\"http://hl7.org/fhir/R4B/codesystem-concept-map-equivalence.html#null\"/></td><td>419984006 (Inconclusive (qualifier value))</td></tr><tr><td>DE75 (Syphilis positive)</td><td><a href=\"http://hl7.org/fhir/R4B/codesystem-concept-map-equivalence.html#null\"/></td><td>165781001 (Syphilis titer test positive)</td></tr><tr><td>DE76 (Syphilis negative)</td><td><a href=\"http://hl7.org/fhir/R4B/codesystem-concept-map-equivalence.html#null\"/></td><td>165780000 (Syphilis titre test negative)</td></tr><tr><td>DE79 (Other test(s) date)</td><td><a href=\"http://hl7.org/fhir/R4B/codesystem-concept-map-equivalence.html#null\"/></td><td>439272007 (Date of procedure (observable entity))</td></tr></table></div>"},"url":"http://worldhealthorganization.github.io/smart-hiv/ConceptMap/HIVGDiagnostics","version":"0.1.0","name":"HIV_G_Diagnostics","title":"ConceptMap to and from HIV.G Diagnostics DataElements","status":"active","experimental":false,"date":"2023-12-09","publisher":"WHO","contact":[{"name":"WHO","telecom":[{"system":"url","value":"http://who.int"}]}],"description":"Mapping to and from HIV.G Diagnostics Data Dictionary to other codesystems.","group":[{"source":"http://worldhealthorganization.github.io/smart-hiv/CodeSystem/HIV.G","target":"http://id.who.int/icd/release/11/mms","element":[{"code":"DE19","target":[{"modifierExtension":[{"url":"http://hl7.org/fhir/1.0/StructureDefinition/extension-ConceptMap.element.target.equivalence","valueCode":"equivalent"}],"code":"1E51.0Z","equivalence":"equivalent"}]},{"code":"DE20","target":[{"modifierExtension":[{"url":"http://hl7.org/fhir/1.0/StructureDefinition/extension-ConceptMap.element.target.equivalence","valueCode":"equivalent"}],"code":"QA02.Y","equivalence":"equivalent"}]},{"code":"DE23","target":[{"modifierExtension":[{"url":"http://hl7.org/fhir/1.0/StructureDefinition/extension-ConceptMap.element.target.equivalence","valueCode":"equivalent"}],"code":"QC1Y","equivalence":"equivalent"}]},{"code":"DE24","target":[{"modifierExtension":[{"url":"http://hl7.org/fhir/1.0/StructureDefinition/extension-ConceptMap.element.target.equivalence","valueCode":"equivalent"}],"code":"QB14","equivalence":"equivalent"}]},{"code":"DE25","target":[{"modifierExtension":[{"url":"http://hl7.org/fhir/1.0/StructureDefinition/extension-ConceptMap.element.target.equivalence","valueCode":"equivalent"}],"code":"QB14","equivalence":"equivalent"}]},{"code":"DE26","target":[{"modifierExtension":[{"url":"http://hl7.org/fhir/1.0/StructureDefinition/extension-ConceptMap.element.target.equivalence","valueCode":"equivalent"}],"code":"QC12","equivalence":"equivalent"}]},{"code":"DE30","target":[{"modifierExtension":[{"url":"http://hl7.org/fhir/1.0/StructureDefinition/extension-ConceptMap.element.target.equivalence","valueCode":"equivalent"}],"code":"1E51.0Z","equivalence":"equivalent"}]},{"code":"DE31","target":[{"modifierExtension":[{"url":"http://hl7.org/fhir/1.0/StructureDefinition/extension-ConceptMap.element.target.equivalence","valueCode":"equivalent"}],"code":"QA02.Y","equivalence":"equivalent"}]},{"code":"DE34","target":[{"modifierExtension":[{"url":"http://hl7.org/fhir/1.0/StructureDefinition/extension-ConceptMap.element.target.equivalence","valueCode":"equivalent"}],"code":"QA08.5","equivalence":"equivalent"}]},{"code":"DE36","target":[{"modifierExtension":[{"url":"http://hl7.org/fhir/1.0/StructureDefinition/extension-ConceptMap.element.target.equivalence","valueCode":"equivalent"}],"code":"QC1Y","equivalence":"equivalent"}]},{"code":"DE37","target":[{"modifierExtension":[{"url":"http://hl7.org/fhir/1.0/StructureDefinition/extension-ConceptMap.element.target.equivalence","valueCode":"equivalent"}],"code":"QB14","equivalence":"equivalent"}]},{"code":"DE38","target":[{"modifierExtension":[{"url":"http://hl7.org/fhir/1.0/StructureDefinition/extension-ConceptMap.element.target.equivalence","valueCode":"equivalent"}],"code":"QB14","equivalence":"equivalent"}]},{"code":"DE39","target":[{"modifierExtension":[{"url":"http://hl7.org/fhir/1.0/StructureDefinition/extension-ConceptMap.element.target.equivalence","valueCode":"equivalent"}],"code":"QC12","equivalence":"equivalent"}]},{"code":"DE44","target":[{"modifierExtension":[{"url":"http://hl7.org/fhir/1.0/StructureDefinition/extension-ConceptMap.element.target.equivalence","valueCode":"equivalent"}],"code":"1E51.1","equivalence":"equivalent"}]},{"code":"DE45","target":[{"modifierExtension":[{"url":"http://hl7.org/fhir/1.0/StructureDefinition/extension-ConceptMap.element.target.equivalence","valueCode":"equivalent"}],"code":"QA02.Y","equivalence":"equivalent"}]},{"code":"DE49","target":[{"modifierExtension":[{"url":"http://hl7.org/fhir/1.0/StructureDefinition/extension-ConceptMap.element.target.equivalence","valueCode":"equivalent"}],"code":"1E51.1","equivalence":"equivalent"}]},{"code":"DE50","target":[{"modifierExtension":[{"url":"http://hl7.org/fhir/1.0/StructureDefinition/extension-ConceptMap.element.target.equivalence","valueCode":"equivalent"}],"code":"QA02.Y","equivalence":"equivalent"}]},{"code":"DE52","target":[{"modifierExtension":[{"url":"http://hl7.org/fhir/1.0/StructureDefinition/extension-ConceptMap.element.target.equivalence","valueCode":"equivalent"}],"code":"1E51.1","equivalence":"equivalent"}]},{"code":"DE53","target":[{"modifierExtension":[{"url":"http://hl7.org/fhir/1.0/StructureDefinition/extension-ConceptMap.element.target.equivalence","valueCode":"equivalent"}],"code":"QA02.Y","equivalence":"equivalent"}]},{"code":"DE63","target":[{"modifierExtension":[{"url":"http://hl7.org/fhir/1.0/StructureDefinition/extension-ConceptMap.element.target.equivalence","valueCode":"equivalent"}],"code":"QC1Y","equivalence":"equivalent"}]},{"code":"DE64","target":[{"modifierExtension":[{"url":"http://hl7.org/fhir/1.0/StructureDefinition/extension-ConceptMap.element.target.equivalence","valueCode":"equivalent"}],"code":"QB14","equivalence":"equivalent"}]},{"code":"DE65","target":[{"modifierExtension":[{"url":"http://hl7.org/fhir/1.0/StructureDefinition/extension-ConceptMap.element.target.equivalence","valueCode":"equivalent"}],"code":"QB14","equivalence":"equivalent"}]},{"code":"DE66","target":[{"modifierExtension":[{"url":"http://hl7.org/fhir/1.0/StructureDefinition/extension-ConceptMap.element.target.equivalence","valueCode":"equivalent"}],"code":"QC12","equivalence":"equivalent"}]},{"code":"DE71","target":[{"modifierExtension":[{"url":"http://hl7.org/fhir/1.0/StructureDefinition/extension-ConceptMap.element.target.equivalence","valueCode":"equivalent"}],"code":"1A6Z","equivalence":"equivalent"}]},{"code":"DE72","target":[{"modifierExtension":[{"url":"http://hl7.org/fhir/1.0/StructureDefinition/extension-ConceptMap.element.target.equivalence","valueCode":"equivalent"}],"code":"QA02.Y","equivalence":"equivalent"}]},{"code":"DE75","target":[{"modifierExtension":[{"url":"http://hl7.org/fhir/1.0/StructureDefinition/extension-ConceptMap.element.target.equivalence","valueCode":"equivalent"}],"code":"1A6Z","equivalence":"equivalent"}]},{"code":"DE76","target":[{"modifierExtension":[{"url":"http://hl7.org/fhir/1.0/StructureDefinition/extension-ConceptMap.element.target.equivalence","valueCode":"equivalent"}],"code":"QA02.Y","equivalence":"equivalent"}]}]},{"source":"http://worldhealthorganization.github.io/smart-hiv/CodeSystem/HIV.G","target":"http://hl7.org/fhir/sid/icd-10","element":[{"code":"DE19","target":[{"modifierExtension":[{"url":"http://hl7.org/fhir/1.0/StructureDefinition/extension-ConceptMap.element.target.equivalence","valueCode":"equivalent"}],"code":"B18.1","equivalence":"equivalent"}]},{"code":"DE20","target":[{"modifierExtension":[{"url":"http://hl7.org/fhir/1.0/StructureDefinition/extension-ConceptMap.element.target.equivalence","valueCode":"equivalent"}],"code":"Z03.8","equivalence":"equivalent"}]},{"code":"DE23","target":[{"modifierExtension":[{"url":"http://hl7.org/fhir/1.0/StructureDefinition/extension-ConceptMap.element.target.equivalence","valueCode":"equivalent"}],"code":"Z53.8","equivalence":"equivalent"}]},{"code":"DE24","target":[{"modifierExtension":[{"url":"http://hl7.org/fhir/1.0/StructureDefinition/extension-ConceptMap.element.target.equivalence","valueCode":"equivalent"}],"code":"Z75.3","equivalence":"equivalent"}]},{"code":"DE25","target":[{"modifierExtension":[{"url":"http://hl7.org/fhir/1.0/StructureDefinition/extension-ConceptMap.element.target.equivalence","valueCode":"equivalent"}],"code":"Z75.3","equivalence":"equivalent"}]},{"code":"DE26","target":[{"modifierExtension":[{"url":"http://hl7.org/fhir/1.0/StructureDefinition/extension-ConceptMap.element.target.equivalence","valueCode":"equivalent"}],"code":"Z53.2","equivalence":"equivalent"}]},{"code":"DE30","target":[{"modifierExtension":[{"url":"http://hl7.org/fhir/1.0/StructureDefinition/extension-ConceptMap.element.target.equivalence","valueCode":"equivalent"}],"code":"B18.1","equivalence":"equivalent"}]},{"code":"DE31","target":[{"modifierExtension":[{"url":"http://hl7.org/fhir/1.0/StructureDefinition/extension-ConceptMap.element.target.equivalence","valueCode":"equivalent"}],"code":"Z03.8","equivalence":"equivalent"}]},{"code":"DE34","target":[{"modifierExtension":[{"url":"http://hl7.org/fhir/1.0/StructureDefinition/extension-ConceptMap.element.target.equivalence","valueCode":"equivalent"}],"code":"Z11.5","equivalence":"equivalent"}]},{"code":"DE36","target":[{"modifierExtension":[{"url":"http://hl7.org/fhir/1.0/StructureDefinition/extension-ConceptMap.element.target.equivalence","valueCode":"equivalent"}],"code":"Z53.8","equivalence":"equivalent"}]},{"code":"DE37","target":[{"modifierExtension":[{"url":"http://hl7.org/fhir/1.0/StructureDefinition/extension-ConceptMap.element.target.equivalence","valueCode":"equivalent"}],"code":"Z75.3","equivalence":"equivalent"}]},{"code":"DE38","target":[{"modifierExtension":[{"url":"http://hl7.org/fhir/1.0/StructureDefinition/extension-ConceptMap.element.target.equivalence","valueCode":"equivalent"}],"code":"Z75.3","equivalence":"equivalent"}]},{"code":"DE39","target":[{"modifierExtension":[{"url":"http://hl7.org/fhir/1.0/StructureDefinition/extension-ConceptMap.element.target.equivalence","valueCode":"equivalent"}],"code":"Z53.2","equivalence":"equivalent"}]},{"code":"DE44","target":[{"modifierExtension":[{"url":"http://hl7.org/fhir/1.0/StructureDefinition/extension-ConceptMap.element.target.equivalence","valueCode":"equivalent"}],"code":"B18.2","equivalence":"equivalent"}]},{"code":"DE45","target":[{"modifierExtension":[{"url":"http://hl7.org/fhir/1.0/StructureDefinition/extension-ConceptMap.element.target.equivalence","valueCode":"equivalent"}],"code":"Z03.8","equivalence":"equivalent"}]},{"code":"DE49","target":[{"modifierExtension":[{"url":"http://hl7.org/fhir/1.0/StructureDefinition/extension-ConceptMap.element.target.equivalence","valueCode":"equivalent"}],"code":"B18.2","equivalence":"equivalent"}]},{"code":"DE50","target":[{"modifierExtension":[{"url":"http://hl7.org/fhir/1.0/StructureDefinition/extension-ConceptMap.element.target.equivalence","valueCode":"equivalent"}],"code":"Z03.8","equivalence":"equivalent"}]},{"code":"DE52","target":[{"modifierExtension":[{"url":"http://hl7.org/fhir/1.0/StructureDefinition/extension-ConceptMap.element.target.equivalence","valueCode":"equivalent"}],"code":"B18.2","equivalence":"equivalent"}]},{"code":"DE53","target":[{"modifierExtension":[{"url":"http://hl7.org/fhir/1.0/StructureDefinition/extension-ConceptMap.element.target.equivalence","valueCode":"equivalent"}],"code":"Z03.8","equivalence":"equivalent"}]},{"code":"DE63","target":[{"modifierExtension":[{"url":"http://hl7.org/fhir/1.0/StructureDefinition/extension-ConceptMap.element.target.equivalence","valueCode":"equivalent"}],"code":"Z53.8","equivalence":"equivalent"}]},{"code":"DE64","target":[{"modifierExtension":[{"url":"http://hl7.org/fhir/1.0/StructureDefinition/extension-ConceptMap.element.target.equivalence","valueCode":"equivalent"}],"code":"Z75.3","equivalence":"equivalent"}]},{"code":"DE65","target":[{"modifierExtension":[{"url":"http://hl7.org/fhir/1.0/StructureDefinition/extension-ConceptMap.element.target.equivalence","valueCode":"equivalent"}],"code":"Z75.3","equivalence":"equivalent"}]},{"code":"DE66","target":[{"modifierExtension":[{"url":"http://hl7.org/fhir/1.0/StructureDefinition/extension-ConceptMap.element.target.equivalence","valueCode":"equivalent"}],"code":"Z53.2","equivalence":"equivalent"}]},{"code":"DE71","target":[{"modifierExtension":[{"url":"http://hl7.org/fhir/1.0/StructureDefinition/extension-ConceptMap.element.target.equivalence","valueCode":"equivalent"}],"code":"A53.9","equivalence":"equivalent"}]},{"code":"DE72","target":[{"modifierExtension":[{"url":"http://hl7.org/fhir/1.0/StructureDefinition/extension-ConceptMap.element.target.equivalence","valueCode":"equivalent"}],"code":"Z03.8","equivalence":"equivalent"}]},{"code":"DE75","target":[{"modifierExtension":[{"url":"http://hl7.org/fhir/1.0/StructureDefinition/extension-ConceptMap.element.target.equivalence","valueCode":"equivalent"}],"code":"A53.9","equivalence":"equivalent"}]},{"code":"DE76","target":[{"modifierExtension":[{"url":"http://hl7.org/fhir/1.0/StructureDefinition/extension-ConceptMap.element.target.equivalence","valueCode":"equivalent"}],"code":"Z03.8","equivalence":"equivalent"}]}]},{"source":"http://worldhealthorganization.github.io/smart-hiv/CodeSystem/HIV.G","target":"http://loinc.org","element":[{"code":"DE1","target":[{"modifierExtension":[{"url":"http://hl7.org/fhir/1.0/StructureDefinition/extension-ConceptMap.element.target.equivalence","valueCode":"equivalent"}],"code":"80223-1","equivalence":"equivalent"}]},{"code":"DE2","target":[{"modifierExtension":[{"url":"http://hl7.org/fhir/1.0/StructureDefinition/extension-ConceptMap.element.target.equivalence","valueCode":"equivalent"}],"code":"80223-1","equivalence":"equivalent"}]},{"code":"DE3","target":[{"modifierExtension":[{"url":"http://hl7.org/fhir/1.0/StructureDefinition/extension-ConceptMap.element.target.equivalence","valueCode":"equivalent"}],"code":"80223-1","equivalence":"equivalent"}]},{"code":"DE4","target":[{"modifierExtension":[{"url":"http://hl7.org/fhir/1.0/StructureDefinition/extension-ConceptMap.element.target.equivalence","valueCode":"equivalent"}],"code":"33882-2","equivalence":"equivalent"}]},{"code":"DE6","target":[{"modifierExtension":[{"url":"http://hl7.org/fhir/1.0/StructureDefinition/extension-ConceptMap.element.target.equivalence","valueCode":"equivalent"}],"code":"33882-2","equivalence":"equivalent"}]},{"code":"DE8","target":[{"modifierExtension":[{"url":"http://hl7.org/fhir/1.0/StructureDefinition/extension-ConceptMap.element.target.equivalence","valueCode":"equivalent"}],"code":"33882-2","equivalence":"equivalent"}]},{"code":"DE9","target":[{"modifierExtension":[{"url":"http://hl7.org/fhir/1.0/StructureDefinition/extension-ConceptMap.element.target.equivalence","valueCode":"equivalent"}],"code":"33882-2","equivalence":"equivalent"}]},{"code":"DE10","target":[{"modifierExtension":[{"url":"http://hl7.org/fhir/1.0/StructureDefinition/extension-ConceptMap.element.target.equivalence","valueCode":"equivalent"}],"code":"89264-6","equivalence":"equivalent"}]},{"code":"DE11","target":[{"modifierExtension":[{"url":"http://hl7.org/fhir/1.0/StructureDefinition/extension-ConceptMap.element.target.equivalence","valueCode":"equivalent"}],"code":"23876-6","equivalence":"equivalent"}]},{"code":"DE12","target":[{"modifierExtension":[{"url":"http://hl7.org/fhir/1.0/StructureDefinition/extension-ConceptMap.element.target.equivalence","valueCode":"equivalent"}],"code":"23876-6","equivalence":"equivalent"}]},{"code":"DE17","target":[{"modifierExtension":[{"url":"http://hl7.org/fhir/1.0/StructureDefinition/extension-ConceptMap.element.target.equivalence","valueCode":"equivalent"}],"code":"33882-2","equivalence":"equivalent"}]},{"code":"DE19","target":[{"modifierExtension":[{"url":"http://hl7.org/fhir/1.0/StructureDefinition/extension-ConceptMap.element.target.equivalence","valueCode":"equivalent"}],"code":"55275-2","equivalence":"equivalent"}]},{"code":"DE26","target":[{"modifierExtension":[{"url":"http://hl7.org/fhir/1.0/StructureDefinition/extension-ConceptMap.element.target.equivalence","valueCode":"equivalent"}],"code":"95044-4","equivalence":"equivalent"}]},{"code":"DE30","target":[{"modifierExtension":[{"url":"http://hl7.org/fhir/1.0/StructureDefinition/extension-ConceptMap.element.target.equivalence","valueCode":"equivalent"}],"code":"55275-2","equivalence":"equivalent"}]},{"code":"DE32","target":[{"modifierExtension":[{"url":"http://hl7.org/fhir/1.0/StructureDefinition/extension-ConceptMap.element.target.equivalence","valueCode":"equivalent"}],"code":"33882-2","equivalence":"equivalent"}]},{"code":"DE39","target":[{"modifierExtension":[{"url":"http://hl7.org/fhir/1.0/StructureDefinition/extension-ConceptMap.element.target.equivalence","valueCode":"equivalent"}],"code":"95044-4","equivalence":"equivalent"}]},{"code":"DE44","target":[{"modifierExtension":[{"url":"http://hl7.org/fhir/1.0/StructureDefinition/extension-ConceptMap.element.target.equivalence","valueCode":"equivalent"}],"code":"55276-0","equivalence":"equivalent"}]},{"code":"DE47","target":[{"modifierExtension":[{"url":"http://hl7.org/fhir/1.0/StructureDefinition/extension-ConceptMap.element.target.equivalence","valueCode":"equivalent"}],"code":"33882-2","equivalence":"equivalent"}]},{"code":"DE49","target":[{"modifierExtension":[{"url":"http://hl7.org/fhir/1.0/StructureDefinition/extension-ConceptMap.element.target.equivalence","valueCode":"equivalent"}],"code":"55276-0","equivalence":"equivalent"}]},{"code":"DE52","target":[{"modifierExtension":[{"url":"http://hl7.org/fhir/1.0/StructureDefinition/extension-ConceptMap.element.target.equivalence","valueCode":"equivalent"}],"code":"55276-0","equivalence":"equivalent"}]},{"code":"DE66","target":[{"modifierExtension":[{"url":"http://hl7.org/fhir/1.0/StructureDefinition/extension-ConceptMap.element.target.equivalence","valueCode":"equivalent"}],"code":"95044-4","equivalence":"equivalent"}]},{"code":"DE69","target":[{"modifierExtension":[{"url":"http://hl7.org/fhir/1.0/StructureDefinition/extension-ConceptMap.element.target.equivalence","valueCode":"equivalent"}],"code":"33882-2","equivalence":"equivalent"}]},{"code":"DE71","target":[{"modifierExtension":[{"url":"http://hl7.org/fhir/1.0/StructureDefinition/extension-ConceptMap.element.target.equivalence","valueCode":"equivalent"}],"code":"41122-3","equivalence":"equivalent"}]},{"code":"DE75","target":[{"modifierExtension":[{"url":"http://hl7.org/fhir/1.0/StructureDefinition/extension-ConceptMap.element.target.equivalence","valueCode":"equivalent"}],"code":"41122-3","equivalence":"equivalent"}]},{"code":"DE79","target":[{"modifierExtension":[{"url":"http://hl7.org/fhir/1.0/StructureDefinition/extension-ConceptMap.element.target.equivalence","valueCode":"equivalent"}],"code":"33882-2","equivalence":"equivalent"}]}]},{"source":"http://worldhealthorganization.github.io/smart-hiv/CodeSystem/HIV.G","target":"http://hl7.org/fhir/sid/icf","element":[{"code":"DE14","target":[{"modifierExtension":[{"url":"http://hl7.org/fhir/1.0/StructureDefinition/extension-ConceptMap.element.target.equivalence","valueCode":"equivalent"}],"code":"DIA.AH.XA","equivalence":"equivalent"}]},{"code":"DE15","target":[{"modifierExtension":[{"url":"http://hl7.org/fhir/1.0/StructureDefinition/extension-ConceptMap.element.target.equivalence","valueCode":"equivalent"}],"code":"DIA.AH.XA","equivalence":"equivalent"}]},{"code":"DE16","target":[{"modifierExtension":[{"url":"http://hl7.org/fhir/1.0/StructureDefinition/extension-ConceptMap.element.target.equivalence","valueCode":"equivalent"}],"code":"DIA.AH.XA","equivalence":"equivalent"}]},{"code":"DE23","target":[{"modifierExtension":[{"url":"http://hl7.org/fhir/1.0/StructureDefinition/extension-ConceptMap.element.target.equivalence","valueCode":"equivalent"}],"code":"UEP.TI.ZZ","equivalence":"equivalent"}]},{"code":"DE36","target":[{"modifierExtension":[{"url":"http://hl7.org/fhir/1.0/StructureDefinition/extension-ConceptMap.element.target.equivalence","valueCode":"equivalent"}],"code":"UEP.TI.ZZ","equivalence":"equivalent"}]},{"code":"DE56","target":[{"modifierExtension":[{"url":"http://hl7.org/fhir/1.0/StructureDefinition/extension-ConceptMap.element.target.equivalence","valueCode":"equivalent"}],"code":"DIA.AH.XA","equivalence":"equivalent"}]},{"code":"DE57","target":[{"modifierExtension":[{"url":"http://hl7.org/fhir/1.0/StructureDefinition/extension-ConceptMap.element.target.equivalence","valueCode":"equivalent"}],"code":"DIA.AH.XA","equivalence":"equivalent"}]},{"code":"DE58","target":[{"modifierExtension":[{"url":"http://hl7.org/fhir/1.0/StructureDefinition/extension-ConceptMap.element.target.equivalence","valueCode":"equivalent"}],"code":"DIA.AH.XA","equivalence":"equivalent"}]},{"code":"DE59","target":[{"modifierExtension":[{"url":"http://hl7.org/fhir/1.0/StructureDefinition/extension-ConceptMap.element.target.equivalence","valueCode":"equivalent"}],"code":"DIA.AH.XA","equivalence":"equivalent"}]},{"code":"DE63","target":[{"modifierExtension":[{"url":"http://hl7.org/fhir/1.0/StructureDefinition/extension-ConceptMap.element.target.equivalence","valueCode":"equivalent"}],"code":"UEP.TI.ZZ","equivalence":"equivalent"}]}]},{"source":"http://worldhealthorganization.github.io/smart-hiv/CodeSystem/HIV.G","target":"http://snomed.info/sct","element":[{"code":"DE1","target":[{"modifierExtension":[{"url":"http://hl7.org/fhir/1.0/StructureDefinition/extension-ConceptMap.element.target.equivalence","valueCode":"equivalent"}],"code":"313660005","equivalence":"equivalent"}]},{"code":"DE2","target":[{"modifierExtension":[{"url":"http://hl7.org/fhir/1.0/StructureDefinition/extension-ConceptMap.element.target.equivalence","valueCode":"equivalent"}],"code":"313938009","equivalence":"equivalent"}]},{"code":"DE3","target":[{"modifierExtension":[{"url":"http://hl7.org/fhir/1.0/StructureDefinition/extension-ConceptMap.element.target.equivalence","valueCode":"equivalent"}],"code":"313660005","equivalence":"equivalent"}]},{"code":"DE4","target":[{"modifierExtension":[{"url":"http://hl7.org/fhir/1.0/StructureDefinition/extension-ConceptMap.element.target.equivalence","valueCode":"equivalent"}],"code":"399445004","equivalence":"equivalent"}]},{"code":"DE5","target":[{"modifierExtension":[{"url":"http://hl7.org/fhir/1.0/StructureDefinition/extension-ConceptMap.element.target.equivalence","valueCode":"equivalent"}],"code":"260383002","equivalence":"equivalent"}]},{"code":"DE6","target":[{"modifierExtension":[{"url":"http://hl7.org/fhir/1.0/StructureDefinition/extension-ConceptMap.element.target.equivalence","valueCode":"equivalent"}],"code":"399445004","equivalence":"equivalent"}]},{"code":"DE7","target":[{"modifierExtension":[{"url":"http://hl7.org/fhir/1.0/StructureDefinition/extension-ConceptMap.element.target.equivalence","valueCode":"equivalent"}],"code":"395058002","equivalence":"equivalent"}]},{"code":"DE8","target":[{"modifierExtension":[{"url":"http://hl7.org/fhir/1.0/StructureDefinition/extension-ConceptMap.element.target.equivalence","valueCode":"equivalent"}],"code":"399445004","equivalence":"equivalent"}]},{"code":"DE9","target":[{"modifierExtension":[{"url":"http://hl7.org/fhir/1.0/StructureDefinition/extension-ConceptMap.element.target.equivalence","valueCode":"equivalent"}],"code":"399445004","equivalence":"equivalent"}]},{"code":"DE10","target":[{"modifierExtension":[{"url":"http://hl7.org/fhir/1.0/StructureDefinition/extension-ConceptMap.element.target.equivalence","valueCode":"equivalent"}],"code":"399445004","equivalence":"equivalent"}]},{"code":"DE11","target":[{"modifierExtension":[{"url":"http://hl7.org/fhir/1.0/StructureDefinition/extension-ConceptMap.element.target.equivalence","valueCode":"equivalent"}],"code":"1268649009","equivalence":"equivalent"}]},{"code":"DE12","target":[{"modifierExtension":[{"url":"http://hl7.org/fhir/1.0/StructureDefinition/extension-ConceptMap.element.target.equivalence","valueCode":"equivalent"}],"code":"1268649009","equivalence":"equivalent"}]},{"code":"DE14","target":[{"modifierExtension":[{"url":"http://hl7.org/fhir/1.0/StructureDefinition/extension-ConceptMap.element.target.equivalence","valueCode":"equivalent"}],"code":"119361006","equivalence":"equivalent"}]},{"code":"DE15","target":[{"modifierExtension":[{"url":"http://hl7.org/fhir/1.0/StructureDefinition/extension-ConceptMap.element.target.equivalence","valueCode":"equivalent"}],"code":"440500007","equivalence":"equivalent"}]},{"code":"DE16","target":[{"modifierExtension":[{"url":"http://hl7.org/fhir/1.0/StructureDefinition/extension-ConceptMap.element.target.equivalence","valueCode":"equivalent"}],"code":"898205005","equivalence":"equivalent"}]},{"code":"DE17","target":[{"modifierExtension":[{"url":"http://hl7.org/fhir/1.0/StructureDefinition/extension-ConceptMap.element.target.equivalence","valueCode":"equivalent"}],"code":"439272007","equivalence":"equivalent"}]},{"code":"DE19","target":[{"modifierExtension":[{"url":"http://hl7.org/fhir/1.0/StructureDefinition/extension-ConceptMap.element.target.equivalence","valueCode":"equivalent"}],"code":"736687002","equivalence":"equivalent"}]},{"code":"DE20","target":[{"modifierExtension":[{"url":"http://hl7.org/fhir/1.0/StructureDefinition/extension-ConceptMap.element.target.equivalence","valueCode":"equivalent"}],"code":"736693005","equivalence":"equivalent"}]},{"code":"DE21","target":[{"modifierExtension":[{"url":"http://hl7.org/fhir/1.0/StructureDefinition/extension-ConceptMap.element.target.equivalence","valueCode":"equivalent"}],"code":"280416009","equivalence":"equivalent"}]},{"code":"DE23","target":[{"modifierExtension":[{"url":"http://hl7.org/fhir/1.0/StructureDefinition/extension-ConceptMap.element.target.equivalence","valueCode":"equivalent"}],"code":"309018005","equivalence":"equivalent"}]},{"code":"DE24","target":[{"modifierExtension":[{"url":"http://hl7.org/fhir/1.0/StructureDefinition/extension-ConceptMap.element.target.equivalence","valueCode":"equivalent"}],"code":"419182006","equivalence":"equivalent"}]},{"code":"DE25","target":[{"modifierExtension":[{"url":"http://hl7.org/fhir/1.0/StructureDefinition/extension-ConceptMap.element.target.equivalence","valueCode":"equivalent"}],"code":"266756008","equivalence":"equivalent"}]},{"code":"DE26","target":[{"modifierExtension":[{"url":"http://hl7.org/fhir/1.0/StructureDefinition/extension-ConceptMap.element.target.equivalence","valueCode":"equivalent"}],"code":"165342003","equivalence":"equivalent"}]},{"code":"DE30","target":[{"modifierExtension":[{"url":"http://hl7.org/fhir/1.0/StructureDefinition/extension-ConceptMap.element.target.equivalence","valueCode":"equivalent"}],"code":"736687002","equivalence":"equivalent"}]},{"code":"DE31","target":[{"modifierExtension":[{"url":"http://hl7.org/fhir/1.0/StructureDefinition/extension-ConceptMap.element.target.equivalence","valueCode":"equivalent"}],"code":"736693005","equivalence":"equivalent"}]},{"code":"DE32","target":[{"modifierExtension":[{"url":"http://hl7.org/fhir/1.0/StructureDefinition/extension-ConceptMap.element.target.equivalence","valueCode":"equivalent"}],"code":"439271000","equivalence":"equivalent"}]},{"code":"DE36","target":[{"modifierExtension":[{"url":"http://hl7.org/fhir/1.0/StructureDefinition/extension-ConceptMap.element.target.equivalence","valueCode":"equivalent"}],"code":"309018005","equivalence":"equivalent"}]},{"code":"DE37","target":[{"modifierExtension":[{"url":"http://hl7.org/fhir/1.0/StructureDefinition/extension-ConceptMap.element.target.equivalence","valueCode":"equivalent"}],"code":"419182006","equivalence":"equivalent"}]},{"code":"DE38","target":[{"modifierExtension":[{"url":"http://hl7.org/fhir/1.0/StructureDefinition/extension-ConceptMap.element.target.equivalence","valueCode":"equivalent"}],"code":"266756008","equivalence":"equivalent"}]},{"code":"DE39","target":[{"modifierExtension":[{"url":"http://hl7.org/fhir/1.0/StructureDefinition/extension-ConceptMap.element.target.equivalence","valueCode":"equivalent"}],"code":"165342003","equivalence":"equivalent"}]},{"code":"DE42","target":[{"modifierExtension":[{"url":"http://hl7.org/fhir/1.0/StructureDefinition/extension-ConceptMap.element.target.equivalence","valueCode":"equivalent"}],"code":"439272007","equivalence":"equivalent"}]},{"code":"DE44","target":[{"modifierExtension":[{"url":"http://hl7.org/fhir/1.0/StructureDefinition/extension-ConceptMap.element.target.equivalence","valueCode":"equivalent"}],"code":"314706002","equivalence":"equivalent"}]},{"code":"DE45","target":[{"modifierExtension":[{"url":"http://hl7.org/fhir/1.0/StructureDefinition/extension-ConceptMap.element.target.equivalence","valueCode":"equivalent"}],"code":"314707006","equivalence":"equivalent"}]},{"code":"DE46","target":[{"modifierExtension":[{"url":"http://hl7.org/fhir/1.0/StructureDefinition/extension-ConceptMap.element.target.equivalence","valueCode":"equivalent"}],"code":"280416009","equivalence":"equivalent"}]},{"code":"DE47","target":[{"modifierExtension":[{"url":"http://hl7.org/fhir/1.0/StructureDefinition/extension-ConceptMap.element.target.equivalence","valueCode":"equivalent"}],"code":"439272007","equivalence":"equivalent"}]},{"code":"DE49","target":[{"modifierExtension":[{"url":"http://hl7.org/fhir/1.0/StructureDefinition/extension-ConceptMap.element.target.equivalence","valueCode":"equivalent"}],"code":"314706002","equivalence":"equivalent"}]},{"code":"DE50","target":[{"modifierExtension":[{"url":"http://hl7.org/fhir/1.0/StructureDefinition/extension-ConceptMap.element.target.equivalence","valueCode":"equivalent"}],"code":"314707006","equivalence":"equivalent"}]},{"code":"DE52","target":[{"modifierExtension":[{"url":"http://hl7.org/fhir/1.0/StructureDefinition/extension-ConceptMap.element.target.equivalence","valueCode":"equivalent"}],"code":"314706002","equivalence":"equivalent"}]},{"code":"DE53","target":[{"modifierExtension":[{"url":"http://hl7.org/fhir/1.0/StructureDefinition/extension-ConceptMap.element.target.equivalence","valueCode":"equivalent"}],"code":"314707006","equivalence":"equivalent"}]},{"code":"DE54","target":[{"modifierExtension":[{"url":"http://hl7.org/fhir/1.0/StructureDefinition/extension-ConceptMap.element.target.equivalence","valueCode":"equivalent"}],"code":"360156006","equivalence":"equivalent"}]},{"code":"DE56","target":[{"modifierExtension":[{"url":"http://hl7.org/fhir/1.0/StructureDefinition/extension-ConceptMap.element.target.equivalence","valueCode":"equivalent"}],"code":"9232009","equivalence":"equivalent"}]},{"code":"DE57","target":[{"modifierExtension":[{"url":"http://hl7.org/fhir/1.0/StructureDefinition/extension-ConceptMap.element.target.equivalence","valueCode":"equivalent"}],"code":"40675008","equivalence":"equivalent"}]},{"code":"DE58","target":[{"modifierExtension":[{"url":"http://hl7.org/fhir/1.0/StructureDefinition/extension-ConceptMap.element.target.equivalence","valueCode":"equivalent"}],"code":"405262001","equivalence":"equivalent"}]},{"code":"DE59","target":[{"modifierExtension":[{"url":"http://hl7.org/fhir/1.0/StructureDefinition/extension-ConceptMap.element.target.equivalence","valueCode":"equivalent"}],"code":"398545005","equivalence":"equivalent"}]},{"code":"DE63","target":[{"modifierExtension":[{"url":"http://hl7.org/fhir/1.0/StructureDefinition/extension-ConceptMap.element.target.equivalence","valueCode":"equivalent"}],"code":"309018005","equivalence":"equivalent"}]},{"code":"DE64","target":[{"modifierExtension":[{"url":"http://hl7.org/fhir/1.0/StructureDefinition/extension-ConceptMap.element.target.equivalence","valueCode":"equivalent"}],"code":"419182006","equivalence":"equivalent"}]},{"code":"DE65","target":[{"modifierExtension":[{"url":"http://hl7.org/fhir/1.0/StructureDefinition/extension-ConceptMap.element.target.equivalence","valueCode":"equivalent"}],"code":"266756008","equivalence":"equivalent"}]},{"code":"DE66","target":[{"modifierExtension":[{"url":"http://hl7.org/fhir/1.0/StructureDefinition/extension-ConceptMap.element.target.equivalence","valueCode":"equivalent"}],"code":"165342003","equivalence":"equivalent"}]},{"code":"DE69","target":[{"modifierExtension":[{"url":"http://hl7.org/fhir/1.0/StructureDefinition/extension-ConceptMap.element.target.equivalence","valueCode":"equivalent"}],"code":"439272007","equivalence":"equivalent"}]},{"code":"DE71","target":[{"modifierExtension":[{"url":"http://hl7.org/fhir/1.0/StructureDefinition/extension-ConceptMap.element.target.equivalence","valueCode":"equivalent"}],"code":"165781001","equivalence":"equivalent"}]},{"code":"DE72","target":[{"modifierExtension":[{"url":"http://hl7.org/fhir/1.0/StructureDefinition/extension-ConceptMap.element.target.equivalence","valueCode":"equivalent"}],"code":"165780000","equivalence":"equivalent"}]},{"code":"DE73","target":[{"modifierExtension":[{"url":"http://hl7.org/fhir/1.0/StructureDefinition/extension-ConceptMap.element.target.equivalence","valueCode":"equivalent"}],"code":"419984006","equivalence":"equivalent"}]},{"code":"DE75","target":[{"modifierExtension":[{"url":"http://hl7.org/fhir/1.0/StructureDefinition/extension-ConceptMap.element.target.equivalence","valueCode":"equivalent"}],"code":"165781001","equivalence":"equivalent"}]},{"code":"DE76","target":[{"modifierExtension":[{"url":"http://hl7.org/fhir/1.0/StructureDefinition/extension-ConceptMap.element.target.equivalence","valueCode":"equivalent"}],"code":"165780000","equivalence":"equivalent"}]},{"code":"DE79","target":[{"modifierExtension":[{"url":"http://hl7.org/fhir/1.0/StructureDefinition/extension-ConceptMap.element.target.equivalence","valueCode":"equivalent"}],"code":"439272007","equivalence":"equivalent"}]}]}]}