<?xml version="1.0" encoding="UTF-8"?>

<Library xmlns="http://hl7.org/fhir">
  <id value="HIVDT06"/>
  <text>
    <status value="generated"/><div xmlns="http://www.w3.org/1999/xhtml"><h2>Contents</h2></div>
  </text>
  <url value="http://fhir.org/guides/who/anc-cds/Library/HIVDT06"/>
  <identifier>
    <use value="official"/>
    <value value="HIV.DT.06"/>
  </identifier>
  <version value="0.3.0"/>
  <name value="HIVDT06"/>
  <title value="HIV.DT.06 Screen for TB; Screening with symptoms (for children living with HIV &lt; 10 years) (A.5.6)"/>
  <status value="draft"/>
  <date value="2024-03-05T14:51:57+00:00"/>
  <publisher value="World Health Organization (WHO) "/>
  <contact>
    <telecom>
      <system value="url"/>
      <value value="https://www.who.int"/>
    </telecom>
  </contact>
  <description value="HIV status = &quot;HIV positive&quot;"/>
  <jurisdiction>
    <coding>
      <system value="http://unstats.un.org/unsd/methods/m49/m49.htm"/>
      <code value="001"/>
    </coding>
  </jurisdiction>
</Library>