<?xml version="1.0" encoding="UTF-8"?>

<ValueSet xmlns="http://hl7.org/fhir">
  <id value="hiv-e-de55"/>
  <text>
    <status value="extensions"/><div xmlns="http://www.w3.org/1999/xhtml"><ul><li>Include these codes as defined in <a href="CodeSystem-concept-codes.html"><code>http://fhir.org/guides/itech-uw/who-smart-hiv-dak/CodeSystem/concept-codes</code></a><table class="none"><tr><td style="white-space:nowrap"><b>Code</b></td><td><b>Display</b></td><td><b>Definition</b></td></tr><tr><td><a href="CodeSystem-concept-codes.html#concept-codes-HIV.46E.46DE55">HIV.E.DE55</a></td><td>Sex worker</td><td>Mother is from a key population - Sex worker</td></tr><tr><td><a href="CodeSystem-concept-codes.html#concept-codes-HIV.46E.46DE56">HIV.E.DE56</a></td><td>People who injects drugs</td><td>Mother is from a key population - People who injects drugs</td></tr><tr><td><a href="CodeSystem-concept-codes.html#concept-codes-HIV.46E.46DE57">HIV.E.DE57</a></td><td>Transgender people</td><td>Mother is from a key population - Transgender people</td></tr><tr><td><a href="CodeSystem-concept-codes.html#concept-codes-HIV.46E.46DE58">HIV.E.DE58</a></td><td>People living in prisons and other closed setting</td><td>Mother is from a key population - People living in prisons and other closed setting</td></tr></table></li></ul></div>
  </text>
  <url value="http://fhir.org/guides/itech-uw/ValueSet/hiv-e-de55"/>
  <version value="0.3.0"/>
  <name value="MotherisfromakeypopulationCodes"/>
  <title value="Mother is from a key population Codes"/>
  <status value="draft"/>
  <experimental value="false"/>
  <date value="2024-03-05T14:51:57+00:00"/>
  <publisher value="World Health Organization (WHO) "/>
  <contact>
    <telecom>
      <system value="url"/>
      <value value="https://www.who.int"/>
    </telecom>
  </contact>
  <description value="Codes representing possible values for the Mother is from a key population element"/>
  <jurisdiction>
    <coding>
      <system value="http://unstats.un.org/unsd/methods/m49/m49.htm"/>
      <code value="001"/>
    </coding>
  </jurisdiction>
  <immutable value="true"/>
  <compose>
    <include>
      <system value="http://fhir.org/guides/itech-uw/who-smart-hiv-dak/CodeSystem/concept-codes"/>
      <concept>
        <code value="HIV.E.DE55"/>
        <display value="Sex worker"/>
      </concept>
      <concept>
        <code value="HIV.E.DE56"/>
        <display value="People who injects drugs"/>
      </concept>
      <concept>
        <code value="HIV.E.DE57"/>
        <display value="Transgender people"/>
      </concept>
      <concept>
        <code value="HIV.E.DE58"/>
        <display value="People living in prisons and other closed setting"/>
      </concept>
    </include>
  </compose>
</ValueSet>