<?xml version="1.0" encoding="UTF-8"?>

<ValueSet xmlns="http://hl7.org/fhir">
  <id value="medications-dispensed-codes"/>
  <text>
    <status value="generated"/><div xmlns="http://www.w3.org/1999/xhtml"><p>This value set includes codes based on the following rules:</p><ul/></div>
  </text>
  <url value="http://fhir.org/guides/itech-uw/ValueSet/medications-dispensed-codes"/>
  <version value="0.3.0"/>
  <name value="MedicationsdispensedCodes"/>
  <title value="Medications dispensed Codes"/>
  <status value="draft"/>
  <experimental value="false"/>
  <date value="2024-03-05T14:51:57+00:00"/>
  <publisher value="World Health Organization (WHO) "/>
  <contact>
    <telecom>
      <system value="url"/>
      <value value="https://www.who.int"/>
    </telecom>
  </contact>
  <description value="Codes representing possible values for the Medications dispensed element"/>
  <jurisdiction>
    <coding>
      <system value="http://unstats.un.org/unsd/methods/m49/m49.htm"/>
      <code value="001"/>
    </coding>
  </jurisdiction>
  <immutable value="true"/>
</ValueSet>