<?xml version="1.0" encoding="UTF-8"?>

<ValueSet xmlns="http://hl7.org/fhir">
  <id value="demo-code-b"/>
  <text>
    <status value="extensions"/><div xmlns="http://www.w3.org/1999/xhtml"><ul><li>Include these codes as defined in <a href="CodeSystem-concept-codes.html"><code>http://fhir.org/guides/itech-uw/who-smart-hiv-dak/CodeSystem/concept-codes</code></a><table class="none"><tr><td style="white-space:nowrap"><b>Code</b></td><td><b>Display</b></td><td><b>Definition</b></td></tr><tr><td><a href="CodeSystem-concept-codes.html#concept-codes-DemocodeB">Demo code B</a></td><td>High HIV burden setting</td><td>HIV burden of the setting - High HIV burden setting</td></tr><tr><td><a href="CodeSystem-concept-codes.html#concept-codes-DemocodeC">Demo code C</a></td><td>Low HIV burden setting</td><td>HIV burden of the setting - Low HIV burden setting</td></tr></table></li></ul></div>
  </text>
  <url value="http://fhir.org/guides/itech-uw/ValueSet/demo-code-b"/>
  <version value="0.3.0"/>
  <name value="HIVburdenofthesettingCodes"/>
  <title value="HIV burden of the setting Codes"/>
  <status value="draft"/>
  <experimental value="false"/>
  <date value="2024-03-05T14:51:57+00:00"/>
  <publisher value="World Health Organization (WHO) "/>
  <contact>
    <telecom>
      <system value="url"/>
      <value value="https://www.who.int"/>
    </telecom>
  </contact>
  <description value="Codes representing possible values for the HIV burden of the setting element"/>
  <jurisdiction>
    <coding>
      <system value="http://unstats.un.org/unsd/methods/m49/m49.htm"/>
      <code value="001"/>
    </coding>
  </jurisdiction>
  <immutable value="true"/>
  <compose>
    <include>
      <system value="http://fhir.org/guides/itech-uw/who-smart-hiv-dak/CodeSystem/concept-codes"/>
      <concept>
        <code value="Demo code B"/>
        <display value="High HIV burden setting"/>
      </concept>
      <concept>
        <code value="Demo code C"/>
        <display value="Low HIV burden setting"/>
      </concept>
    </include>
  </compose>
</ValueSet>