<?xml version="1.0" encoding="UTF-8"?>

<ValueSet xmlns="http://hl7.org/fhir">
  <id value="hiv-g-de18"/>
  <text>
    <status value="extensions"/><div xmlns="http://www.w3.org/1999/xhtml"><ul><li>Include these codes as defined in <a href="CodeSystem-concept-codes.html"><code>http://fhir.org/guides/itech-uw/who-smart-hiv-dak/CodeSystem/concept-codes</code></a><table class="none"><tr><td style="white-space:nowrap"><b>Code</b></td><td><b>Display</b></td><td><b>Definition</b></td></tr><tr><td><a href="CodeSystem-concept-codes.html#concept-codes-HIV.46G.46DE18">HIV.G.DE18</a></td><td>HBsAg laboratory-based immunoassay (recommended)</td><td>Hepatitis B test type - HBsAg laboratory-based immunoassay (recommended)</td></tr><tr><td><a href="CodeSystem-concept-codes.html#concept-codes-HIV.46G.46DE19">HIV.G.DE19</a></td><td>HBsAg rapid diagnostic test (RDT)</td><td>Hepatitis B test type - HBsAg rapid diagnostic test (RDT)</td></tr><tr><td><a href="CodeSystem-concept-codes.html#concept-codes-HIV.46G.46DE20">HIV.G.DE20</a></td><td>Dried blood spot (DBS) HBsAg test</td><td>Hepatitis B test type - Dried blood spot (DBS) HBsAg test</td></tr></table></li></ul></div>
  </text>
  <url value="http://fhir.org/guides/itech-uw/ValueSet/hiv-g-de18"/>
  <version value="0.3.0"/>
  <name value="HepatitisBtesttypeCodes"/>
  <title value="Hepatitis B test type Codes"/>
  <status value="draft"/>
  <experimental value="false"/>
  <date value="2024-03-05T14:51:57+00:00"/>
  <publisher value="World Health Organization (WHO) "/>
  <contact>
    <telecom>
      <system value="url"/>
      <value value="https://www.who.int"/>
    </telecom>
  </contact>
  <description value="Codes representing possible values for the Hepatitis B test type element"/>
  <jurisdiction>
    <coding>
      <system value="http://unstats.un.org/unsd/methods/m49/m49.htm"/>
      <code value="001"/>
    </coding>
  </jurisdiction>
  <immutable value="true"/>
  <compose>
    <include>
      <system value="http://fhir.org/guides/itech-uw/who-smart-hiv-dak/CodeSystem/concept-codes"/>
      <concept>
        <code value="HIV.G.DE18"/>
        <display value="HBsAg laboratory-based immunoassay (recommended)"/>
      </concept>
      <concept>
        <code value="HIV.G.DE19"/>
        <display value="HBsAg rapid diagnostic test (RDT)"/>
      </concept>
      <concept>
        <code value="HIV.G.DE20"/>
        <display value="Dried blood spot (DBS) HBsAg test"/>
      </concept>
    </include>
  </compose>
</ValueSet>