{
  "resourceType" : "ConceptMap",
  "id" : "HIVARegistration",
  "text" : {
    "status" : "extensions",
    "div" : "<div xmlns=\"http://www.w3.org/1999/xhtml\"><p>Mapping from (not specified) to (not specified)</p><p>ACTIVE. Published on 2023-12-09 by WHO (WHO: <a href=\"http://who.int\">http://who.int</a>). </p><div><p>Mapping to and from HIV.A Registration Data Dictionary to other codesystems.</p>\n</div><br/><p><b>Group 1</b>Mapping from <a href=\"CodeSystem-HIV.A.html\">HIV.A  Registration CodeSystem</a> to <a href=\"http://terminology.hl7.org/5.3.0/CodeSystem-ICD11MMS.html\">International Classification of Diseases, 11th Revision Mortality and Morbidity Statistics (MMS)</a></p><table class=\"grid\"><tr><td><b>Source Code</b></td><td><b>Relationship</b></td><td><b>Target Code</b></td></tr><tr><td>DE21 (Transgender male)</td><td><a href=\"http://hl7.org/fhir/R4B/codesystem-concept-map-equivalence.html#null\"/></td><td>HA60</td></tr><tr><td>DE22 (Transgender female)</td><td><a href=\"http://hl7.org/fhir/R4B/codesystem-concept-map-equivalence.html#null\"/></td><td>HA60</td></tr></table><hr/><p><b>Group 2</b>Mapping from <a href=\"CodeSystem-HIV.A.html\">HIV.A  Registration CodeSystem</a> to <a href=\"http://terminology.hl7.org/5.3.0/CodeSystem-v3-loinc.html\">Logical Observation Identifiers, Names and Codes (LOINC)</a></p><table class=\"grid\"><tr><td><b>Source Code</b></td><td><b>Relationship</b></td><td><b>Target Code</b></td></tr><tr><td>DE1 (First name)</td><td><a href=\"http://hl7.org/fhir/R4B/codesystem-concept-map-equivalence.html#null\"/></td><td>45392-8 (Patient First (Given) name)</td></tr><tr><td>DE2 (Family name)</td><td><a href=\"http://hl7.org/fhir/R4B/codesystem-concept-map-equivalence.html#null\"/></td><td>45394-4 (Patient Last (Family) name)</td></tr><tr><td>DE3 (Visit date)</td><td><a href=\"http://hl7.org/fhir/R4B/codesystem-concept-map-equivalence.html#null\"/></td><td>76427-4 (Visit date)</td></tr><tr><td>DE4 (Referral)</td><td><a href=\"http://hl7.org/fhir/R4B/codesystem-concept-map-equivalence.html#null\"/></td><td>86664-0 (HIV Referral note)</td></tr><tr><td>DE6 (Community)</td><td><a href=\"http://hl7.org/fhir/R4B/codesystem-concept-map-equivalence.html#null\"/></td><td>80419-5 (Community health care Referral note)</td></tr><tr><td>DE7 (Facility)</td><td><a href=\"http://hl7.org/fhir/R4B/codesystem-concept-map-equivalence.html#null\"/></td><td>78674-9 (Public health Referral note)</td></tr><tr><td>DE8 (Unique identifier)</td><td><a href=\"http://hl7.org/fhir/R4B/codesystem-concept-map-equivalence.html#null\"/></td><td>76435-7 (Patient identifier)</td></tr><tr><td>DE9 (National ID)</td><td><a href=\"http://hl7.org/fhir/R4B/codesystem-concept-map-equivalence.html#null\"/></td><td>76435-7 (Patient identifier)</td></tr><tr><td>DE10 (National health ID)</td><td><a href=\"http://hl7.org/fhir/R4B/codesystem-concept-map-equivalence.html#null\"/></td><td>76435-7 (Patient identifier)</td></tr><tr><td>DE11 (National programme ID)</td><td><a href=\"http://hl7.org/fhir/R4B/codesystem-concept-map-equivalence.html#null\"/></td><td>76435-7 (Patient identifier)</td></tr><tr><td>DE12 (National health insurance ID)</td><td><a href=\"http://hl7.org/fhir/R4B/codesystem-concept-map-equivalence.html#null\"/></td><td>76435-7 (Patient identifier)</td></tr><tr><td>DE14 (Date of birth)</td><td><a href=\"http://hl7.org/fhir/R4B/codesystem-concept-map-equivalence.html#null\"/></td><td>21112-8 (Birth date)</td></tr><tr><td>DE16 (Estimated age)</td><td><a href=\"http://hl7.org/fhir/R4B/codesystem-concept-map-equivalence.html#null\"/></td><td>21611-9 (Age estimated)</td></tr><tr><td>DE17 (Age)</td><td><a href=\"http://hl7.org/fhir/R4B/codesystem-concept-map-equivalence.html#null\"/></td><td>29553-5 (Age calculated)</td></tr><tr><td>DE19 (Female)</td><td><a href=\"http://hl7.org/fhir/R4B/codesystem-concept-map-equivalence.html#null\"/></td><td>76691-5 (Gender identity)</td></tr><tr><td>DE20 (Male)</td><td><a href=\"http://hl7.org/fhir/R4B/codesystem-concept-map-equivalence.html#null\"/></td><td>76691-5 (Gender identity)</td></tr><tr><td>DE21 (Transgender male)</td><td><a href=\"http://hl7.org/fhir/R4B/codesystem-concept-map-equivalence.html#null\"/></td><td>76691-5 (Gender identity)</td></tr><tr><td>DE22 (Transgender female)</td><td><a href=\"http://hl7.org/fhir/R4B/codesystem-concept-map-equivalence.html#null\"/></td><td>76691-5 (Gender identity)</td></tr><tr><td>DE23 (Other)</td><td><a href=\"http://hl7.org/fhir/R4B/codesystem-concept-map-equivalence.html#null\"/></td><td>76691-5 (Gender identity)</td></tr><tr><td>DE24 (Other (specify))</td><td><a href=\"http://hl7.org/fhir/R4B/codesystem-concept-map-equivalence.html#null\"/></td><td>76691-5 (Gender identity)</td></tr><tr><td>DE26 (Female)</td><td><a href=\"http://hl7.org/fhir/R4B/codesystem-concept-map-equivalence.html#null\"/></td><td>11432-2 (Physical findings of Female genitalia)</td></tr><tr><td>DE27 (Male)</td><td><a href=\"http://hl7.org/fhir/R4B/codesystem-concept-map-equivalence.html#null\"/></td><td>11433-0 (Physical findings of Male genitalia)</td></tr><tr><td>DE28 (Other)</td><td><a href=\"http://hl7.org/fhir/R4B/codesystem-concept-map-equivalence.html#null\"/></td><td>46098-0 (Sex)</td></tr><tr><td>DE29 (Address)</td><td><a href=\"http://hl7.org/fhir/R4B/codesystem-concept-map-equivalence.html#null\"/></td><td>56799-0 (Address)</td></tr><tr><td>DE31 (Unmarried)</td><td><a href=\"http://hl7.org/fhir/R4B/codesystem-concept-map-equivalence.html#null\"/></td><td>45404-1 (Marital status)</td></tr><tr><td>DE32 (Never married)</td><td><a href=\"http://hl7.org/fhir/R4B/codesystem-concept-map-equivalence.html#null\"/></td><td>45404-1 (Marital status)</td></tr><tr><td>DE33 (Married)</td><td><a href=\"http://hl7.org/fhir/R4B/codesystem-concept-map-equivalence.html#null\"/></td><td>45404-1 (Marital status)</td></tr><tr><td>DE34 (Polygamous)</td><td><a href=\"http://hl7.org/fhir/R4B/codesystem-concept-map-equivalence.html#null\"/></td><td>45404-1 (Marital status)</td></tr><tr><td>DE35 (Divorced )</td><td><a href=\"http://hl7.org/fhir/R4B/codesystem-concept-map-equivalence.html#null\"/></td><td>45404-1 (Marital status)</td></tr><tr><td>DE36 (Widowed)</td><td><a href=\"http://hl7.org/fhir/R4B/codesystem-concept-map-equivalence.html#null\"/></td><td>45404-1 (Marital status)</td></tr><tr><td>DE37 (Unknown)</td><td><a href=\"http://hl7.org/fhir/R4B/codesystem-concept-map-equivalence.html#null\"/></td><td>45404-1 (Marital status)</td></tr><tr><td>DE38 (Domestic partner)</td><td><a href=\"http://hl7.org/fhir/R4B/codesystem-concept-map-equivalence.html#null\"/></td><td>45404-1 (Marital status)</td></tr><tr><td>DE39 (Annulled)</td><td><a href=\"http://hl7.org/fhir/R4B/codesystem-concept-map-equivalence.html#null\"/></td><td>45404-1 (Marital status)</td></tr><tr><td>DE40 (Legally separated)</td><td><a href=\"http://hl7.org/fhir/R4B/codesystem-concept-map-equivalence.html#null\"/></td><td>45404-1 (Marital status)</td></tr><tr><td>DE41 (Interlocutory)</td><td><a href=\"http://hl7.org/fhir/R4B/codesystem-concept-map-equivalence.html#null\"/></td><td>45404-1 (Marital status)</td></tr><tr><td>DE42 (Telephone number)</td><td><a href=\"http://hl7.org/fhir/R4B/codesystem-concept-map-equivalence.html#null\"/></td><td>42077-8 (Patient phone number)</td></tr><tr><td>DE44 (Communication consent)</td><td><a href=\"http://hl7.org/fhir/R4B/codesystem-concept-map-equivalence.html#null\"/></td><td>59284-0 (Consent Document)</td></tr><tr><td>DE45 (Reminder messages)</td><td><a href=\"http://hl7.org/fhir/R4B/codesystem-concept-map-equivalence.html#null\"/></td><td>59284-0 (Consent Document)</td></tr><tr><td>DE49 (Client's email)</td><td><a href=\"http://hl7.org/fhir/R4B/codesystem-concept-map-equivalence.html#null\"/></td><td>76458-9 (Patient Email address)</td></tr><tr><td>DE50 (Alternate contact's name)</td><td><a href=\"http://hl7.org/fhir/R4B/codesystem-concept-map-equivalence.html#null\"/></td><td>95727-4 (Contact Name)</td></tr><tr><td>DE51 (Alternate contact's phone number)</td><td><a href=\"http://hl7.org/fhir/R4B/codesystem-concept-map-equivalence.html#null\"/></td><td>89060-8 (Contact Phone number)</td></tr><tr><td>DE52 (Alternate contact's address)</td><td><a href=\"http://hl7.org/fhir/R4B/codesystem-concept-map-equivalence.html#null\"/></td><td>95728-2 (Contact Address)</td></tr><tr><td>DE53 (Alternate contact relationship)</td><td><a href=\"http://hl7.org/fhir/R4B/codesystem-concept-map-equivalence.html#null\"/></td><td>85432-3 (Contact Relationship to patient)</td></tr></table><hr/><p><b>Group 3</b>Mapping from <a href=\"CodeSystem-HIV.A.html\">HIV.A  Registration CodeSystem</a> to <a href=\"http://terminology.hl7.org/5.3.0/CodeSystem-ICF.html\">International Classification of Functioning, Disability and Health</a></p><table class=\"grid\"><tr><td><b>Source Code</b></td><td><b>Relationship</b></td><td><b>Target Code</b></td></tr><tr><td>DE4 (Referral)</td><td><a href=\"http://hl7.org/fhir/R4B/codesystem-concept-map-equivalence.html#null\"/></td><td>UEP.TI.ZZ</td></tr></table><hr/><p><b>Group 4</b>Mapping from <a href=\"CodeSystem-HIV.A.html\">HIV.A  Registration CodeSystem</a> to <a href=\"http://terminology.hl7.org/5.3.0/CodeSystem-ICF.html\">International Classification of Functioning, Disability and Health</a></p><table class=\"grid\"><tr><td><b>Source Code</b></td><td><b>Relationship</b></td><td><b>Target Code</b></td></tr><tr><td>DE47 (Text message/SMS)</td><td><a href=\"http://hl7.org/fhir/R4B/codesystem-concept-map-equivalence.html#null\"/></td><td>d3600.9</td></tr><tr><td>DE48 (Voice call)</td><td><a href=\"http://hl7.org/fhir/R4B/codesystem-concept-map-equivalence.html#null\"/></td><td>d3600.9</td></tr><tr><td>DE49 (Client's email)</td><td><a href=\"http://hl7.org/fhir/R4B/codesystem-concept-map-equivalence.html#null\"/></td><td>d325.9</td></tr></table><hr/><p><b>Group 5</b>Mapping from <a href=\"CodeSystem-HIV.A.html\">HIV.A  Registration CodeSystem</a> to <a href=\"http://hl7.org/fhir/R4B/codesystem-snomedct.html\">SNOMED CT (all versions)</a></p><table class=\"grid\"><tr><td><b>Source Code</b></td><td><b>Relationship</b></td><td><b>Target Code</b></td></tr><tr><td>DE1 (First name)</td><td><a href=\"http://hl7.org/fhir/R4B/codesystem-concept-map-equivalence.html#null\"/></td><td>184095009.0</td></tr><tr><td>DE2 (Family name)</td><td><a href=\"http://hl7.org/fhir/R4B/codesystem-concept-map-equivalence.html#null\"/></td><td>184096005.0</td></tr><tr><td>DE3 (Visit date)</td><td><a href=\"http://hl7.org/fhir/R4B/codesystem-concept-map-equivalence.html#null\"/></td><td>406543005.0</td></tr><tr><td>DE4 (Referral)</td><td><a href=\"http://hl7.org/fhir/R4B/codesystem-concept-map-equivalence.html#null\"/></td><td>309018005.0</td></tr><tr><td>DE6 (Community)</td><td><a href=\"http://hl7.org/fhir/R4B/codesystem-concept-map-equivalence.html#null\"/></td><td>185361006.0</td></tr><tr><td>DE7 (Facility)</td><td><a href=\"http://hl7.org/fhir/R4B/codesystem-concept-map-equivalence.html#null\"/></td><td>185360007.0</td></tr><tr><td>DE8 (Unique identifier)</td><td><a href=\"http://hl7.org/fhir/R4B/codesystem-concept-map-equivalence.html#null\"/></td><td>9.000000000004739e+17</td></tr><tr><td>DE9 (National ID)</td><td><a href=\"http://hl7.org/fhir/R4B/codesystem-concept-map-equivalence.html#null\"/></td><td>9.000000000004739e+17</td></tr><tr><td>DE10 (National health ID)</td><td><a href=\"http://hl7.org/fhir/R4B/codesystem-concept-map-equivalence.html#null\"/></td><td>9.000000000004739e+17</td></tr><tr><td>DE11 (National programme ID)</td><td><a href=\"http://hl7.org/fhir/R4B/codesystem-concept-map-equivalence.html#null\"/></td><td>9.000000000004739e+17</td></tr><tr><td>DE12 (National health insurance ID)</td><td><a href=\"http://hl7.org/fhir/R4B/codesystem-concept-map-equivalence.html#null\"/></td><td>9.000000000004739e+17</td></tr><tr><td>DE13 (Country of birth)</td><td><a href=\"http://hl7.org/fhir/R4B/codesystem-concept-map-equivalence.html#null\"/></td><td>315354004.0</td></tr><tr><td>DE14 (Date of birth)</td><td><a href=\"http://hl7.org/fhir/R4B/codesystem-concept-map-equivalence.html#null\"/></td><td>184099003.0</td></tr><tr><td>DE15 (Date of birth unknown)</td><td><a href=\"http://hl7.org/fhir/R4B/codesystem-concept-map-equivalence.html#null\"/></td><td>184114006.0</td></tr><tr><td>DE16 (Estimated age)</td><td><a href=\"http://hl7.org/fhir/R4B/codesystem-concept-map-equivalence.html#null\"/></td><td>397669002.0</td></tr><tr><td>DE17 (Age)</td><td><a href=\"http://hl7.org/fhir/R4B/codesystem-concept-map-equivalence.html#null\"/></td><td>424144002.0</td></tr><tr><td>DE19 (Female)</td><td><a href=\"http://hl7.org/fhir/R4B/codesystem-concept-map-equivalence.html#null\"/></td><td>446141000124107.0</td></tr><tr><td>DE20 (Male)</td><td><a href=\"http://hl7.org/fhir/R4B/codesystem-concept-map-equivalence.html#null\"/></td><td>446151000124109.0</td></tr><tr><td>DE21 (Transgender male)</td><td><a href=\"http://hl7.org/fhir/R4B/codesystem-concept-map-equivalence.html#null\"/></td><td>446151000124109.0</td></tr><tr><td>DE22 (Transgender female)</td><td><a href=\"http://hl7.org/fhir/R4B/codesystem-concept-map-equivalence.html#null\"/></td><td>446141000124107.0</td></tr><tr><td>DE23 (Other)</td><td><a href=\"http://hl7.org/fhir/R4B/codesystem-concept-map-equivalence.html#null\"/></td><td>33821000087103.0</td></tr><tr><td>DE24 (Other (specify))</td><td><a href=\"http://hl7.org/fhir/R4B/codesystem-concept-map-equivalence.html#null\"/></td><td>33821000087103.0</td></tr><tr><td>DE26 (Female)</td><td><a href=\"http://hl7.org/fhir/R4B/codesystem-concept-map-equivalence.html#null\"/></td><td>248152002.0</td></tr><tr><td>DE27 (Male)</td><td><a href=\"http://hl7.org/fhir/R4B/codesystem-concept-map-equivalence.html#null\"/></td><td>248153007.0</td></tr><tr><td>DE28 (Other)</td><td><a href=\"http://hl7.org/fhir/R4B/codesystem-concept-map-equivalence.html#null\"/></td><td>33791000087105.0</td></tr><tr><td>DE29 (Address)</td><td><a href=\"http://hl7.org/fhir/R4B/codesystem-concept-map-equivalence.html#null\"/></td><td>184097001.0</td></tr><tr><td>DE31 (Unmarried)</td><td><a href=\"http://hl7.org/fhir/R4B/codesystem-concept-map-equivalence.html#null\"/></td><td>125725006.0</td></tr><tr><td>DE32 (Never married)</td><td><a href=\"http://hl7.org/fhir/R4B/codesystem-concept-map-equivalence.html#null\"/></td><td>125725006.0</td></tr><tr><td>DE33 (Married)</td><td><a href=\"http://hl7.org/fhir/R4B/codesystem-concept-map-equivalence.html#null\"/></td><td>87915002.0</td></tr><tr><td>DE34 (Polygamous)</td><td><a href=\"http://hl7.org/fhir/R4B/codesystem-concept-map-equivalence.html#null\"/></td><td>22187004.0</td></tr><tr><td>DE35 (Divorced )</td><td><a href=\"http://hl7.org/fhir/R4B/codesystem-concept-map-equivalence.html#null\"/></td><td>20295000.0</td></tr><tr><td>DE36 (Widowed)</td><td><a href=\"http://hl7.org/fhir/R4B/codesystem-concept-map-equivalence.html#null\"/></td><td>33553000.0</td></tr><tr><td>DE37 (Unknown)</td><td><a href=\"http://hl7.org/fhir/R4B/codesystem-concept-map-equivalence.html#null\"/></td><td>160504008.0</td></tr><tr><td>DE38 (Domestic partner)</td><td><a href=\"http://hl7.org/fhir/R4B/codesystem-concept-map-equivalence.html#null\"/></td><td>430618002.0</td></tr><tr><td>DE39 (Annulled)</td><td><a href=\"http://hl7.org/fhir/R4B/codesystem-concept-map-equivalence.html#null\"/></td><td>2326000.0</td></tr><tr><td>DE40 (Legally separated)</td><td><a href=\"http://hl7.org/fhir/R4B/codesystem-concept-map-equivalence.html#null\"/></td><td>13184001.0</td></tr><tr><td>DE41 (Interlocutory)</td><td><a href=\"http://hl7.org/fhir/R4B/codesystem-concept-map-equivalence.html#null\"/></td><td>430617007.0</td></tr><tr><td>DE42 (Telephone number)</td><td><a href=\"http://hl7.org/fhir/R4B/codesystem-concept-map-equivalence.html#null\"/></td><td>184103008.0</td></tr><tr><td>DE44 (Communication consent)</td><td><a href=\"http://hl7.org/fhir/R4B/codesystem-concept-map-equivalence.html#null\"/></td><td>441898007.0</td></tr><tr><td>DE45 (Reminder messages)</td><td><a href=\"http://hl7.org/fhir/R4B/codesystem-concept-map-equivalence.html#null\"/></td><td>304515000.0</td></tr><tr><td>DE47 (Text message/SMS)</td><td><a href=\"http://hl7.org/fhir/R4B/codesystem-concept-map-equivalence.html#null\"/></td><td>699237001.0</td></tr><tr><td>DE48 (Voice call)</td><td><a href=\"http://hl7.org/fhir/R4B/codesystem-concept-map-equivalence.html#null\"/></td><td>300731002.0</td></tr><tr><td>DE49 (Client's email)</td><td><a href=\"http://hl7.org/fhir/R4B/codesystem-concept-map-equivalence.html#null\"/></td><td>424966008.0</td></tr><tr><td>DE50 (Alternate contact's name)</td><td><a href=\"http://hl7.org/fhir/R4B/codesystem-concept-map-equivalence.html#null\"/></td><td>1187334000.0</td></tr><tr><td>DE51 (Alternate contact's phone number)</td><td><a href=\"http://hl7.org/fhir/R4B/codesystem-concept-map-equivalence.html#null\"/></td><td>734005006.0</td></tr><tr><td>DE52 (Alternate contact's address)</td><td><a href=\"http://hl7.org/fhir/R4B/codesystem-concept-map-equivalence.html#null\"/></td><td>397635003.0</td></tr><tr><td>DE53 (Alternate contact relationship)</td><td><a href=\"http://hl7.org/fhir/R4B/codesystem-concept-map-equivalence.html#null\"/></td><td>263498003.0</td></tr></table></div>"
  },
  "url" : "http://worldhealthorganization.github.io/smart-hiv/ConceptMap/HIVARegistration",
  "version" : "0.1.0",
  "name" : "HIV_A_Registration",
  "title" : "ConceptMap to and from HIV.A Registration DataElements",
  "status" : "active",
  "experimental" : false,
  "date" : "2023-12-09",
  "publisher" : "WHO",
  "contact" : [{
    "name" : "WHO",
    "telecom" : [{
      "system" : "url",
      "value" : "http://who.int"
    }]
  }],
  "description" : "Mapping to and from HIV.A Registration Data Dictionary to other codesystems.",
  "group" : [{
    "source" : "http://worldhealthorganization.github.io/smart-hiv/CodeSystem/HIV.A",
    "target" : "http://id.who.int/icd/release/11/mms",
    "element" : [{
      "code" : "DE21",
      "target" : [{
        "modifierExtension" : [{
          "url" : "http://hl7.org/fhir/1.0/StructureDefinition/extension-ConceptMap.element.target.equivalence",
          "valueCode" : "equivalent"
        }],
        "code" : "HA60",
        "equivalence" : "equivalent"
      }]
    },
    {
      "code" : "DE22",
      "target" : [{
        "modifierExtension" : [{
          "url" : "http://hl7.org/fhir/1.0/StructureDefinition/extension-ConceptMap.element.target.equivalence",
          "valueCode" : "equivalent"
        }],
        "code" : "HA60",
        "equivalence" : "equivalent"
      }]
    }]
  },
  {
    "source" : "http://worldhealthorganization.github.io/smart-hiv/CodeSystem/HIV.A",
    "target" : "http://loinc.org",
    "element" : [{
      "code" : "DE1",
      "target" : [{
        "modifierExtension" : [{
          "url" : "http://hl7.org/fhir/1.0/StructureDefinition/extension-ConceptMap.element.target.equivalence",
          "valueCode" : "equivalent"
        }],
        "code" : "45392-8",
        "equivalence" : "equivalent"
      }]
    },
    {
      "code" : "DE2",
      "target" : [{
        "modifierExtension" : [{
          "url" : "http://hl7.org/fhir/1.0/StructureDefinition/extension-ConceptMap.element.target.equivalence",
          "valueCode" : "equivalent"
        }],
        "code" : "45394-4",
        "equivalence" : "equivalent"
      }]
    },
    {
      "code" : "DE3",
      "target" : [{
        "modifierExtension" : [{
          "url" : "http://hl7.org/fhir/1.0/StructureDefinition/extension-ConceptMap.element.target.equivalence",
          "valueCode" : "equivalent"
        }],
        "code" : "76427-4",
        "equivalence" : "equivalent"
      }]
    },
    {
      "code" : "DE4",
      "target" : [{
        "modifierExtension" : [{
          "url" : "http://hl7.org/fhir/1.0/StructureDefinition/extension-ConceptMap.element.target.equivalence",
          "valueCode" : "equivalent"
        }],
        "code" : "86664-0",
        "equivalence" : "equivalent"
      }]
    },
    {
      "code" : "DE6",
      "target" : [{
        "modifierExtension" : [{
          "url" : "http://hl7.org/fhir/1.0/StructureDefinition/extension-ConceptMap.element.target.equivalence",
          "valueCode" : "equivalent"
        }],
        "code" : "80419-5",
        "equivalence" : "equivalent"
      }]
    },
    {
      "code" : "DE7",
      "target" : [{
        "modifierExtension" : [{
          "url" : "http://hl7.org/fhir/1.0/StructureDefinition/extension-ConceptMap.element.target.equivalence",
          "valueCode" : "equivalent"
        }],
        "code" : "78674-9",
        "equivalence" : "equivalent"
      }]
    },
    {
      "code" : "DE8",
      "target" : [{
        "modifierExtension" : [{
          "url" : "http://hl7.org/fhir/1.0/StructureDefinition/extension-ConceptMap.element.target.equivalence",
          "valueCode" : "equivalent"
        }],
        "code" : "76435-7",
        "equivalence" : "equivalent"
      }]
    },
    {
      "code" : "DE9",
      "target" : [{
        "modifierExtension" : [{
          "url" : "http://hl7.org/fhir/1.0/StructureDefinition/extension-ConceptMap.element.target.equivalence",
          "valueCode" : "equivalent"
        }],
        "code" : "76435-7",
        "equivalence" : "equivalent"
      }]
    },
    {
      "code" : "DE10",
      "target" : [{
        "modifierExtension" : [{
          "url" : "http://hl7.org/fhir/1.0/StructureDefinition/extension-ConceptMap.element.target.equivalence",
          "valueCode" : "equivalent"
        }],
        "code" : "76435-7",
        "equivalence" : "equivalent"
      }]
    },
    {
      "code" : "DE11",
      "target" : [{
        "modifierExtension" : [{
          "url" : "http://hl7.org/fhir/1.0/StructureDefinition/extension-ConceptMap.element.target.equivalence",
          "valueCode" : "equivalent"
        }],
        "code" : "76435-7",
        "equivalence" : "equivalent"
      }]
    },
    {
      "code" : "DE12",
      "target" : [{
        "modifierExtension" : [{
          "url" : "http://hl7.org/fhir/1.0/StructureDefinition/extension-ConceptMap.element.target.equivalence",
          "valueCode" : "equivalent"
        }],
        "code" : "76435-7",
        "equivalence" : "equivalent"
      }]
    },
    {
      "code" : "DE14",
      "target" : [{
        "modifierExtension" : [{
          "url" : "http://hl7.org/fhir/1.0/StructureDefinition/extension-ConceptMap.element.target.equivalence",
          "valueCode" : "equivalent"
        }],
        "code" : "21112-8",
        "equivalence" : "equivalent"
      }]
    },
    {
      "code" : "DE16",
      "target" : [{
        "modifierExtension" : [{
          "url" : "http://hl7.org/fhir/1.0/StructureDefinition/extension-ConceptMap.element.target.equivalence",
          "valueCode" : "equivalent"
        }],
        "code" : "21611-9",
        "equivalence" : "equivalent"
      }]
    },
    {
      "code" : "DE17",
      "target" : [{
        "modifierExtension" : [{
          "url" : "http://hl7.org/fhir/1.0/StructureDefinition/extension-ConceptMap.element.target.equivalence",
          "valueCode" : "equivalent"
        }],
        "code" : "29553-5",
        "equivalence" : "equivalent"
      }]
    },
    {
      "code" : "DE19",
      "target" : [{
        "modifierExtension" : [{
          "url" : "http://hl7.org/fhir/1.0/StructureDefinition/extension-ConceptMap.element.target.equivalence",
          "valueCode" : "equivalent"
        }],
        "code" : "76691-5",
        "equivalence" : "equivalent"
      }]
    },
    {
      "code" : "DE20",
      "target" : [{
        "modifierExtension" : [{
          "url" : "http://hl7.org/fhir/1.0/StructureDefinition/extension-ConceptMap.element.target.equivalence",
          "valueCode" : "equivalent"
        }],
        "code" : "76691-5",
        "equivalence" : "equivalent"
      }]
    },
    {
      "code" : "DE21",
      "target" : [{
        "modifierExtension" : [{
          "url" : "http://hl7.org/fhir/1.0/StructureDefinition/extension-ConceptMap.element.target.equivalence",
          "valueCode" : "equivalent"
        }],
        "code" : "76691-5",
        "equivalence" : "equivalent"
      }]
    },
    {
      "code" : "DE22",
      "target" : [{
        "modifierExtension" : [{
          "url" : "http://hl7.org/fhir/1.0/StructureDefinition/extension-ConceptMap.element.target.equivalence",
          "valueCode" : "equivalent"
        }],
        "code" : "76691-5",
        "equivalence" : "equivalent"
      }]
    },
    {
      "code" : "DE23",
      "target" : [{
        "modifierExtension" : [{
          "url" : "http://hl7.org/fhir/1.0/StructureDefinition/extension-ConceptMap.element.target.equivalence",
          "valueCode" : "equivalent"
        }],
        "code" : "76691-5",
        "equivalence" : "equivalent"
      }]
    },
    {
      "code" : "DE24",
      "target" : [{
        "modifierExtension" : [{
          "url" : "http://hl7.org/fhir/1.0/StructureDefinition/extension-ConceptMap.element.target.equivalence",
          "valueCode" : "equivalent"
        }],
        "code" : "76691-5",
        "equivalence" : "equivalent"
      }]
    },
    {
      "code" : "DE26",
      "target" : [{
        "modifierExtension" : [{
          "url" : "http://hl7.org/fhir/1.0/StructureDefinition/extension-ConceptMap.element.target.equivalence",
          "valueCode" : "equivalent"
        }],
        "code" : "11432-2",
        "equivalence" : "equivalent"
      }]
    },
    {
      "code" : "DE27",
      "target" : [{
        "modifierExtension" : [{
          "url" : "http://hl7.org/fhir/1.0/StructureDefinition/extension-ConceptMap.element.target.equivalence",
          "valueCode" : "equivalent"
        }],
        "code" : "11433-0",
        "equivalence" : "equivalent"
      }]
    },
    {
      "code" : "DE28",
      "target" : [{
        "modifierExtension" : [{
          "url" : "http://hl7.org/fhir/1.0/StructureDefinition/extension-ConceptMap.element.target.equivalence",
          "valueCode" : "equivalent"
        }],
        "code" : "46098-0",
        "equivalence" : "equivalent"
      }]
    },
    {
      "code" : "DE29",
      "target" : [{
        "modifierExtension" : [{
          "url" : "http://hl7.org/fhir/1.0/StructureDefinition/extension-ConceptMap.element.target.equivalence",
          "valueCode" : "equivalent"
        }],
        "code" : "56799-0",
        "equivalence" : "equivalent"
      }]
    },
    {
      "code" : "DE31",
      "target" : [{
        "modifierExtension" : [{
          "url" : "http://hl7.org/fhir/1.0/StructureDefinition/extension-ConceptMap.element.target.equivalence",
          "valueCode" : "equivalent"
        }],
        "code" : "45404-1",
        "equivalence" : "equivalent"
      }]
    },
    {
      "code" : "DE32",
      "target" : [{
        "modifierExtension" : [{
          "url" : "http://hl7.org/fhir/1.0/StructureDefinition/extension-ConceptMap.element.target.equivalence",
          "valueCode" : "equivalent"
        }],
        "code" : "45404-1",
        "equivalence" : "equivalent"
      }]
    },
    {
      "code" : "DE33",
      "target" : [{
        "modifierExtension" : [{
          "url" : "http://hl7.org/fhir/1.0/StructureDefinition/extension-ConceptMap.element.target.equivalence",
          "valueCode" : "equivalent"
        }],
        "code" : "45404-1",
        "equivalence" : "equivalent"
      }]
    },
    {
      "code" : "DE34",
      "target" : [{
        "modifierExtension" : [{
          "url" : "http://hl7.org/fhir/1.0/StructureDefinition/extension-ConceptMap.element.target.equivalence",
          "valueCode" : "equivalent"
        }],
        "code" : "45404-1",
        "equivalence" : "equivalent"
      }]
    },
    {
      "code" : "DE35",
      "target" : [{
        "modifierExtension" : [{
          "url" : "http://hl7.org/fhir/1.0/StructureDefinition/extension-ConceptMap.element.target.equivalence",
          "valueCode" : "equivalent"
        }],
        "code" : "45404-1",
        "equivalence" : "equivalent"
      }]
    },
    {
      "code" : "DE36",
      "target" : [{
        "modifierExtension" : [{
          "url" : "http://hl7.org/fhir/1.0/StructureDefinition/extension-ConceptMap.element.target.equivalence",
          "valueCode" : "equivalent"
        }],
        "code" : "45404-1",
        "equivalence" : "equivalent"
      }]
    },
    {
      "code" : "DE37",
      "target" : [{
        "modifierExtension" : [{
          "url" : "http://hl7.org/fhir/1.0/StructureDefinition/extension-ConceptMap.element.target.equivalence",
          "valueCode" : "equivalent"
        }],
        "code" : "45404-1",
        "equivalence" : "equivalent"
      }]
    },
    {
      "code" : "DE38",
      "target" : [{
        "modifierExtension" : [{
          "url" : "http://hl7.org/fhir/1.0/StructureDefinition/extension-ConceptMap.element.target.equivalence",
          "valueCode" : "equivalent"
        }],
        "code" : "45404-1",
        "equivalence" : "equivalent"
      }]
    },
    {
      "code" : "DE39",
      "target" : [{
        "modifierExtension" : [{
          "url" : "http://hl7.org/fhir/1.0/StructureDefinition/extension-ConceptMap.element.target.equivalence",
          "valueCode" : "equivalent"
        }],
        "code" : "45404-1",
        "equivalence" : "equivalent"
      }]
    },
    {
      "code" : "DE40",
      "target" : [{
        "modifierExtension" : [{
          "url" : "http://hl7.org/fhir/1.0/StructureDefinition/extension-ConceptMap.element.target.equivalence",
          "valueCode" : "equivalent"
        }],
        "code" : "45404-1",
        "equivalence" : "equivalent"
      }]
    },
    {
      "code" : "DE41",
      "target" : [{
        "modifierExtension" : [{
          "url" : "http://hl7.org/fhir/1.0/StructureDefinition/extension-ConceptMap.element.target.equivalence",
          "valueCode" : "equivalent"
        }],
        "code" : "45404-1",
        "equivalence" : "equivalent"
      }]
    },
    {
      "code" : "DE42",
      "target" : [{
        "modifierExtension" : [{
          "url" : "http://hl7.org/fhir/1.0/StructureDefinition/extension-ConceptMap.element.target.equivalence",
          "valueCode" : "equivalent"
        }],
        "code" : "42077-8",
        "equivalence" : "equivalent"
      }]
    },
    {
      "code" : "DE44",
      "target" : [{
        "modifierExtension" : [{
          "url" : "http://hl7.org/fhir/1.0/StructureDefinition/extension-ConceptMap.element.target.equivalence",
          "valueCode" : "equivalent"
        }],
        "code" : "59284-0",
        "equivalence" : "equivalent"
      }]
    },
    {
      "code" : "DE45",
      "target" : [{
        "modifierExtension" : [{
          "url" : "http://hl7.org/fhir/1.0/StructureDefinition/extension-ConceptMap.element.target.equivalence",
          "valueCode" : "equivalent"
        }],
        "code" : "59284-0",
        "equivalence" : "equivalent"
      }]
    },
    {
      "code" : "DE49",
      "target" : [{
        "modifierExtension" : [{
          "url" : "http://hl7.org/fhir/1.0/StructureDefinition/extension-ConceptMap.element.target.equivalence",
          "valueCode" : "equivalent"
        }],
        "code" : "76458-9",
        "equivalence" : "equivalent"
      }]
    },
    {
      "code" : "DE50",
      "target" : [{
        "modifierExtension" : [{
          "url" : "http://hl7.org/fhir/1.0/StructureDefinition/extension-ConceptMap.element.target.equivalence",
          "valueCode" : "equivalent"
        }],
        "code" : "95727-4",
        "equivalence" : "equivalent"
      }]
    },
    {
      "code" : "DE51",
      "target" : [{
        "modifierExtension" : [{
          "url" : "http://hl7.org/fhir/1.0/StructureDefinition/extension-ConceptMap.element.target.equivalence",
          "valueCode" : "equivalent"
        }],
        "code" : "89060-8",
        "equivalence" : "equivalent"
      }]
    },
    {
      "code" : "DE52",
      "target" : [{
        "modifierExtension" : [{
          "url" : "http://hl7.org/fhir/1.0/StructureDefinition/extension-ConceptMap.element.target.equivalence",
          "valueCode" : "equivalent"
        }],
        "code" : "95728-2",
        "equivalence" : "equivalent"
      }]
    },
    {
      "code" : "DE53",
      "target" : [{
        "modifierExtension" : [{
          "url" : "http://hl7.org/fhir/1.0/StructureDefinition/extension-ConceptMap.element.target.equivalence",
          "valueCode" : "equivalent"
        }],
        "code" : "85432-3",
        "equivalence" : "equivalent"
      }]
    }]
  },
  {
    "source" : "http://worldhealthorganization.github.io/smart-hiv/CodeSystem/HIV.A",
    "target" : "http://hl7.org/fhir/sid/icf",
    "element" : [{
      "code" : "DE4",
      "target" : [{
        "modifierExtension" : [{
          "url" : "http://hl7.org/fhir/1.0/StructureDefinition/extension-ConceptMap.element.target.equivalence",
          "valueCode" : "equivalent"
        }],
        "code" : "UEP.TI.ZZ",
        "equivalence" : "equivalent"
      }]
    }]
  },
  {
    "source" : "http://worldhealthorganization.github.io/smart-hiv/CodeSystem/HIV.A",
    "target" : "http://hl7.org/fhir/sid/icf",
    "element" : [{
      "code" : "DE47",
      "target" : [{
        "modifierExtension" : [{
          "url" : "http://hl7.org/fhir/1.0/StructureDefinition/extension-ConceptMap.element.target.equivalence",
          "valueCode" : "equivalent"
        }],
        "code" : "d3600.9",
        "equivalence" : "equivalent"
      }]
    },
    {
      "code" : "DE48",
      "target" : [{
        "modifierExtension" : [{
          "url" : "http://hl7.org/fhir/1.0/StructureDefinition/extension-ConceptMap.element.target.equivalence",
          "valueCode" : "equivalent"
        }],
        "code" : "d3600.9",
        "equivalence" : "equivalent"
      }]
    },
    {
      "code" : "DE49",
      "target" : [{
        "modifierExtension" : [{
          "url" : "http://hl7.org/fhir/1.0/StructureDefinition/extension-ConceptMap.element.target.equivalence",
          "valueCode" : "equivalent"
        }],
        "code" : "d325.9",
        "equivalence" : "equivalent"
      }]
    }]
  },
  {
    "source" : "http://worldhealthorganization.github.io/smart-hiv/CodeSystem/HIV.A",
    "target" : "http://snomed.info/sct",
    "element" : [{
      "code" : "DE1",
      "target" : [{
        "modifierExtension" : [{
          "url" : "http://hl7.org/fhir/1.0/StructureDefinition/extension-ConceptMap.element.target.equivalence",
          "valueCode" : "equivalent"
        }],
        "code" : "184095009.0",
        "equivalence" : "equivalent"
      }]
    },
    {
      "code" : "DE2",
      "target" : [{
        "modifierExtension" : [{
          "url" : "http://hl7.org/fhir/1.0/StructureDefinition/extension-ConceptMap.element.target.equivalence",
          "valueCode" : "equivalent"
        }],
        "code" : "184096005.0",
        "equivalence" : "equivalent"
      }]
    },
    {
      "code" : "DE3",
      "target" : [{
        "modifierExtension" : [{
          "url" : "http://hl7.org/fhir/1.0/StructureDefinition/extension-ConceptMap.element.target.equivalence",
          "valueCode" : "equivalent"
        }],
        "code" : "406543005.0",
        "equivalence" : "equivalent"
      }]
    },
    {
      "code" : "DE4",
      "target" : [{
        "modifierExtension" : [{
          "url" : "http://hl7.org/fhir/1.0/StructureDefinition/extension-ConceptMap.element.target.equivalence",
          "valueCode" : "equivalent"
        }],
        "code" : "309018005.0",
        "equivalence" : "equivalent"
      }]
    },
    {
      "code" : "DE6",
      "target" : [{
        "modifierExtension" : [{
          "url" : "http://hl7.org/fhir/1.0/StructureDefinition/extension-ConceptMap.element.target.equivalence",
          "valueCode" : "equivalent"
        }],
        "code" : "185361006.0",
        "equivalence" : "equivalent"
      }]
    },
    {
      "code" : "DE7",
      "target" : [{
        "modifierExtension" : [{
          "url" : "http://hl7.org/fhir/1.0/StructureDefinition/extension-ConceptMap.element.target.equivalence",
          "valueCode" : "equivalent"
        }],
        "code" : "185360007.0",
        "equivalence" : "equivalent"
      }]
    },
    {
      "code" : "DE8",
      "target" : [{
        "modifierExtension" : [{
          "url" : "http://hl7.org/fhir/1.0/StructureDefinition/extension-ConceptMap.element.target.equivalence",
          "valueCode" : "equivalent"
        }],
        "code" : "9.000000000004739e+17",
        "equivalence" : "equivalent"
      }]
    },
    {
      "code" : "DE9",
      "target" : [{
        "modifierExtension" : [{
          "url" : "http://hl7.org/fhir/1.0/StructureDefinition/extension-ConceptMap.element.target.equivalence",
          "valueCode" : "equivalent"
        }],
        "code" : "9.000000000004739e+17",
        "equivalence" : "equivalent"
      }]
    },
    {
      "code" : "DE10",
      "target" : [{
        "modifierExtension" : [{
          "url" : "http://hl7.org/fhir/1.0/StructureDefinition/extension-ConceptMap.element.target.equivalence",
          "valueCode" : "equivalent"
        }],
        "code" : "9.000000000004739e+17",
        "equivalence" : "equivalent"
      }]
    },
    {
      "code" : "DE11",
      "target" : [{
        "modifierExtension" : [{
          "url" : "http://hl7.org/fhir/1.0/StructureDefinition/extension-ConceptMap.element.target.equivalence",
          "valueCode" : "equivalent"
        }],
        "code" : "9.000000000004739e+17",
        "equivalence" : "equivalent"
      }]
    },
    {
      "code" : "DE12",
      "target" : [{
        "modifierExtension" : [{
          "url" : "http://hl7.org/fhir/1.0/StructureDefinition/extension-ConceptMap.element.target.equivalence",
          "valueCode" : "equivalent"
        }],
        "code" : "9.000000000004739e+17",
        "equivalence" : "equivalent"
      }]
    },
    {
      "code" : "DE13",
      "target" : [{
        "modifierExtension" : [{
          "url" : "http://hl7.org/fhir/1.0/StructureDefinition/extension-ConceptMap.element.target.equivalence",
          "valueCode" : "equivalent"
        }],
        "code" : "315354004.0",
        "equivalence" : "equivalent"
      }]
    },
    {
      "code" : "DE14",
      "target" : [{
        "modifierExtension" : [{
          "url" : "http://hl7.org/fhir/1.0/StructureDefinition/extension-ConceptMap.element.target.equivalence",
          "valueCode" : "equivalent"
        }],
        "code" : "184099003.0",
        "equivalence" : "equivalent"
      }]
    },
    {
      "code" : "DE15",
      "target" : [{
        "modifierExtension" : [{
          "url" : "http://hl7.org/fhir/1.0/StructureDefinition/extension-ConceptMap.element.target.equivalence",
          "valueCode" : "equivalent"
        }],
        "code" : "184114006.0",
        "equivalence" : "equivalent"
      }]
    },
    {
      "code" : "DE16",
      "target" : [{
        "modifierExtension" : [{
          "url" : "http://hl7.org/fhir/1.0/StructureDefinition/extension-ConceptMap.element.target.equivalence",
          "valueCode" : "equivalent"
        }],
        "code" : "397669002.0",
        "equivalence" : "equivalent"
      }]
    },
    {
      "code" : "DE17",
      "target" : [{
        "modifierExtension" : [{
          "url" : "http://hl7.org/fhir/1.0/StructureDefinition/extension-ConceptMap.element.target.equivalence",
          "valueCode" : "equivalent"
        }],
        "code" : "424144002.0",
        "equivalence" : "equivalent"
      }]
    },
    {
      "code" : "DE19",
      "target" : [{
        "modifierExtension" : [{
          "url" : "http://hl7.org/fhir/1.0/StructureDefinition/extension-ConceptMap.element.target.equivalence",
          "valueCode" : "equivalent"
        }],
        "code" : "446141000124107.0",
        "equivalence" : "equivalent"
      }]
    },
    {
      "code" : "DE20",
      "target" : [{
        "modifierExtension" : [{
          "url" : "http://hl7.org/fhir/1.0/StructureDefinition/extension-ConceptMap.element.target.equivalence",
          "valueCode" : "equivalent"
        }],
        "code" : "446151000124109.0",
        "equivalence" : "equivalent"
      }]
    },
    {
      "code" : "DE21",
      "target" : [{
        "modifierExtension" : [{
          "url" : "http://hl7.org/fhir/1.0/StructureDefinition/extension-ConceptMap.element.target.equivalence",
          "valueCode" : "equivalent"
        }],
        "code" : "446151000124109.0",
        "equivalence" : "equivalent"
      }]
    },
    {
      "code" : "DE22",
      "target" : [{
        "modifierExtension" : [{
          "url" : "http://hl7.org/fhir/1.0/StructureDefinition/extension-ConceptMap.element.target.equivalence",
          "valueCode" : "equivalent"
        }],
        "code" : "446141000124107.0",
        "equivalence" : "equivalent"
      }]
    },
    {
      "code" : "DE23",
      "target" : [{
        "modifierExtension" : [{
          "url" : "http://hl7.org/fhir/1.0/StructureDefinition/extension-ConceptMap.element.target.equivalence",
          "valueCode" : "equivalent"
        }],
        "code" : "33821000087103.0",
        "equivalence" : "equivalent"
      }]
    },
    {
      "code" : "DE24",
      "target" : [{
        "modifierExtension" : [{
          "url" : "http://hl7.org/fhir/1.0/StructureDefinition/extension-ConceptMap.element.target.equivalence",
          "valueCode" : "equivalent"
        }],
        "code" : "33821000087103.0",
        "equivalence" : "equivalent"
      }]
    },
    {
      "code" : "DE26",
      "target" : [{
        "modifierExtension" : [{
          "url" : "http://hl7.org/fhir/1.0/StructureDefinition/extension-ConceptMap.element.target.equivalence",
          "valueCode" : "equivalent"
        }],
        "code" : "248152002.0",
        "equivalence" : "equivalent"
      }]
    },
    {
      "code" : "DE27",
      "target" : [{
        "modifierExtension" : [{
          "url" : "http://hl7.org/fhir/1.0/StructureDefinition/extension-ConceptMap.element.target.equivalence",
          "valueCode" : "equivalent"
        }],
        "code" : "248153007.0",
        "equivalence" : "equivalent"
      }]
    },
    {
      "code" : "DE28",
      "target" : [{
        "modifierExtension" : [{
          "url" : "http://hl7.org/fhir/1.0/StructureDefinition/extension-ConceptMap.element.target.equivalence",
          "valueCode" : "equivalent"
        }],
        "code" : "33791000087105.0",
        "equivalence" : "equivalent"
      }]
    },
    {
      "code" : "DE29",
      "target" : [{
        "modifierExtension" : [{
          "url" : "http://hl7.org/fhir/1.0/StructureDefinition/extension-ConceptMap.element.target.equivalence",
          "valueCode" : "equivalent"
        }],
        "code" : "184097001.0",
        "equivalence" : "equivalent"
      }]
    },
    {
      "code" : "DE31",
      "target" : [{
        "modifierExtension" : [{
          "url" : "http://hl7.org/fhir/1.0/StructureDefinition/extension-ConceptMap.element.target.equivalence",
          "valueCode" : "equivalent"
        }],
        "code" : "125725006.0",
        "equivalence" : "equivalent"
      }]
    },
    {
      "code" : "DE32",
      "target" : [{
        "modifierExtension" : [{
          "url" : "http://hl7.org/fhir/1.0/StructureDefinition/extension-ConceptMap.element.target.equivalence",
          "valueCode" : "equivalent"
        }],
        "code" : "125725006.0",
        "equivalence" : "equivalent"
      }]
    },
    {
      "code" : "DE33",
      "target" : [{
        "modifierExtension" : [{
          "url" : "http://hl7.org/fhir/1.0/StructureDefinition/extension-ConceptMap.element.target.equivalence",
          "valueCode" : "equivalent"
        }],
        "code" : "87915002.0",
        "equivalence" : "equivalent"
      }]
    },
    {
      "code" : "DE34",
      "target" : [{
        "modifierExtension" : [{
          "url" : "http://hl7.org/fhir/1.0/StructureDefinition/extension-ConceptMap.element.target.equivalence",
          "valueCode" : "equivalent"
        }],
        "code" : "22187004.0",
        "equivalence" : "equivalent"
      }]
    },
    {
      "code" : "DE35",
      "target" : [{
        "modifierExtension" : [{
          "url" : "http://hl7.org/fhir/1.0/StructureDefinition/extension-ConceptMap.element.target.equivalence",
          "valueCode" : "equivalent"
        }],
        "code" : "20295000.0",
        "equivalence" : "equivalent"
      }]
    },
    {
      "code" : "DE36",
      "target" : [{
        "modifierExtension" : [{
          "url" : "http://hl7.org/fhir/1.0/StructureDefinition/extension-ConceptMap.element.target.equivalence",
          "valueCode" : "equivalent"
        }],
        "code" : "33553000.0",
        "equivalence" : "equivalent"
      }]
    },
    {
      "code" : "DE37",
      "target" : [{
        "modifierExtension" : [{
          "url" : "http://hl7.org/fhir/1.0/StructureDefinition/extension-ConceptMap.element.target.equivalence",
          "valueCode" : "equivalent"
        }],
        "code" : "160504008.0",
        "equivalence" : "equivalent"
      }]
    },
    {
      "code" : "DE38",
      "target" : [{
        "modifierExtension" : [{
          "url" : "http://hl7.org/fhir/1.0/StructureDefinition/extension-ConceptMap.element.target.equivalence",
          "valueCode" : "equivalent"
        }],
        "code" : "430618002.0",
        "equivalence" : "equivalent"
      }]
    },
    {
      "code" : "DE39",
      "target" : [{
        "modifierExtension" : [{
          "url" : "http://hl7.org/fhir/1.0/StructureDefinition/extension-ConceptMap.element.target.equivalence",
          "valueCode" : "equivalent"
        }],
        "code" : "2326000.0",
        "equivalence" : "equivalent"
      }]
    },
    {
      "code" : "DE40",
      "target" : [{
        "modifierExtension" : [{
          "url" : "http://hl7.org/fhir/1.0/StructureDefinition/extension-ConceptMap.element.target.equivalence",
          "valueCode" : "equivalent"
        }],
        "code" : "13184001.0",
        "equivalence" : "equivalent"
      }]
    },
    {
      "code" : "DE41",
      "target" : [{
        "modifierExtension" : [{
          "url" : "http://hl7.org/fhir/1.0/StructureDefinition/extension-ConceptMap.element.target.equivalence",
          "valueCode" : "equivalent"
        }],
        "code" : "430617007.0",
        "equivalence" : "equivalent"
      }]
    },
    {
      "code" : "DE42",
      "target" : [{
        "modifierExtension" : [{
          "url" : "http://hl7.org/fhir/1.0/StructureDefinition/extension-ConceptMap.element.target.equivalence",
          "valueCode" : "equivalent"
        }],
        "code" : "184103008.0",
        "equivalence" : "equivalent"
      }]
    },
    {
      "code" : "DE44",
      "target" : [{
        "modifierExtension" : [{
          "url" : "http://hl7.org/fhir/1.0/StructureDefinition/extension-ConceptMap.element.target.equivalence",
          "valueCode" : "equivalent"
        }],
        "code" : "441898007.0",
        "equivalence" : "equivalent"
      }]
    },
    {
      "code" : "DE45",
      "target" : [{
        "modifierExtension" : [{
          "url" : "http://hl7.org/fhir/1.0/StructureDefinition/extension-ConceptMap.element.target.equivalence",
          "valueCode" : "equivalent"
        }],
        "code" : "304515000.0",
        "equivalence" : "equivalent"
      }]
    },
    {
      "code" : "DE47",
      "target" : [{
        "modifierExtension" : [{
          "url" : "http://hl7.org/fhir/1.0/StructureDefinition/extension-ConceptMap.element.target.equivalence",
          "valueCode" : "equivalent"
        }],
        "code" : "699237001.0",
        "equivalence" : "equivalent"
      }]
    },
    {
      "code" : "DE48",
      "target" : [{
        "modifierExtension" : [{
          "url" : "http://hl7.org/fhir/1.0/StructureDefinition/extension-ConceptMap.element.target.equivalence",
          "valueCode" : "equivalent"
        }],
        "code" : "300731002.0",
        "equivalence" : "equivalent"
      }]
    },
    {
      "code" : "DE49",
      "target" : [{
        "modifierExtension" : [{
          "url" : "http://hl7.org/fhir/1.0/StructureDefinition/extension-ConceptMap.element.target.equivalence",
          "valueCode" : "equivalent"
        }],
        "code" : "424966008.0",
        "equivalence" : "equivalent"
      }]
    },
    {
      "code" : "DE50",
      "target" : [{
        "modifierExtension" : [{
          "url" : "http://hl7.org/fhir/1.0/StructureDefinition/extension-ConceptMap.element.target.equivalence",
          "valueCode" : "equivalent"
        }],
        "code" : "1187334000.0",
        "equivalence" : "equivalent"
      }]
    },
    {
      "code" : "DE51",
      "target" : [{
        "modifierExtension" : [{
          "url" : "http://hl7.org/fhir/1.0/StructureDefinition/extension-ConceptMap.element.target.equivalence",
          "valueCode" : "equivalent"
        }],
        "code" : "734005006.0",
        "equivalence" : "equivalent"
      }]
    },
    {
      "code" : "DE52",
      "target" : [{
        "modifierExtension" : [{
          "url" : "http://hl7.org/fhir/1.0/StructureDefinition/extension-ConceptMap.element.target.equivalence",
          "valueCode" : "equivalent"
        }],
        "code" : "397635003.0",
        "equivalence" : "equivalent"
      }]
    },
    {
      "code" : "DE53",
      "target" : [{
        "modifierExtension" : [{
          "url" : "http://hl7.org/fhir/1.0/StructureDefinition/extension-ConceptMap.element.target.equivalence",
          "valueCode" : "equivalent"
        }],
        "code" : "263498003.0",
        "equivalence" : "equivalent"
      }]
    }]
  }]
}