"Id","Path","Slice Name","Alias(s)","Label","Min","Max","Must Support?","Is Modifier?","Is Summary?","Type(s)","Short","Definition","Comments","Requirements","Default Value","Meaning When Missing","Fixed Value","Pattern","Example","Minimum Value","Maximum Value","Maximum Length","Binding Strength","Binding Description","Binding Value Set","Code","Slicing Discriminator","Slicing Description","Slicing Ordered","Slicing Rules","Base Path","Base Min","Base Max","Condition(s)","Constraint(s)","Mapping: RIM Mapping"
"HIVEF","HIVEF","","","",0,*,"","","","null {[]} {[]}
","HIV.E-F PMTCT Logical Model","Logical Model for HIV.E-F PMTCT data elements.","","","","","","","","","",,,,,"",,,,"Base",0,*,"",""
"HIVEF.pregnantWomansFirstName","HIVEF.pregnantWomansFirstName","","","",1,1,"","","","string {[]} {[]}
","Pregnant womans first name","Pregnant womans first or given name","","","","","","","","","",,,,,"http://worldhealthorganization.github.io/smart/CodeSystem/HIV.EF#DE1
",,,,"HIVEF.pregnantWomansFirstName",1,1,"",""
"HIVEF.pregnantWomansSurname","HIVEF.pregnantWomansSurname","","","",1,1,"","","","string {[]} {[]}
","Pregnant womans surname","Pregnant womans family name or last name","","","","","","","","","",,,,,"http://worldhealthorganization.github.io/smart/CodeSystem/HIV.EF#DE2
",,,,"HIVEF.pregnantWomansSurname",1,1,"",""
"HIVEF.pregnantWomansUniqueId","HIVEF.pregnantWomansUniqueId","","","",1,1,"","","","string {[]} {[]}
","Pregnant womans unique ID","Unique identifier generated for new clients or a universal ID, if used in the country","","","","","","","","","",,,,,"http://worldhealthorganization.github.io/smart/CodeSystem/HIV.EF#DE3
",,,,"HIVEF.pregnantWomansUniqueId",1,1,"",""
"HIVEF.antenatalCareNumber","HIVEF.antenatalCareNumber","","","",1,1,"","","","string {[]} {[]}
","Antenatal care number","Identification number assigned to woman at first visit to the ANC based on national system","","","","","","","","","",,,,,"http://worldhealthorganization.github.io/smart/CodeSystem/HIV.EF#DE4
",,,,"HIVEF.antenatalCareNumber",1,1,"",""
"HIVEF.gestationalAge","HIVEF.gestationalAge","","","",1,1,"","","","string {[]} {[]}
","Gestational age","Gestational age in weeks and/or days depending on the source of gestational age","","","","","","","","","",,,,,"http://worldhealthorganization.github.io/smart/CodeSystem/HIV.EF#DE5
",,,,"HIVEF.gestationalAge",1,1,"",""
"HIVEF.sourceOfGestationalAge","HIVEF.sourceOfGestationalAge","","","",1,1,"","","","string {[]} {[]}
","Source of gestational age","Gestational age can be calculated multiple ways. This data element describes where the gestational age above has been calculated from.","","","","","","","","","",,,,,"http://worldhealthorganization.github.io/smart/CodeSystem/HIV.EF#DE6
",,,,"HIVEF.sourceOfGestationalAge",1,1,"",""
"HIVEF.lastMenstrualPeriodLmp","HIVEF.lastMenstrualPeriodLmp","","","",1,1,"","","","string {[]} {[]}
","Last menstrual period (LMP)","Gestational age (GA) calculated from LMP","","","","","","","","","",,,,,"http://worldhealthorganization.github.io/smart/CodeSystem/HIV.EF#DE7
",,,,"HIVEF.lastMenstrualPeriodLmp",1,1,"",""
"HIVEF.ultrasound","HIVEF.ultrasound","","","",1,1,"","","","string {[]} {[]}
","Ultrasound","Womans gestational age today calculated field using ultrasound GA and ultrasound date","","","","","","","","","",,,,,"http://worldhealthorganization.github.io/smart/CodeSystem/HIV.EF#DE8
",,,,"HIVEF.ultrasound",1,1,"",""
"HIVEF.symphysisFundalHeightSfhOrAbdominalPalpation","HIVEF.symphysisFundalHeightSfhOrAbdominalPalpation","","","",1,1,"","","","string {[]} {[]}
","Symphysis fundal height (SFH) or abdominal palpation","If LMP is unknown and either ultrasound wasnt done or it wasnt done early enough, then show the option for health worker to enter GA in weeks based on Symphysis Fundal Height (SFH) or abdominal palpation.","","","","","","","","","",,,,,"http://worldhealthorganization.github.io/smart/CodeSystem/HIV.EF#DE9
",,,,"HIVEF.symphysisFundalHeightSfhOrAbdominalPalpation",1,1,"",""
"HIVEF.expectedDateOfDeliveryEdd","HIVEF.expectedDateOfDeliveryEdd","","","",1,1,"","","","string {[]} {[]}
","Expected date of delivery (EDD)","Expected date of delivery based on gestational age","","","","","","","","","",,,,,"http://worldhealthorganization.github.io/smart/CodeSystem/HIV.EF#DE10
",,,,"HIVEF.expectedDateOfDeliveryEdd",1,1,"",""
"HIVEF.numberOfPregnanciesGravida","HIVEF.numberOfPregnanciesGravida","","","",1,1,"","","","string {[]} {[]}
","Number of pregnancies (gravida)","Total number of times the woman has been pregnant (including this pregnancy). Also referred to as gravida.","","","","","","","","","",,,,,"http://worldhealthorganization.github.io/smart/CodeSystem/HIV.EF#DE11
",,,,"HIVEF.numberOfPregnanciesGravida",1,1,"",""
"HIVEF.numberOfPreviousPregnancies","HIVEF.numberOfPreviousPregnancies","","","",1,1,"","","","string {[]} {[]}
","Number of previous pregnancies","This calculates the total number of all previous pregnancies (i.e. not including this current pregnancy). This is done for easier obstetric history calculations.","","","","","","","","","",,,,,"http://worldhealthorganization.github.io/smart/CodeSystem/HIV.EF#DE12
",,,,"HIVEF.numberOfPreviousPregnancies",1,1,"",""
"HIVEF.numberOfMiscarriagesAndOrAbortions","HIVEF.numberOfMiscarriagesAndOrAbortions","","","",1,1,"","","","string {[]} {[]}
","Number of miscarriages and/or abortions","Total number of pregnancies lost or ended due to miscarriages and/or abortions before 22 weeks / 5 months","","","","","","","","","",,,,,"http://worldhealthorganization.github.io/smart/CodeSystem/HIV.EF#DE13
",,,,"HIVEF.numberOfMiscarriagesAndOrAbortions",1,1,"",""
"HIVEF.numberOfLiveBirths","HIVEF.numberOfLiveBirths","","","",1,1,"","","","string {[]} {[]}
","Number of live births","Total number of live births after 22 weeks","","","","","","","","","",,,,,"http://worldhealthorganization.github.io/smart/CodeSystem/HIV.EF#DE14
",,,,"HIVEF.numberOfLiveBirths",1,1,"",""
"HIVEF.numberOfCaesarianSections","HIVEF.numberOfCaesarianSections","","","",1,1,"","","","string {[]} {[]}
","Number of caesarian sections","Total number of caesarean sections","","","","","","","","","",,,,,"http://worldhealthorganization.github.io/smart/CodeSystem/HIV.EF#DE15
",,,,"HIVEF.numberOfCaesarianSections",1,1,"",""
"HIVEF.numberOfStillbirths","HIVEF.numberOfStillbirths","","","",1,1,"","","","string {[]} {[]}
","Number of stillbirths","Total number of stillbirths after 22 weeks","","","","","","","","","",,,,,"http://worldhealthorganization.github.io/smart/CodeSystem/HIV.EF#DE16
",,,,"HIVEF.numberOfStillbirths",1,1,"",""
"HIVEF.pastPregnancyComplications","HIVEF.pastPregnancyComplications","","","",1,1,"","","","string {[]} {[]}
","Past pregnancy complications","Whether the woman has had any complications or problems in any previous pregnancy","","","","","","","","","",,,,,"http://worldhealthorganization.github.io/smart/CodeSystem/HIV.EF#DE17
",,,,"HIVEF.pastPregnancyComplications",1,1,"",""
"HIVEF.noPastPregnancyComplications","HIVEF.noPastPregnancyComplications","","","",1,1,"","","","string {[]} {[]}
","No past pregnancy complications","No known past pregnancy problems","","","","","","","","","",,,,,"http://worldhealthorganization.github.io/smart/CodeSystem/HIV.EF#DE18
",,,,"HIVEF.noPastPregnancyComplications",1,1,"",""
"HIVEF.doesNotKnowOfAnyPastPregnancyComplications","HIVEF.doesNotKnowOfAnyPastPregnancyComplications","","","",1,1,"","","","string {[]} {[]}
","Does not know of any past pregnancy complications","Dont know if there were any problems during past pregnancies","","","","","","","","","",,,,,"http://worldhealthorganization.github.io/smart/CodeSystem/HIV.EF#DE19
",,,,"HIVEF.doesNotKnowOfAnyPastPregnancyComplications",1,1,"",""
"HIVEF.preEclampsia","HIVEF.preEclampsia","","","",1,1,"","","","string {[]} {[]}
","Pre-eclampsia","A condition specific to pregnancy, arising after the 20th week of gestation, characterized by hypertension and proteinuria. Oedema may also be present, but is no longer considered a cardinal sign because it is present to some extent in most pregnancies. If not controlled, pre-eclampsia will lead to eclampsia which is characterized by fits, followed by coma, and has a high mortality rate.","","","","","","","","","",,,,,"http://worldhealthorganization.github.io/smart/CodeSystem/HIV.EF#DE20
",,,,"HIVEF.preEclampsia",1,1,"",""
"HIVEF.eclampsia","HIVEF.eclampsia","","","",1,1,"","","","string {[]} {[]}
","Eclampsia","A condition peculiar to pregnancy or a newly delivered woman, characterized by fits followed coma. The woman usually has hypertension and proteinuria. The fits may occur in the antepartum, intrapartum or early postpartum periods.","","","","","","","","","",,,,,"http://worldhealthorganization.github.io/smart/CodeSystem/HIV.EF#DE21
",,,,"HIVEF.eclampsia",1,1,"",""
"HIVEF.alcoholUse","HIVEF.alcoholUse","","","",1,1,"","","","string {[]} {[]}
","Alcohol use","Alcohol intake","","","","","","","","","",,,,,"http://worldhealthorganization.github.io/smart/CodeSystem/HIV.EF#DE22
",,,,"HIVEF.alcoholUse",1,1,"",""
"HIVEF.babyDiedWithin24HoursOfBirth","HIVEF.babyDiedWithin24HoursOfBirth","","","",1,1,"","","","string {[]} {[]}
","Baby died within 24 hours of birth","The womans baby died within 24 hours of childbirth","","","","","","","","","",,,,,"http://worldhealthorganization.github.io/smart/CodeSystem/HIV.EF#DE23
",,,,"HIVEF.babyDiedWithin24HoursOfBirth",1,1,"",""
"HIVEF.prolongedLabour","HIVEF.prolongedLabour","","","",1,1,"","","","string {[]} {[]}
","Prolonged labour","The womans experienced prolonged labour","","","","","","","","","",,,,,"http://worldhealthorganization.github.io/smart/CodeSystem/HIV.EF#DE24
",,,,"HIVEF.prolongedLabour",1,1,"",""
"HIVEF.convulsions","HIVEF.convulsions","","","",1,1,"","","","string {[]} {[]}
","Convulsions","Woman had convulsions during her past pregnancy","","","","","","","","","",,,,,"http://worldhealthorganization.github.io/smart/CodeSystem/HIV.EF#DE25
",,,,"HIVEF.convulsions",1,1,"",""
"HIVEF.forceps","HIVEF.forceps","","","",1,1,"","","","string {[]} {[]}
","Forceps","Woman required forceps delivery","","","","","","","","","",,,,,"http://worldhealthorganization.github.io/smart/CodeSystem/HIV.EF#DE26
",,,,"HIVEF.forceps",1,1,"",""
"HIVEF.gestationalDiabetesMellitus","HIVEF.gestationalDiabetesMellitus","","","",1,1,"","","","string {[]} {[]}
","Gestational diabetes mellitus","Hyperglycaemia first detected at any time during pregnancy","","","","","","","","","",,,,,"http://worldhealthorganization.github.io/smart/CodeSystem/HIV.EF#DE27
",,,,"HIVEF.gestationalDiabetesMellitus",1,1,"",""
"HIVEF.heavyBleedingDuringOrAfterDelivery","HIVEF.heavyBleedingDuringOrAfterDelivery","","","",1,1,"","","","string {[]} {[]}
","Heavy bleeding (during or after delivery)","Woman was bleeding heavily during or after giving birth during previous pregnancy/pregnancies","","","","","","","","","",,,,,"http://worldhealthorganization.github.io/smart/CodeSystem/HIV.EF#DE28
",,,,"HIVEF.heavyBleedingDuringOrAfterDelivery",1,1,"",""
"HIVEF.macrosomia","HIVEF.macrosomia","","","",1,1,"","","","string {[]} {[]}
","Macrosomia","Fetus large for gestational age","","","","","","","","","",,,,,"http://worldhealthorganization.github.io/smart/CodeSystem/HIV.EF#DE29
",,,,"HIVEF.macrosomia",1,1,"",""
"HIVEF.perinealTear3RdOr4ThDegree","HIVEF.perinealTear3RdOr4ThDegree","","","",1,1,"","","","string {[]} {[]}
","Perineal tear (3rd or 4th degree)","Woman experienced 3rd or 4th degree perineal tear","","","","","","","","","",,,,,"http://worldhealthorganization.github.io/smart/CodeSystem/HIV.EF#DE30
",,,,"HIVEF.perinealTear3RdOr4ThDegree",1,1,"",""
"HIVEF.substanceUse","HIVEF.substanceUse","","","",1,1,"","","","string {[]} {[]}
","Substance use","Illicit drug use (e.g. cannabis, amphetamines, prescription stimulants, opioids, opiates, ecstasy, cocaine)","","","","","","","","","",,,,,"http://worldhealthorganization.github.io/smart/CodeSystem/HIV.EF#DE31
",,,,"HIVEF.substanceUse",1,1,"",""
"HIVEF.tobaccoUse","HIVEF.tobaccoUse","","","",1,1,"","","","string {[]} {[]}
","Tobacco use","Use of tobacco products, in any form","","","","","","","","","",,,,,"http://worldhealthorganization.github.io/smart/CodeSystem/HIV.EF#DE32
",,,,"HIVEF.tobaccoUse",1,1,"",""
"HIVEF.vacuumDelivery","HIVEF.vacuumDelivery","","","",1,1,"","","","string {[]} {[]}
","Vacuum delivery","Woman required vacuum delivery","","","","","","","","","",,,,,"http://worldhealthorganization.github.io/smart/CodeSystem/HIV.EF#DE33
",,,,"HIVEF.vacuumDelivery",1,1,"",""
"HIVEF.otherPastPregnancyProblems","HIVEF.otherPastPregnancyProblems","","","",1,1,"","","","string {[]} {[]}
","Other past pregnancy problems","Woman experienced other past pregnancy problems not described above","","","","","","","","","",,,,,"http://worldhealthorganization.github.io/smart/CodeSystem/HIV.EF#DE34
",,,,"HIVEF.otherPastPregnancyProblems",1,1,"",""
"HIVEF.otherPastPregnancyProblemsSpecify","HIVEF.otherPastPregnancyProblemsSpecify","","","",1,1,"","","","string {[]} {[]}
","Other past pregnancy problems (specify)","Woman experienced other past pregnancy problems not described above (specify)","","","","","","","","","",,,,,"http://worldhealthorganization.github.io/smart/CodeSystem/HIV.EF#DE35
",,,,"HIVEF.otherPastPregnancyProblemsSpecify",1,1,"",""
"HIVEF.parity","HIVEF.parity","","","",1,1,"","","","string {[]} {[]}
","Parity","Total number of live and stillbirths (calculated)","","","","","","","","","",,,,,"http://worldhealthorganization.github.io/smart/CodeSystem/HIV.EF#DE36
",,,,"HIVEF.parity",1,1,"",""
"HIVEF.pregnancyInHivInfectedWoman","HIVEF.pregnancyInHivInfectedWoman","","","",1,1,"","","","string {[]} {[]}
","Pregnancy in HIV-infected woman","Any HIV diagnosis in a pregnant woman as determined by the national HIV testing algorithm, or a pregnancy in a woman previously diagnosed with HIV","","","","","","","","","",,,,,"http://worldhealthorganization.github.io/smart/CodeSystem/HIV.EF#DE37
",,,,"HIVEF.pregnancyInHivInfectedWoman",1,1,"",""
"HIVEF.dateNewPregnancyOfHivPositiveWomanIdentified","HIVEF.dateNewPregnancyOfHivPositiveWomanIdentified","","","",1,1,"","","","string {[]} {[]}
","Date new pregnancy of HIV-positive woman identified","Earliest date when a new pregnancy of an HIV-positive woman is recorded","","","","","","","","","",,,,,"http://worldhealthorganization.github.io/smart/CodeSystem/HIV.EF#DE38
",,,,"HIVEF.dateNewPregnancyOfHivPositiveWomanIdentified",1,1,"",""
"HIVEF.ancContactDuringPregnancy","HIVEF.ancContactDuringPregnancy","","","",1,1,"","","","string {[]} {[]}
","ANC contact during pregnancy","Whether the mother had at least one ANC contact (visit)","","","","","","","","","",,,,,"http://worldhealthorganization.github.io/smart/CodeSystem/HIV.EF#DE39
",,,,"HIVEF.ancContactDuringPregnancy",1,1,"",""
"HIVEF.dateOfFirstAncVisit","HIVEF.dateOfFirstAncVisit","","","",1,1,"","","","string {[]} {[]}
","Date of first ANC visit","Date of the pregnant womans first ANC visit","","","","","","","","","",,,,,"http://worldhealthorganization.github.io/smart/CodeSystem/HIV.EF#DE40
",,,,"HIVEF.dateOfFirstAncVisit",1,1,"",""
"HIVEF.timingOfArtInitiation","HIVEF.timingOfArtInitiation","","","",1,1,"","","","string {[]} {[]}
","Timing of ART initiation","When the pregnant woman or mother initiated ART, for women living with HIV.","","","","","","","","","",,,,,"http://worldhealthorganization.github.io/smart/CodeSystem/HIV.EF#DE41
",,,,"HIVEF.timingOfArtInitiation",1,1,"",""
"HIVEF.alreadyOnArtAtFirstAntenatalCareVisit","HIVEF.alreadyOnArtAtFirstAntenatalCareVisit","","","",1,1,"","","","string {[]} {[]}
","Already on ART at first antenatal care visit","The pregnant woman was already on antiretroviral therapy (ART) at first antenatal care visit","","","","","","","","","",,,,,"http://worldhealthorganization.github.io/smart/CodeSystem/HIV.EF#DE42
",,,,"HIVEF.alreadyOnArtAtFirstAntenatalCareVisit",1,1,"",""
"HIVEF.newlyOnArtDuringPregnancy","HIVEF.newlyOnArtDuringPregnancy","","","",1,1,"","","","string {[]} {[]}
","Newly on ART during pregnancy","The pregnant woman started ART during her pregnancy","","","","","","","","","",,,,,"http://worldhealthorganization.github.io/smart/CodeSystem/HIV.EF#DE43
",,,,"HIVEF.newlyOnArtDuringPregnancy",1,1,"",""
"HIVEF.newlyOnArtDuringLabourAndDelivery","HIVEF.newlyOnArtDuringLabourAndDelivery","","","",1,1,"","","","string {[]} {[]}
","Newly on ART during labour and delivery","The woman started ART during labour and delivery","","","","","","","","","",,,,,"http://worldhealthorganization.github.io/smart/CodeSystem/HIV.EF#DE44
",,,,"HIVEF.newlyOnArtDuringLabourAndDelivery",1,1,"",""
"HIVEF.maternalUseOfRecommendedArtRegimen","HIVEF.maternalUseOfRecommendedArtRegimen","","","",1,1,"","","","string {[]} {[]}
","Maternal use of recommended ART regimen","Whether the mother is taking a recommended ART regimen","","","","","","","","","",,,,,"http://worldhealthorganization.github.io/smart/CodeSystem/HIV.EF#DE45
",,,,"HIVEF.maternalUseOfRecommendedArtRegimen",1,1,"",""
"HIVEF.deliveryDate","HIVEF.deliveryDate","","","",1,1,"","","","string {[]} {[]}
","Delivery date","Date on which the woman delivered","","","","","","","","","",,,,,"http://worldhealthorganization.github.io/smart/CodeSystem/HIV.EF#DE46
",,,,"HIVEF.deliveryDate",1,1,"",""
"HIVEF.pregnancyOutcome","HIVEF.pregnancyOutcome","","","",1,1,"","","","string {[]} {[]}
","Pregnancy outcome","Outcome of current pregnancy","","","","","","","","","",,,,,"http://worldhealthorganization.github.io/smart/CodeSystem/HIV.EF#DE47
",,,,"HIVEF.pregnancyOutcome",1,1,"",""
"HIVEF.liveBirth","HIVEF.liveBirth","","","",1,1,"","","","string {[]} {[]}
","Live birth","Outcome of pregnancy was a live birth","","","","","","","","","",,,,,"http://worldhealthorganization.github.io/smart/CodeSystem/HIV.EF#DE48
",,,,"HIVEF.liveBirth",1,1,"",""
"HIVEF.earlyFetalLossMiscarriage","HIVEF.earlyFetalLossMiscarriage","","","",1,1,"","","","string {[]} {[]}
","Early fetal loss/miscarriage","Outcome of pregnancy was early fetal loss/miscarriage","","","","","","","","","",,,,,"http://worldhealthorganization.github.io/smart/CodeSystem/HIV.EF#DE49
",,,,"HIVEF.earlyFetalLossMiscarriage",1,1,"",""
"HIVEF.inducedAbortion","HIVEF.inducedAbortion","","","",1,1,"","","","string {[]} {[]}
","Induced abortion","Outcome of pregnancy was induced abortion","","","","","","","","","",,,,,"http://worldhealthorganization.github.io/smart/CodeSystem/HIV.EF#DE50
",,,,"HIVEF.inducedAbortion",1,1,"",""
"HIVEF.stillbirth","HIVEF.stillbirth","","","",1,1,"","","","string {[]} {[]}
","Stillbirth","Outcome of pregnancy was stillbirth","","","","","","","","","",,,,,"http://worldhealthorganization.github.io/smart/CodeSystem/HIV.EF#DE51
",,,,"HIVEF.stillbirth",1,1,"",""
"HIVEF.deliveryMode","HIVEF.deliveryMode","","","",1,1,"","","","string {[]} {[]}
","Delivery mode","Mode of delivery for current pregnancy","","","","","","","","","",,,,,"http://worldhealthorganization.github.io/smart/CodeSystem/HIV.EF#DE52
",,,,"HIVEF.deliveryMode",1,1,"",""
"HIVEF.spontaneousVaginalDelivery","HIVEF.spontaneousVaginalDelivery","","","",1,1,"","","","string {[]} {[]}
","Spontaneous vaginal delivery","Mode of delivery for current pregnancy spontaneous vaginal delivery (SVD)","","","","","","","","","",,,,,"http://worldhealthorganization.github.io/smart/CodeSystem/HIV.EF#DE53
",,,,"HIVEF.spontaneousVaginalDelivery",1,1,"",""
"HIVEF.assistedVaginalDelivery","HIVEF.assistedVaginalDelivery","","","",1,1,"","","","string {[]} {[]}
","Assisted vaginal delivery","Mode of delivery for current pregnancy was assisted vaginal delivery","","","","","","","","","",,,,,"http://worldhealthorganization.github.io/smart/CodeSystem/HIV.EF#DE54
",,,,"HIVEF.assistedVaginalDelivery",1,1,"",""
"HIVEF.caesarianSectionCSOperativeDelivery","HIVEF.caesarianSectionCSOperativeDelivery","","","",1,1,"","","","string {[]} {[]}
","Caesarian section (C/S, operative delivery)","Mode of delivery for current pregnancy was caesarian section (C/S; operative delivery)","","","","","","","","","",,,,,"http://worldhealthorganization.github.io/smart/CodeSystem/HIV.EF#DE55
",,,,"HIVEF.caesarianSectionCSOperativeDelivery",1,1,"",""
"HIVEF.indicationsForCaesarianSectionCS","HIVEF.indicationsForCaesarianSectionCS","","","",1,1,"","","","string {[]} {[]}
","Indications for caesarian section (C/S)","Indications for caesarian section","","","","","","","","","",,,,,"http://worldhealthorganization.github.io/smart/CodeSystem/HIV.EF#DE56
",,,,"HIVEF.indicationsForCaesarianSectionCS",1,1,"",""
"HIVEF.obstetricComplications","HIVEF.obstetricComplications","","","",1,1,"","","","string {[]} {[]}
","Obstetric complications","Serious or life-threatening obstetric complications during pregnancy, delivery or postpartum experienced by mother or her newborn","","","","","","","","","",,,,,"http://worldhealthorganization.github.io/smart/CodeSystem/HIV.EF#DE57
",,,,"HIVEF.obstetricComplications",1,1,"",""
"HIVEF.ocLiveBirth","HIVEF.ocLiveBirth","","","",1,1,"","","","string {[]} {[]}
","Live birth","The woman had a live birth","","","","","","","","","",,,,,"http://worldhealthorganization.github.io/smart/CodeSystem/HIV.EF#DE58
",,,,"HIVEF.ocLiveBirth",1,1,"",""
"HIVEF.liveBirthToAnHivPositiveWoman","HIVEF.liveBirthToAnHivPositiveWoman","","","",1,1,"","","","string {[]} {[]}
","Live birth to an HIV-positive woman","A woman living with HIV had a live birth","","","","","","","","","",,,,,"http://worldhealthorganization.github.io/smart/CodeSystem/HIV.EF#DE59
",,,,"HIVEF.liveBirthToAnHivPositiveWoman",1,1,"",""
"HIVEF.gestationalAgeAtBirth","HIVEF.gestationalAgeAtBirth","","","",1,1,"","","","string {[]} {[]}
","Gestational age at birth","Best estimate of gestational age in completed weeks when infant was born (an indication of prematurity, preterm and extreme preterm)","","","","","","","","","",,,,,"http://worldhealthorganization.github.io/smart/CodeSystem/HIV.EF#DE60
",,,,"HIVEF.gestationalAgeAtBirth",1,1,"",""
"HIVEF.smallForGestationalAgeSga","HIVEF.smallForGestationalAgeSga","","","",1,1,"","","","string {[]} {[]}
","Small for gestational age (SGA)","Whether the infant was small for gestational age (SGA) at birth (<10th percentile)","","","","","","","","","",,,,,"http://worldhealthorganization.github.io/smart/CodeSystem/HIV.EF#DE61
",,,,"HIVEF.smallForGestationalAgeSga",1,1,"",""
"HIVEF.pretermBirthStatus","HIVEF.pretermBirthStatus","","","",1,1,"","","","string {[]} {[]}
","Preterm birth status","The woman gave birth when the gestational age is less than 37 weeks","","","","","","","","","",,,,,"http://worldhealthorganization.github.io/smart/CodeSystem/HIV.EF#DE62
",,,,"HIVEF.pretermBirthStatus",1,1,"",""
"HIVEF.notPreterm","HIVEF.notPreterm","","","",1,1,"","","","string {[]} {[]}
","Not preterm","The birth was not preterm","","","","","","","","","",,,,,"http://worldhealthorganization.github.io/smart/CodeSystem/HIV.EF#DE63
",,,,"HIVEF.notPreterm",1,1,"",""
"HIVEF.pretermLt37WeeksGestation","HIVEF.pretermLt37WeeksGestation","","","",1,1,"","","","string {[]} {[]}
","Preterm (<37 weeks gestation)","Gestational age at birth was <37 weeks","","","","","","","","","",,,,,"http://worldhealthorganization.github.io/smart/CodeSystem/HIV.EF#DE64
",,,,"HIVEF.pretermLt37WeeksGestation",1,1,"",""
"HIVEF.veryPretermLt32WeeksGestation","HIVEF.veryPretermLt32WeeksGestation","","","",1,1,"","","","string {[]} {[]}
","Very preterm (<32 weeks gestation)","Gestational age at birth was <32 weeks","","","","","","","","","",,,,,"http://worldhealthorganization.github.io/smart/CodeSystem/HIV.EF#DE65
",,,,"HIVEF.veryPretermLt32WeeksGestation",1,1,"",""
"HIVEF.maternalArtStartDate","HIVEF.maternalArtStartDate","","","",1,1,"","","","string {[]} {[]}
","Maternal ART start date","The date on which the infant was started or restarted on ART","","","","","","","","","",,,,,"http://worldhealthorganization.github.io/smart/CodeSystem/HIV.EF#DE66
",,,,"HIVEF.maternalArtStartDate",1,1,"",""
"HIVEF.placeOfDelivery","HIVEF.placeOfDelivery","","","",1,1,"","","","string {[]} {[]}
","Place of delivery","The type of place where the woman delivered","","","","","","","","","",,,,,"http://worldhealthorganization.github.io/smart/CodeSystem/HIV.EF#DE67
",,,,"HIVEF.placeOfDelivery",1,1,"",""
"HIVEF.healthFacility","HIVEF.healthFacility","","","",1,1,"","","","string {[]} {[]}
","Health facility","The woman delivered at a health facility","","","","","","","","","",,,,,"http://worldhealthorganization.github.io/smart/CodeSystem/HIV.EF#DE68
",,,,"HIVEF.healthFacility",1,1,"",""
"HIVEF.home","HIVEF.home","","","",1,1,"","","","string {[]} {[]}
","Home","The woman delivered at home","","","","","","","","","",,,,,"http://worldhealthorganization.github.io/smart/CodeSystem/HIV.EF#DE69
",,,,"HIVEF.home",1,1,"",""
"HIVEF.dOther","HIVEF.dOther","","","",1,1,"","","","string {[]} {[]}
","Other","The woman delivered at another location that is not at home or at a health facility","","","","","","","","","",,,,,"http://worldhealthorganization.github.io/smart/CodeSystem/HIV.EF#DE70
",,,,"HIVEF.dOther",1,1,"",""
"HIVEF.dOtherSpecify","HIVEF.dOtherSpecify","","","",1,1,"","","","string {[]} {[]}
","Other (specify)","The woman delivered at another location that is not at home or at a health facility (specify)","","","","","","","","","",,,,,"http://worldhealthorganization.github.io/smart/CodeSystem/HIV.EF#DE71
",,,,"HIVEF.dOtherSpecify",1,1,"",""
"HIVEF.deliveryFacility","HIVEF.deliveryFacility","","","",1,1,"","","","string {[]} {[]}
","Delivery facility","Facility where the infant or child was born","","","","","","","","","",,,,,"http://worldhealthorganization.github.io/smart/CodeSystem/HIV.EF#DE72
",,,,"HIVEF.deliveryFacility",1,1,"",""
"HIVEF.dateOfMiscarriageOrAbortion","HIVEF.dateOfMiscarriageOrAbortion","","","",1,1,"","","","string {[]} {[]}
","Date of miscarriage or abortion","Date of the miscarriage/abortion","","","","","","","","","",,,,,"http://worldhealthorganization.github.io/smart/CodeSystem/HIV.EF#DE73
",,,,"HIVEF.dateOfMiscarriageOrAbortion",1,1,"",""
"HIVEF.dateOfDeathOfMother","HIVEF.dateOfDeathOfMother","","","",1,1,"","","","string {[]} {[]}
","Date of death of mother","Date that the woman died","","","","","","","","","",,,,,"http://worldhealthorganization.github.io/smart/CodeSystem/HIV.EF#DE74
",,,,"HIVEF.dateOfDeathOfMother",1,1,"",""
"HIVEF.causeOfDeathOfMother","HIVEF.causeOfDeathOfMother","","","",1,1,"","","","string {[]} {[]}
","Cause of death of mother","The womans cause of death","","","","","","","","","",,,,,"http://worldhealthorganization.github.io/smart/CodeSystem/HIV.EF#DE75
",,,,"HIVEF.causeOfDeathOfMother",1,1,"",""
"HIVEF.infantsFirstName","HIVEF.infantsFirstName","","","",1,1,"","","","string {[]} {[]}
","Infants first name","Infants first or given name","","","","","","","","","",,,,,"http://worldhealthorganization.github.io/smart/CodeSystem/HIV.EF#DE76
",,,,"HIVEF.infantsFirstName",1,1,"",""
"HIVEF.infantsSurname","HIVEF.infantsSurname","","","",1,1,"","","","string {[]} {[]}
","Infants surname","Infants family name or last name","","","","","","","","","",,,,,"http://worldhealthorganization.github.io/smart/CodeSystem/HIV.EF#DE77
",,,,"HIVEF.infantsSurname",1,1,"",""
"HIVEF.infantsUniqueId","HIVEF.infantsUniqueId","","","",1,1,"","","","string {[]} {[]}
","Infants unique ID","Unique identifier generated for new clients or a universal ID, if used in the country","","","","","","","","","",,,,,"http://worldhealthorganization.github.io/smart/CodeSystem/HIV.EF#DE78
",,,,"HIVEF.infantsUniqueId",1,1,"",""
"HIVEF.mothersFirstName","HIVEF.mothersFirstName","","","",1,1,"","","","string {[]} {[]}
","Mothers first name","Biological mothers first or given name","","","","","","","","","",,,,,"http://worldhealthorganization.github.io/smart/CodeSystem/HIV.EF#DE79
",,,,"HIVEF.mothersFirstName",1,1,"",""
"HIVEF.mothersSurname","HIVEF.mothersSurname","","","",1,1,"","","","string {[]} {[]}
","Mothers surname","Biological mothers family name or last name","","","","","","","","","",,,,,"http://worldhealthorganization.github.io/smart/CodeSystem/HIV.EF#DE80
",,,,"HIVEF.mothersSurname",1,1,"",""
"HIVEF.mothersUniqueId","HIVEF.mothersUniqueId","","","",1,1,"","","","string {[]} {[]}
","Mothers unique ID","Unique identifier generated for new clients or a universal ID, if used in the country","","","","","","","","","",,,,,"http://worldhealthorganization.github.io/smart/CodeSystem/HIV.EF#DE81
",,,,"HIVEF.mothersUniqueId",1,1,"",""
"HIVEF.caregiversFirstName","HIVEF.caregiversFirstName","","","",1,1,"","","","string {[]} {[]}
","Caregivers first name","Caregivers first or given name","","","","","","","","","",,,,,"http://worldhealthorganization.github.io/smart/CodeSystem/HIV.EF#DE82
",,,,"HIVEF.caregiversFirstName",1,1,"",""
"HIVEF.caregiversSurname","HIVEF.caregiversSurname","","","",1,1,"","","","string {[]} {[]}
","Caregivers surname","Caregivers family name or last name","","","","","","","","","",,,,,"http://worldhealthorganization.github.io/smart/CodeSystem/HIV.EF#DE83
",,,,"HIVEF.caregiversSurname",1,1,"",""
"HIVEF.caregiversUniqueIdentifier","HIVEF.caregiversUniqueIdentifier","","","",1,1,"","","","string {[]} {[]}
","Caregivers unique identifier","Unique identifier generated for new clients or a universal ID, if used in the country","","","","","","","","","",,,,,"http://worldhealthorganization.github.io/smart/CodeSystem/HIV.EF#DE84
",,,,"HIVEF.caregiversUniqueIdentifier",1,1,"",""
"HIVEF.ancContactDate","HIVEF.ancContactDate","","","",1,1,"","","","string {[]} {[]}
","ANC contact date","The date and time of the clients ANC contact (in the ANC DAK this is called 'Contact date')","","","","","","","","","",,,,,"http://worldhealthorganization.github.io/smart/CodeSystem/HIV.EF#DE85
",,,,"HIVEF.ancContactDate",1,1,"",""
"HIVEF.referral","HIVEF.referral","","","",1,1,"","","","string {[]} {[]}
","Referral","If infant was referred for care","","","","","","","","","",,,,,"http://worldhealthorganization.github.io/smart/CodeSystem/HIV.EF#DE86
",,,,"HIVEF.referral",1,1,"",""
"HIVEF.infantDateOfBirth","HIVEF.infantDateOfBirth","","","",1,1,"","","","string {[]} {[]}
","Infant date of birth","The infants date of birth (DOB) if known","","","","","","","","","",,,,,"http://worldhealthorganization.github.io/smart/CodeSystem/HIV.EF#DE87
",,,,"HIVEF.infantDateOfBirth",1,1,"",""
"HIVEF.dateOfBirthOfInfantUnknown","HIVEF.dateOfBirthOfInfantUnknown","","","",1,1,"","","","string {[]} {[]}
","Date of birth of infant unknown","Is the clients DOB unknown?","","","","","","","","","",,,,,"http://worldhealthorganization.github.io/smart/CodeSystem/HIV.EF#DE88
",,,,"HIVEF.dateOfBirthOfInfantUnknown",1,1,"",""
"HIVEF.estimatedAgeOfInfant","HIVEF.estimatedAgeOfInfant","","","",1,1,"","","","string {[]} {[]}
","Estimated age of infant","If DOB is unknown, enter the clients estimated age. Display clients age in number of years","","","","","","","","","",,,,,"http://worldhealthorganization.github.io/smart/CodeSystem/HIV.EF#DE89
",,,,"HIVEF.estimatedAgeOfInfant",1,1,"",""
"HIVEF.ageOfInfant","HIVEF.ageOfInfant","","","",1,1,"","","","string {[]} {[]}
","Age of infant","Infant age calculated using date of birth","","","","","","","","","",,,,,"http://worldhealthorganization.github.io/smart/CodeSystem/HIV.EF#DE90
",,,,"HIVEF.ageOfInfant",1,1,"",""
"HIVEF.genderOfInfant","HIVEF.genderOfInfant","","","",1,1,"","","","string {[]} {[]}
","Gender of infant","Gender of the infant","","","","","","","","","",,,,,"http://worldhealthorganization.github.io/smart/CodeSystem/HIV.EF#DE91
",,,,"HIVEF.genderOfInfant",1,1,"",""
"HIVEF.female","HIVEF.female","","","",1,1,"","","","string {[]} {[]}
","Female","Client identifies as female","","","","","","","","","",,,,,"http://worldhealthorganization.github.io/smart/CodeSystem/HIV.EF#DE92
",,,,"HIVEF.female",1,1,"",""
"HIVEF.male","HIVEF.male","","","",1,1,"","","","string {[]} {[]}
","Male","Client identifies as male","","","","","","","","","",,,,,"http://worldhealthorganization.github.io/smart/CodeSystem/HIV.EF#DE93
",,,,"HIVEF.male",1,1,"",""
"HIVEF.nbOther","HIVEF.nbOther","","","",1,1,"","","","string {[]} {[]}
","Other","Client identifies in a non-binary way","","","","","","","","","",,,,,"http://worldhealthorganization.github.io/smart/CodeSystem/HIV.EF#DE94
",,,,"HIVEF.nbOther",1,1,"",""
"HIVEF.infantHeight","HIVEF.infantHeight","","","",1,1,"","","","string {[]} {[]}
","Infant height","The infants height in centimetres","","","","","","","","","",,,,,"http://worldhealthorganization.github.io/smart/CodeSystem/HIV.EF#DE95
",,,,"HIVEF.infantHeight",1,1,"",""
"HIVEF.infantWeight","HIVEF.infantWeight","","","",1,1,"","","","string {[]} {[]}
","Infant weight","The infants current weight in kilograms","","","","","","","","","",,,,,"http://worldhealthorganization.github.io/smart/CodeSystem/HIV.EF#DE96
",,,,"HIVEF.infantWeight",1,1,"",""
"HIVEF.birthWeight","HIVEF.birthWeight","","","",1,1,"","","","string {[]} {[]}
","Birth weight","Birth weight in kg of the baby","","","","","","","","","",,,,,"http://worldhealthorganization.github.io/smart/CodeSystem/HIV.EF#DE97
",,,,"HIVEF.birthWeight",1,1,"",""
"HIVEF.lowBirthWeight","HIVEF.lowBirthWeight","","","",1,1,"","","","string {[]} {[]}
","Low birth weight","Note if infant </¬¨‚â•2500 g at birth","","","","","","","","","",,,,,"http://worldhealthorganization.github.io/smart/CodeSystem/HIV.EF#DE98
",,,,"HIVEF.lowBirthWeight",1,1,"",""
"HIVEF.lengthOfInfant","HIVEF.lengthOfInfant","","","",1,1,"","","","string {[]} {[]}
","Length of infant","Length of infant at birth in cm","","","","","","","","","",,,,,"http://worldhealthorganization.github.io/smart/CodeSystem/HIV.EF#DE99
",,,,"HIVEF.lengthOfInfant",1,1,"",""
"HIVEF.headCircumference","HIVEF.headCircumference","","","",1,1,"","","","string {[]} {[]}
","Head circumference","Head circumference of infant at birth in cm","","","","","","","","","",,,,,"http://worldhealthorganization.github.io/smart/CodeSystem/HIV.EF#DE100
",,,,"HIVEF.headCircumference",1,1,"",""
"HIVEF.motherHivTestConducted","HIVEF.motherHivTestConducted","","","",1,1,"","","","string {[]} {[]}
","Mother HIV test conducted","Whether an HIV test of the mother was conducted","","","","","","","","","",,,,,"http://worldhealthorganization.github.io/smart/CodeSystem/HIV.EF#DE101
",,,,"HIVEF.motherHivTestConducted",1,1,"",""
"HIVEF.motherHivTestOrdered","HIVEF.motherHivTestOrdered","","","",1,1,"","","","string {[]} {[]}
","Mother HIV test ordered","Whether an HIV test of the mother was ordered","","","","","","","","","",,,,,"http://worldhealthorganization.github.io/smart/CodeSystem/HIV.EF#DE102
",,,,"HIVEF.motherHivTestOrdered",1,1,"",""
"HIVEF.motherHivTestDate","HIVEF.motherHivTestDate","","","",1,1,"","","","string {[]} {[]}
","Mother HIV test date","Date when a mothers HIV test was conducted","","","","","","","","","",,,,,"http://worldhealthorganization.github.io/smart/CodeSystem/HIV.EF#DE103
",,,,"HIVEF.motherHivTestDate",1,1,"",""
"HIVEF.maternalHivTestResult","HIVEF.maternalHivTestResult","","","",1,1,"","","","string {[]} {[]}
","Maternal HIV test result","Test result for mother after applying the testing strategy","","","","","","","","","",,,,,"http://worldhealthorganization.github.io/smart/CodeSystem/HIV.EF#DE104
",,,,"HIVEF.maternalHivTestResult",1,1,"",""
"HIVEF.matHivPositive","HIVEF.matHivPositive","","","",1,1,"","","","string {[]} {[]}
","HIV-positive","Test result is HIV-positive","","","","","","","","","",,,,,"http://worldhealthorganization.github.io/smart/CodeSystem/HIV.EF#DE105
",,,,"HIVEF.matHivPositive",1,1,"",""
"HIVEF.matHivNegative","HIVEF.matHivNegative","","","",1,1,"","","","string {[]} {[]}
","HIV-negative","Test result is HIV-negative","","","","","","","","","",,,,,"http://worldhealthorganization.github.io/smart/CodeSystem/HIV.EF#DE106
",,,,"HIVEF.matHivNegative",1,1,"",""
"HIVEF.hivInconclusive","HIVEF.hivInconclusive","","","",1,1,"","","","string {[]} {[]}
","HIV-inconclusive","Test result is HIV-inconclusive","","","","","","","","","",,,,,"http://worldhealthorganization.github.io/smart/CodeSystem/HIV.EF#DE107
",,,,"HIVEF.hivInconclusive",1,1,"",""
"HIVEF.infantOrChildExposureToHiv","HIVEF.infantOrChildExposureToHiv","","","",1,1,"","","","string {[]} {[]}
","Infant or child exposure to HIV","Whether the infant or child was determined to have had HIV exposure through mother","","","","","","","","","",,,,,"http://worldhealthorganization.github.io/smart/CodeSystem/HIV.EF#DE108
",,,,"HIVEF.infantOrChildExposureToHiv",1,1,"",""
"HIVEF.notExposed","HIVEF.notExposed","","","",1,1,"","","","string {[]} {[]}
","Not exposed","Infant or child is not known to have been exposed to HIV","","","","","","","","","",,,,,"http://worldhealthorganization.github.io/smart/CodeSystem/HIV.EF#DE109
",,,,"HIVEF.notExposed",1,1,"",""
"HIVEF.hivExposed","HIVEF.hivExposed","","","",1,1,"","","","string {[]} {[]}
","HIV-exposed","Infant had known exposure to HIV","","","","","","","","","",,,,,"http://worldhealthorganization.github.io/smart/CodeSystem/HIV.EF#DE110
",,,,"HIVEF.hivExposed",1,1,"",""
"HIVEF.unknownHivExposure","HIVEF.unknownHivExposure","","","",1,1,"","","","string {[]} {[]}
","Unknown HIV exposure","Dont know whether infant or child was exposed to HIV, such as if mothers HIV status is unknown","","","","","","","","","",,,,,"http://worldhealthorganization.github.io/smart/CodeSystem/HIV.EF#DE111
",,,,"HIVEF.unknownHivExposure",1,1,"",""
"HIVEF.hivExposedInfantOrChild","HIVEF.hivExposedInfantOrChild","","","",1,1,"","","","string {[]} {[]}
","HIV-exposed infant or child","Whether the infant or child was determined to have had HIV exposure","","","","","","","","","",,,,,"http://worldhealthorganization.github.io/smart/CodeSystem/HIV.EF#DE112
",,,,"HIVEF.hivExposedInfantOrChild",1,1,"",""
"HIVEF.keyPopulationMember","HIVEF.keyPopulationMember","","","",1,1,"","","","string {[]} {[]}
","Key population member*","Mother is a member of a key population which has an increased risk of HIV","","","","","","","","","",,,,,"http://worldhealthorganization.github.io/smart/CodeSystem/HIV.EF#DE113
",,,,"HIVEF.keyPopulationMember",1,1,"",""
"HIVEF.keyPopulationMemberType","HIVEF.keyPopulationMemberType","","","",1,1,"","","","string {[]} {[]}
","Key population member type*","The type of key population that the infants mother is included in","","","","","","","","","",,,,,"http://worldhealthorganization.github.io/smart/CodeSystem/HIV.EF#DE114
",,,,"HIVEF.keyPopulationMemberType",1,1,"",""
"HIVEF.sexWorker","HIVEF.sexWorker","","","",1,1,"","","","string {[]} {[]}
","Sex worker","Infants mother is a sex worker","","","","","","","","","",,,,,"http://worldhealthorganization.github.io/smart/CodeSystem/HIV.EF#DE115
",,,,"HIVEF.sexWorker",1,1,"",""
"HIVEF.peopleWhoInjectDrugs","HIVEF.peopleWhoInjectDrugs","","","",1,1,"","","","string {[]} {[]}
","People who inject drugs","Infants mother is a person who injects drugs","","","","","","","","","",,,,,"http://worldhealthorganization.github.io/smart/CodeSystem/HIV.EF#DE116
",,,,"HIVEF.peopleWhoInjectDrugs",1,1,"",""
"HIVEF.transgenderPeople","HIVEF.transgenderPeople","","","",1,1,"","","","string {[]} {[]}
","Transgender people","Infants mother is transgender","","","","","","","","","",,,,,"http://worldhealthorganization.github.io/smart/CodeSystem/HIV.EF#DE117
",,,,"HIVEF.transgenderPeople",1,1,"",""
"HIVEF.peopleLivingInPrisonsAndOtherClosedSetting","HIVEF.peopleLivingInPrisonsAndOtherClosedSetting","","","",1,1,"","","","string {[]} {[]}
","People living in prisons and other closed setting","Infants mother is in a prison or closed setting","","","","","","","","","",,,,,"http://worldhealthorganization.github.io/smart/CodeSystem/HIV.EF#DE118
",,,,"HIVEF.peopleLivingInPrisonsAndOtherClosedSetting",1,1,"",""
"HIVEF.postpartumFamilyPlanningCounsellingConducted","HIVEF.postpartumFamilyPlanningCounsellingConducted","","","",1,1,"","","","string {[]} {[]}
","Postpartum family planning counselling conducted","Provide family planning and contraception counselling","","","","","","","","","",,,,,"http://worldhealthorganization.github.io/smart/CodeSystem/HIV.EF#DE119
",,,,"HIVEF.postpartumFamilyPlanningCounsellingConducted",1,1,"",""
"HIVEF.ageOfInfantOnHivTestDate","HIVEF.ageOfInfantOnHivTestDate","","","",1,1,"","","","string {[]} {[]}
","Age of infant on HIV test date","Infants age when an HIV test is performed in months and years (calculated from date of birth)","","","","","","","","","",,,,,"http://worldhealthorganization.github.io/smart/CodeSystem/HIV.EF#DE120
",,,,"HIVEF.ageOfInfantOnHivTestDate",1,1,"",""
"HIVEF.arvAdherenceCounselling","HIVEF.arvAdherenceCounselling","","","",1,1,"","","","string {[]} {[]}
","ARV adherence counselling","Counselling was carried out during visit","","","","","","","","","",,,,,"http://worldhealthorganization.github.io/smart/CodeSystem/HIV.EF#DE121
",,,,"HIVEF.arvAdherenceCounselling",1,1,"",""
"HIVEF.infantFeedingCounsellingProvided","HIVEF.infantFeedingCounsellingProvided","","","",1,1,"","","","string {[]} {[]}
","Infant feeding counselling provided","Support on infant and child feeding to mother or caregiver provided","","","","","","","","","",,,,,"http://worldhealthorganization.github.io/smart/CodeSystem/HIV.EF#DE122
",,,,"HIVEF.infantFeedingCounsellingProvided",1,1,"",""
"HIVEF.dateInfantFeedingCounsellingProvided","HIVEF.dateInfantFeedingCounsellingProvided","","","",1,1,"","","","string {[]} {[]}
","Date infant feeding counselling provided","Date support on infant and child feeding to mother or caregiver provided","","","","","","","","","",,,,,"http://worldhealthorganization.github.io/smart/CodeSystem/HIV.EF#DE123
",,,,"HIVEF.dateInfantFeedingCounsellingProvided",1,1,"",""
"HIVEF.malariaPreventionCounsellingConducted","HIVEF.malariaPreventionCounsellingConducted","","","",1,1,"","","","string {[]} {[]}
","Malaria prevention counselling conducted","Counselling provided on how to prevent malaria","","","","","","","","","",,,,,"http://worldhealthorganization.github.io/smart/CodeSystem/HIV.EF#DE124
",,,,"HIVEF.malariaPreventionCounsellingConducted",1,1,"",""
"HIVEF.insecticideTreatedBednetItnProvidedOrReferred","HIVEF.insecticideTreatedBednetItnProvidedOrReferred","","","",1,1,"","","","string {[]} {[]}
","Insecticide treated bednet (ITN) provided or referred","An insecticide treated bednet (ITN) was provided or the client was referred","","","","","","","","","",,,,,"http://worldhealthorganization.github.io/smart/CodeSystem/HIV.EF#DE125
",,,,"HIVEF.insecticideTreatedBednetItnProvidedOrReferred",1,1,"",""
"HIVEF.maternalSyphilisTreatment","HIVEF.maternalSyphilisTreatment","","","",1,1,"","","","string {[]} {[]}
","Maternal syphilis treatment","Whether or not mother was treated for syphilis","","","","","","","","","",,,,,"http://worldhealthorganization.github.io/smart/CodeSystem/HIV.EF#DE126
",,,,"HIVEF.maternalSyphilisTreatment",1,1,"",""
"HIVEF.infantFeedingPractice","HIVEF.infantFeedingPractice","","","",1,1,"","","","string {[]} {[]}
","Infant feeding practice","Infant feeding practice","","","","","","","","","",,,,,"http://worldhealthorganization.github.io/smart/CodeSystem/HIV.EF#DE127
",,,,"HIVEF.infantFeedingPractice",1,1,"",""
"HIVEF.exclusivelyBreastfeeding","HIVEF.exclusivelyBreastfeeding","","","",1,1,"","","","string {[]} {[]}
","Exclusively breastfeeding","Specifies whether the infant is exclusively being breastfed by the mother","","","","","","","","","",,,,,"http://worldhealthorganization.github.io/smart/CodeSystem/HIV.EF#DE128
",,,,"HIVEF.exclusivelyBreastfeeding",1,1,"",""
"HIVEF.replacementFeeding","HIVEF.replacementFeeding","","","",1,1,"","","","string {[]} {[]}
","Replacement feeding","Infant is not receiving any breast milk with a diet that provides all the nutrients needed until they can be fully fed on family foods","","","","","","","","","",,,,,"http://worldhealthorganization.github.io/smart/CodeSystem/HIV.EF#DE129
",,,,"HIVEF.replacementFeeding",1,1,"",""
"HIVEF.mixedFeeding","HIVEF.mixedFeeding","","","",1,1,"","","","string {[]} {[]}
","Mixed feeding","Infant younger than 6 months of age is given other liquids and/or foods together with breast milk. This could be water, other types of milk or any type of solid food.","","","","","","","","","",,,,,"http://worldhealthorganization.github.io/smart/CodeSystem/HIV.EF#DE130
",,,,"HIVEF.mixedFeeding",1,1,"",""
"HIVEF.infantFeedingPracticeRecordedDate","HIVEF.infantFeedingPracticeRecordedDate","","","",1,1,"","","","string {[]} {[]}
","Infant feeding practice recorded date","Date on which infant feeding practice was recorded","","","","","","","","","",,,,,"http://worldhealthorganization.github.io/smart/CodeSystem/HIV.EF#DE131
",,,,"HIVEF.infantFeedingPracticeRecordedDate",1,1,"",""
"HIVEF.stoppedBreastfeeding","HIVEF.stoppedBreastfeeding","","","",1,1,"","","","string {[]} {[]}
","Stopped breastfeeding","The mother has fully stopped breastfeeding the infant or child","","","","","","","","","",,,,,"http://worldhealthorganization.github.io/smart/CodeSystem/HIV.EF#DE132
",,,,"HIVEF.stoppedBreastfeeding",1,1,"",""
"HIVEF.dateStoppedBreastfeeding","HIVEF.dateStoppedBreastfeeding","","","",1,1,"","","","string {[]} {[]}
","Date stopped breastfeeding","The date on which the mother stopped breastfeeding the infant","","","","","","","","","",,,,,"http://worldhealthorganization.github.io/smart/CodeSystem/HIV.EF#DE133
",,,,"HIVEF.dateStoppedBreastfeeding",1,1,"",""
"HIVEF.takingIronAndFolicAcidIfaTablets","HIVEF.takingIronAndFolicAcidIfaTablets","","","",1,1,"","","","string {[]} {[]}
","Taking iron and folic acid (IFA) tablets","Is client taking her iron and folic acid (IFA) tablets? Select whether the woman is continuing to take IFA supplements","","","","","","","","","",,,,,"http://worldhealthorganization.github.io/smart/CodeSystem/HIV.EF#DE134
",,,,"HIVEF.takingIronAndFolicAcidIfaTablets",1,1,"",""
"HIVEF.amountOfIronPrescribed","HIVEF.amountOfIronPrescribed","","","",1,1,"","","","string {[]} {[]}
","Amount of iron prescribed","Amount of iron supplements prescribed in milligrams for intake","","","","","","","","","",,,,,"http://worldhealthorganization.github.io/smart/CodeSystem/HIV.EF#DE135
",,,,"HIVEF.amountOfIronPrescribed",1,1,"",""
"HIVEF.typeOfIronSupplementDosageProvided","HIVEF.typeOfIronSupplementDosageProvided","","","",1,1,"","","","string {[]} {[]}
","Type of iron supplement dosage provided","Whether the amount of iron prescribed is for daily or weekly intake","","","","","","","","","",,,,,"http://worldhealthorganization.github.io/smart/CodeSystem/HIV.EF#DE136
",,,,"HIVEF.typeOfIronSupplementDosageProvided",1,1,"",""
"HIVEF.daily","HIVEF.daily","","","",1,1,"","","","string {[]} {[]}
","Daily ","Iron supplements prescribed for daily intake","","","","","","","","","",,,,,"http://worldhealthorganization.github.io/smart/CodeSystem/HIV.EF#DE137
",,,,"HIVEF.daily",1,1,"",""
"HIVEF.weekly","HIVEF.weekly","","","",1,1,"","","","string {[]} {[]}
","Weekly","Iron supplements prescribed for daily intake","","","","","","","","","",,,,,"http://worldhealthorganization.github.io/smart/CodeSystem/HIV.EF#DE138
",,,,"HIVEF.weekly",1,1,"",""
"HIVEF.amountOfDailyDoseOfFolicAcidPrescribed","HIVEF.amountOfDailyDoseOfFolicAcidPrescribed","","","",1,1,"","","","string {[]} {[]}
","Amount of daily dose of folic acid prescribed","Amount of folic acid supplements prescribed in milligrams for daily intake","","","","","","","","","",,,,,"http://worldhealthorganization.github.io/smart/CodeSystem/HIV.EF#DE139
",,,,"HIVEF.amountOfDailyDoseOfFolicAcidPrescribed",1,1,"",""
"HIVEF.dateInfantArvProphylaxisDispensedOrStarted","HIVEF.dateInfantArvProphylaxisDispensedOrStarted","","","",1,1,"","","","string {[]} {[]}
","Date infant ARV prophylaxis dispensed (or started)","Date HIV-exposed infant received ARV prophylaxis (for the first time)","","","","","","","","","",,,,,"http://worldhealthorganization.github.io/smart/CodeSystem/HIV.EF#DE140
",,,,"HIVEF.dateInfantArvProphylaxisDispensedOrStarted",1,1,"",""
"HIVEF.maternalHivStatus","HIVEF.maternalHivStatus","","","",1,1,"","","","string {[]} {[]}
","Maternal HIV status","The HIV status of the infants mother","","","","","","","","","",,,,,"http://worldhealthorganization.github.io/smart/CodeSystem/HIV.EF#DE141
",,,,"HIVEF.maternalHivStatus",1,1,"",""
"HIVEF.imHivPositive","HIVEF.imHivPositive","","","",1,1,"","","","string {[]} {[]}
","HIV-positive","Infants mother is HIV-positive","","","","","","","","","",,,,,"http://worldhealthorganization.github.io/smart/CodeSystem/HIV.EF#DE142
",,,,"HIVEF.imHivPositive",1,1,"",""
"HIVEF.imHivNegative","HIVEF.imHivNegative","","","",1,1,"","","","string {[]} {[]}
","HIV-negative","Infants mother is HIV-negative","","","","","","","","","",,,,,"http://worldhealthorganization.github.io/smart/CodeSystem/HIV.EF#DE143
",,,,"HIVEF.imHivNegative",1,1,"",""
"HIVEF.imUnknown","HIVEF.imUnknown","","","",1,1,"","","","string {[]} {[]}
","Unknown","Dont know HIV status - client does not know partners HIV status","","","","","","","","","",,,,,"http://worldhealthorganization.github.io/smart/CodeSystem/HIV.EF#DE144
",,,,"HIVEF.imUnknown",1,1,"",""
"HIVEF.maternalHivStatusAtFirstAncVisit","HIVEF.maternalHivStatusAtFirstAncVisit","","","",1,1,"","","","string {[]} {[]}
","Maternal HIV status at first ANC visit","The HIV status of the infants mother at first ANC visit","","","","","","","","","",,,,,"http://worldhealthorganization.github.io/smart/CodeSystem/HIV.EF#DE145
",,,,"HIVEF.maternalHivStatusAtFirstAncVisit",1,1,"",""
"HIVEF.imHivPositive2","HIVEF.imHivPositive2","","","",1,1,"","","","string {[]} {[]}
","HIV-positive","Infants mother is HIV-positive","","","","","","","","","",,,,,"http://worldhealthorganization.github.io/smart/CodeSystem/HIV.EF#DE146
",,,,"HIVEF.imHivPositive2",1,1,"",""
"HIVEF.imHivNegative2","HIVEF.imHivNegative2","","","",1,1,"","","","string {[]} {[]}
","HIV-negative","Infants mother is HIV-negative","","","","","","","","","",,,,,"http://worldhealthorganization.github.io/smart/CodeSystem/HIV.EF#DE147
",,,,"HIVEF.imHivNegative2",1,1,"",""
"HIVEF.imUnknown2","HIVEF.imUnknown2","","","",1,1,"","","","string {[]} {[]}
","Unknown","Dont know HIV status - client does not know partners HIV status","","","","","","","","","",,,,,"http://worldhealthorganization.github.io/smart/CodeSystem/HIV.EF#DE148
",,,,"HIVEF.imUnknown2",1,1,"",""
"HIVEF.maternalSyphilisTestResult","HIVEF.maternalSyphilisTestResult","","","",1,1,"","","","string {[]} {[]}
","Maternal syphilis test result","Result from maternal syphilis test","","","","","","","","","",,,,,"http://worldhealthorganization.github.io/smart/CodeSystem/HIV.EF#DE149
",,,,"HIVEF.maternalSyphilisTestResult",1,1,"",""
"HIVEF.syptPositive","HIVEF.syptPositive","","","",1,1,"","","","string {[]} {[]}
","Positive","Test result is positive for syphilis","","","","","","","","","",,,,,"http://worldhealthorganization.github.io/smart/CodeSystem/HIV.EF#DE150
",,,,"HIVEF.syptPositive",1,1,"",""
"HIVEF.syptNegative","HIVEF.syptNegative","","","",1,1,"","","","string {[]} {[]}
","Negative","Test result is negative for syphilis","","","","","","","","","",,,,,"http://worldhealthorganization.github.io/smart/CodeSystem/HIV.EF#DE151
",,,,"HIVEF.syptNegative",1,1,"",""
"HIVEF.syptInconclusive","HIVEF.syptInconclusive","","","",1,1,"","","","string {[]} {[]}
","Inconclusive","Test result is inconclusive","","","","","","","","","",,,,,"http://worldhealthorganization.github.io/smart/CodeSystem/HIV.EF#DE152
",,,,"HIVEF.syptInconclusive",1,1,"",""
"HIVEF.hypertension","HIVEF.hypertension","","","",1,1,"","","","string {[]} {[]}
","Hypertension","Whether the client has developed hypertension associated with pregnancy","","","","","","","","","",,,,,"http://worldhealthorganization.github.io/smart/CodeSystem/HIV.EF#DE153
",,,,"HIVEF.hypertension",1,1,"",""
"HIVEF.hasPreEclampsia","HIVEF.hasPreEclampsia","","","",1,1,"","","","string {[]} {[]}
","Pre-eclampsia","Whether the client has pre-eclampsia","","","","","","","","","",,,,,"http://worldhealthorganization.github.io/smart/CodeSystem/HIV.EF#DE154
",,,,"HIVEF.hasPreEclampsia",1,1,"",""
"HIVEF.signsOfSubstantialRiskOfHivInfection","HIVEF.signsOfSubstantialRiskOfHivInfection","","","",1,1,"","","","string {[]} {[]}
","Signs of substantial risk of HIV infection","Signs the client is at a substantial risk of HIV infection","","","","","","","","","",,,,,"http://worldhealthorganization.github.io/smart/CodeSystem/HIV.EF#DE155
",,,,"HIVEF.signsOfSubstantialRiskOfHivInfection",1,1,"",""
"HIVEF.noCondomUseDuringSexWithMoreThanOnePartnerInThePast6Months","HIVEF.noCondomUseDuringSexWithMoreThanOnePartnerInThePast6Months","","","",1,1,"","","","string {[]} {[]}
","No condom use during sex with more than one partner in the past 6 months","Recent vaginal or anal sexual intercourse without a condom with more than one partner","","","","","","","","","",,,,,"http://worldhealthorganization.github.io/smart/CodeSystem/HIV.EF#DE156
",,,,"HIVEF.noCondomUseDuringSexWithMoreThanOnePartnerInThePast6Months",1,1,"",""
"HIVEF.stiInThePast6Months","HIVEF.stiInThePast6Months","","","",1,1,"","","","string {[]} {[]}
","STI in the past 6 months","A recent history (in the last 6 months) of a sexually transmitted infection (STI) by laboratory testing or self-report of syndromic STI treatment","","","","","","","","","",,,,,"http://worldhealthorganization.github.io/smart/CodeSystem/HIV.EF#DE157
",,,,"HIVEF.stiInThePast6Months",1,1,"",""
"HIVEF.aSexualPartnerInThePast6MonthsHadOneOrMoreHivRiskFactors","HIVEF.aSexualPartnerInThePast6MonthsHadOneOrMoreHivRiskFactors","","","",1,1,"","","","string {[]} {[]}
","A sexual partner in the past 6 months had one or more HIV risk factors","A recent sex partner of the client had HIV risk factors","","","","","","","","","",,,,,"http://worldhealthorganization.github.io/smart/CodeSystem/HIV.EF#DE158
",,,,"HIVEF.aSexualPartnerInThePast6MonthsHadOneOrMoreHivRiskFactors",1,1,"",""
"HIVEF.prepRequestedByClient","HIVEF.prepRequestedByClient","","","",1,1,"","","","string {[]} {[]}
","PrEP requested by client","Client is requesting PrEP, reflecting a decision-making process has already taken place and suggesting of substantial risk of HIV","","","","","","","","","",,,,,"http://worldhealthorganization.github.io/smart/CodeSystem/HIV.EF#DE159
",,,,"HIVEF.prepRequestedByClient",1,1,"",""
"HIVEF.serodiscordantPartner","HIVEF.serodiscordantPartner","","","",1,1,"","","","string {[]} {[]}
","Serodiscordant partner","Mothers HIV status is different from a current partners HIV status","","","","","","","","","",,,,,"http://worldhealthorganization.github.io/smart/CodeSystem/HIV.EF#DE160
",,,,"HIVEF.serodiscordantPartner",1,1,"",""
"HIVEF.dateWomanReceivedCounsellingForCpt","HIVEF.dateWomanReceivedCounsellingForCpt","","","",1,1,"","","","string {[]} {[]}
","Date woman received counselling for CPT","Date woman received counselling for co-trimoxazole preventive therapy (CPT)","","","","","","","","","",,,,,"http://worldhealthorganization.github.io/smart/CodeSystem/HIV.EF#DE161
",,,,"HIVEF.dateWomanReceivedCounsellingForCpt",1,1,"",""
"HIVEF.dateWomanReceivedCounsellingForTpt","HIVEF.dateWomanReceivedCounsellingForTpt","","","",1,1,"","","","string {[]} {[]}
","Date woman received counselling for TPT","Date woman received counselling for TB preventive therapy","","","","","","","","","",,,,,"http://worldhealthorganization.github.io/smart/CodeSystem/HIV.EF#DE162
",,,,"HIVEF.dateWomanReceivedCounsellingForTpt",1,1,"",""
"HIVEF.infantsCoTrimoxazoleProphylaxisStartDate","HIVEF.infantsCoTrimoxazoleProphylaxisStartDate","","","",1,1,"","","","string {[]} {[]}
","Infants co-trimoxazole prophylaxis start date","Start date of co-trimoxazole prophylaxis","","","","","","","","","",,,,,"http://worldhealthorganization.github.io/smart/CodeSystem/HIV.EF#DE163
",,,,"HIVEF.infantsCoTrimoxazoleProphylaxisStartDate",1,1,"",""
"HIVEF.infantsAgeWhenCoTrimoxazoleProphylaxisWasStarted","HIVEF.infantsAgeWhenCoTrimoxazoleProphylaxisWasStarted","","","",1,1,"","","","string {[]} {[]}
","Infants age when co-trimoxazole prophylaxis was started","The number of weeks or months infant was when started on co-trimoxazole (CTX) prophylaxis preventive therapy","","","","","","","","","",,,,,"http://worldhealthorganization.github.io/smart/CodeSystem/HIV.EF#DE164
",,,,"HIVEF.infantsAgeWhenCoTrimoxazoleProphylaxisWasStarted",1,1,"",""
"HIVEF.presumptiveClinicalDiagnosisOfSevereHivInfectionInInfants","HIVEF.presumptiveClinicalDiagnosisOfSevereHivInfectionInInfants","","","",1,1,"","","","string {[]} {[]}
","Presumptive clinical diagnosis of severe HIV infection in infants","Presumptive clinical diagnosis of severe HIV infection in infants","","","","","","","","","",,,,,"http://worldhealthorganization.github.io/smart/CodeSystem/HIV.EF#DE165
",,,,"HIVEF.presumptiveClinicalDiagnosisOfSevereHivInfectionInInfants",1,1,"",""
"HIVEF.infantArvProphylaxis","HIVEF.infantArvProphylaxis","","","",1,1,"","","","string {[]} {[]}
","Infant ARV prophylaxis","Infant is taking an antiretroviral prophylaxis to prevent infection from HIV exposure","","","","","","","","","",,,,,"http://worldhealthorganization.github.io/smart/CodeSystem/HIV.EF#DE166
",,,,"HIVEF.infantArvProphylaxis",1,1,"",""
"HIVEF.infantArvProphylaxisStartDate","HIVEF.infantArvProphylaxisStartDate","","","",1,1,"","","","string {[]} {[]}
","Infant ARV prophylaxis start date","The date on which the infant was started on an antiretroviral prophylaxis","","","","","","","","","",,,,,"http://worldhealthorganization.github.io/smart/CodeSystem/HIV.EF#DE167
",,,,"HIVEF.infantArvProphylaxisStartDate",1,1,"",""
"HIVEF.hivTestType","HIVEF.hivTestType","","","",1,1,"","","","string {[]} {[]}
","HIV test type","Type of HIV test","","","","","","","","","",,,,,"http://worldhealthorganization.github.io/smart/CodeSystem/HIV.EF#DE168
",,,,"HIVEF.hivTestType",1,1,"",""
"HIVEF.rapidDiagnosticTestForHiv","HIVEF.rapidDiagnosticTestForHiv","","","",1,1,"","","","string {[]} {[]}
","Rapid diagnostic test for HIV","Antibody test for HIV performed with a rapid diagnostic (RDT)","","","","","","","","","",,,,,"http://worldhealthorganization.github.io/smart/CodeSystem/HIV.EF#DE169
",,,,"HIVEF.rapidDiagnosticTestForHiv",1,1,"",""
"HIVEF.enzymeImmunoassayForHiv","HIVEF.enzymeImmunoassayForHiv","","","",1,1,"","","","string {[]} {[]}
","Enzyme immunoassay for HIV","Antibody test for HIV performed with an enzyme immunoassay (EIA)","","","","","","","","","",,,,,"http://worldhealthorganization.github.io/smart/CodeSystem/HIV.EF#DE170
",,,,"HIVEF.enzymeImmunoassayForHiv",1,1,"",""
"HIVEF.nucleicAcidTestForHiv","HIVEF.nucleicAcidTestForHiv","","","",1,1,"","","","string {[]} {[]}
","Nucleic acid test for HIV","Virological test, which includes testing for early infant diagnosis","","","","","","","","","",,,,,"http://worldhealthorganization.github.io/smart/CodeSystem/HIV.EF#DE171
",,,,"HIVEF.nucleicAcidTestForHiv",1,1,"",""
"HIVEF.dualHivSyphilisRapidDiagnosticTest","HIVEF.dualHivSyphilisRapidDiagnosticTest","","","",1,1,"","","","string {[]} {[]}
","Dual HIV/syphilis rapid diagnostic test","Antibody test for HIV and syphilis performed with a rapid diagnostic","","","","","","","","","",,,,,"http://worldhealthorganization.github.io/smart/CodeSystem/HIV.EF#DE172
",,,,"HIVEF.dualHivSyphilisRapidDiagnosticTest",1,1,"",""
"HIVEF.maternalAndChildHealthServiceVisit","HIVEF.maternalAndChildHealthServiceVisit","","","",1,1,"","","","string {[]} {[]}
","Maternal and child health service visit","Maternal and child health service visit attended by an HIV-exposed infant","","","","","","","","","",,,,,"http://worldhealthorganization.github.io/smart/CodeSystem/HIV.EF#DE173
",,,,"HIVEF.maternalAndChildHealthServiceVisit",1,1,"",""
"HIVEF.twelveMonthVisit","HIVEF.twelveMonthVisit","","","",1,1,"","","","string {[]} {[]}
","12-month visit","HIV-exposed infant attending MCH services for a 12-month visit","","","","","","","","","",,,,,"http://worldhealthorganization.github.io/smart/CodeSystem/HIV.EF#DE174
",,,,"HIVEF.twelveMonthVisit",1,1,"",""
"HIVEF.twentyFourMonthVisit","HIVEF.twentyFourMonthVisit","","","",1,1,"","","","string {[]} {[]}
","24-month visit","HIV-exposed infants attending MCH services for a 24-month visit","","","","","","","","","",,,,,"http://worldhealthorganization.github.io/smart/CodeSystem/HIV.EF#DE175
",,,,"HIVEF.twentyFourMonthVisit",1,1,"",""
"HIVEF.firstVisitAfterTheEndOfBreastfeeding","HIVEF.firstVisitAfterTheEndOfBreastfeeding","","","",1,1,"","","","string {[]} {[]}
","First visit after the end of breastfeeding","HIV-exposed infant attending MCH services for a first visit after the end of breastfeeding","","","","","","","","","",,,,,"http://worldhealthorganization.github.io/smart/CodeSystem/HIV.EF#DE176
",,,,"HIVEF.firstVisitAfterTheEndOfBreastfeeding",1,1,"",""
"HIVEF.weeksPostpartum","HIVEF.weeksPostpartum","","","",1,1,"","","","string {[]} {[]}
","Weeks postpartum","Number of weeks postpartum on this visit date","","","","","","","","","",,,,,"http://worldhealthorganization.github.io/smart/CodeSystem/HIV.EF#DE177
",,,,"HIVEF.weeksPostpartum",1,1,"",""
"HIVEF.birthCohort","HIVEF.birthCohort","","","",1,1,"","","","string {[]} {[]}
","Birth cohort","Month and year of infants birth, which the infant is registered into. The cohort is a group of infants born in the same month, whose status is followed over time.","","","","","","","","","",,,,,"http://worldhealthorganization.github.io/smart/CodeSystem/HIV.EF#DE178
",,,,"HIVEF.birthCohort",1,1,"",""
"HIVEF.registeredInBirthCohort","HIVEF.registeredInBirthCohort","","","",1,1,"","","","string {[]} {[]}
","Registered in birth cohort","Whether the infant has been registered in a birth cohort","","","","","","","","","",,,,,"http://worldhealthorganization.github.io/smart/CodeSystem/HIV.EF#DE179
",,,,"HIVEF.registeredInBirthCohort",1,1,"",""
"HIVEF.eidSampleNumber","HIVEF.eidSampleNumber","","","",1,1,"","","","string {[]} {[]}
","EID sample number","Early infant diagnosis (EID) sample number","","","","","","","","","",,,,,"http://worldhealthorganization.github.io/smart/CodeSystem/HIV.EF#DE180
",,,,"HIVEF.eidSampleNumber",1,1,"",""
"HIVEF.eidSample1","HIVEF.eidSample1","","","",1,1,"","","","string {[]} {[]}
","EID sample 1","First sample used to test an infant for HIV","","","","","","","","","",,,,,"http://worldhealthorganization.github.io/smart/CodeSystem/HIV.EF#DE181
",,,,"HIVEF.eidSample1",1,1,"",""
"HIVEF.eidSample2","HIVEF.eidSample2","","","",1,1,"","","","string {[]} {[]}
","EID sample 2","Second sample used to test an infant for HIV","","","","","","","","","",,,,,"http://worldhealthorganization.github.io/smart/CodeSystem/HIV.EF#DE182
",,,,"HIVEF.eidSample2",1,1,"",""
"HIVEF.eidTestNumber","HIVEF.eidTestNumber","","","",1,1,"","","","string {[]} {[]}
","EID test number","Early infant diagnosis (EID) HIV test number using the same sample","","","","","","","","","",,,,,"http://worldhealthorganization.github.io/smart/CodeSystem/HIV.EF#DE183
",,,,"HIVEF.eidTestNumber",1,1,"",""
"HIVEF.eidTestNumber1","HIVEF.eidTestNumber1","","","",1,1,"","","","string {[]} {[]}
","EID test number 1","First test on a sample to test an infant for HIV","","","","","","","","","",,,,,"http://worldhealthorganization.github.io/smart/CodeSystem/HIV.EF#DE184
",,,,"HIVEF.eidTestNumber1",1,1,"",""
"HIVEF.eidTestNumber2","HIVEF.eidTestNumber2","","","",1,1,"","","","string {[]} {[]}
","EID test number 2","Second test on a sample to test an infant for HIV","","","","","","","","","",,,,,"http://worldhealthorganization.github.io/smart/CodeSystem/HIV.EF#DE185
",,,,"HIVEF.eidTestNumber2",1,1,"",""
"HIVEF.eidTestNumber1TestResult","HIVEF.eidTestNumber1TestResult","","","",1,1,"","","","string {[]} {[]}
","EID test number 1 test result","Early infant diagnosis test number 1 test result","","","","","","","","","",,,,,"http://worldhealthorganization.github.io/smart/CodeSystem/HIV.EF#DE186
",,,,"HIVEF.eidTestNumber1TestResult",1,1,"",""
"HIVEF.natPositive","HIVEF.natPositive","","","",1,1,"","","","string {[]} {[]}
","Positive","Positive HIV test result from the nucleic acid test","","","","","","","","","",,,,,"http://worldhealthorganization.github.io/smart/CodeSystem/HIV.EF#DE187
",,,,"HIVEF.natPositive",1,1,"",""
"HIVEF.natNegative","HIVEF.natNegative","","","",1,1,"","","","string {[]} {[]}
","Negative","Negative HIV test result from the nucleic acid test","","","","","","","","","",,,,,"http://worldhealthorganization.github.io/smart/CodeSystem/HIV.EF#DE188
",,,,"HIVEF.natNegative",1,1,"",""
"HIVEF.natIndeterminate","HIVEF.natIndeterminate","","","",1,1,"","","","string {[]} {[]}
","Indeterminate","Indeterminate HIV test result from the nucleic acid test","","","","","","","","","",,,,,"http://worldhealthorganization.github.io/smart/CodeSystem/HIV.EF#DE189
",,,,"HIVEF.natIndeterminate",1,1,"",""
"HIVEF.eidTestNumber2TestResult","HIVEF.eidTestNumber2TestResult","","","",1,1,"","","","string {[]} {[]}
","EID test number 2 test result","Early infant diagnosis test number 2 test result","","","","","","","","","",,,,,"http://worldhealthorganization.github.io/smart/CodeSystem/HIV.EF#DE190
",,,,"HIVEF.eidTestNumber2TestResult",1,1,"",""
"HIVEF.natPositive2","HIVEF.natPositive2","","","",1,1,"","","","string {[]} {[]}
","Positive","Positive HIV test result from the nucleic acid test","","","","","","","","","",,,,,"http://worldhealthorganization.github.io/smart/CodeSystem/HIV.EF#DE191
",,,,"HIVEF.natPositive2",1,1,"",""
"HIVEF.natNegative2","HIVEF.natNegative2","","","",1,1,"","","","string {[]} {[]}
","Negative","Negative HIV test result from the nucleic acid test","","","","","","","","","",,,,,"http://worldhealthorganization.github.io/smart/CodeSystem/HIV.EF#DE192
",,,,"HIVEF.natNegative2",1,1,"",""
"HIVEF.natIndeterminate2","HIVEF.natIndeterminate2","","","",1,1,"","","","string {[]} {[]}
","Indeterminate","Indeterminate HIV test result from the nucleic acid test","","","","","","","","","",,,,,"http://worldhealthorganization.github.io/smart/CodeSystem/HIV.EF#DE193
",,,,"HIVEF.natIndeterminate2",1,1,"",""
"HIVEF.assayNumberInTestingStrategy","HIVEF.assayNumberInTestingStrategy","","","",1,1,"","","","string {[]} {[]}
","Assay number in testing strategy","The number of the assay (test kit) in the HIV testing strategy","","","","","","","","","",,,,,"http://worldhealthorganization.github.io/smart/CodeSystem/HIV.EF#DE194
",,,,"HIVEF.assayNumberInTestingStrategy",1,1,"",""
"HIVEF.assay0","HIVEF.assay0","","","",1,1,"","","","string {[]} {[]}
","Assay 0","A community outreach test-for-triage or self-test which is not included in the HIV testing strategy","","","","","","","","","",,,,,"http://worldhealthorganization.github.io/smart/CodeSystem/HIV.EF#DE195
",,,,"HIVEF.assay0",1,1,"",""
"HIVEF.assay1","HIVEF.assay1","","","",1,1,"","","","string {[]} {[]}
","Assay 1","The first test in the HIV testing strategy","","","","","","","","","",,,,,"http://worldhealthorganization.github.io/smart/CodeSystem/HIV.EF#DE196
",,,,"HIVEF.assay1",1,1,"",""
"HIVEF.assay2","HIVEF.assay2","","","",1,1,"","","","string {[]} {[]}
","Assay 2","The second test in the HIV testing strategy","","","","","","","","","",,,,,"http://worldhealthorganization.github.io/smart/CodeSystem/HIV.EF#DE197
",,,,"HIVEF.assay2",1,1,"",""
"HIVEF.assay3","HIVEF.assay3","","","",1,1,"","","","string {[]} {[]}
","Assay 3","The third test in the HIV testing strategy","","","","","","","","","",,,,,"http://worldhealthorganization.github.io/smart/CodeSystem/HIV.EF#DE198
",,,,"HIVEF.assay3",1,1,"",""
"HIVEF.assay1Repeated","HIVEF.assay1Repeated","","","",1,1,"","","","string {[]} {[]}
","Assay 1 repeated","The first test in the HIV testing strategy","","","","","","","","","",,,,,"http://worldhealthorganization.github.io/smart/CodeSystem/HIV.EF#DE199
",,,,"HIVEF.assay1Repeated",1,1,"",""
"HIVEF.testResultOfHivAssay1","HIVEF.testResultOfHivAssay1","","","",1,1,"","","","string {[]} {[]}
","Test result of HIV assay 1","The result of the first HIV assay in the testing strategy","","","","","","","","","",,,,,"http://worldhealthorganization.github.io/smart/CodeSystem/HIV.EF#DE200
",,,,"HIVEF.testResultOfHivAssay1",1,1,"",""
"HIVEF.hivaReactive","HIVEF.hivaReactive","","","",1,1,"","","","string {[]} {[]}
","Reactive","The result of the HIV assay in the testing strategy was reactive","","","","","","","","","",,,,,"http://worldhealthorganization.github.io/smart/CodeSystem/HIV.EF#DE201
",,,,"HIVEF.hivaReactive",1,1,"",""
"HIVEF.hivaNonReactive","HIVEF.hivaNonReactive","","","",1,1,"","","","string {[]} {[]}
","Non-reactive","The result of the HIV assay in the testing strategy was non-reactive","","","","","","","","","",,,,,"http://worldhealthorganization.github.io/smart/CodeSystem/HIV.EF#DE202
",,,,"HIVEF.hivaNonReactive",1,1,"",""
"HIVEF.hivaInvalid","HIVEF.hivaInvalid","","","",1,1,"","","","string {[]} {[]}
","Invalid","The result of the HIV assay in the testing strategy was invalid","","","","","","","","","",,,,,"http://worldhealthorganization.github.io/smart/CodeSystem/HIV.EF#DE203
",,,,"HIVEF.hivaInvalid",1,1,"",""
"HIVEF.testResultOfHivAssay2","HIVEF.testResultOfHivAssay2","","","",1,1,"","","","string {[]} {[]}
","Test result of HIV assay 2","The result of the second HIV assay in the testing strategy","","","","","","","","","",,,,,"http://worldhealthorganization.github.io/smart/CodeSystem/HIV.EF#DE204
",,,,"HIVEF.testResultOfHivAssay2",1,1,"",""
"HIVEF.hivaReactive2","HIVEF.hivaReactive2","","","",1,1,"","","","string {[]} {[]}
","Reactive","The result of the HIV assay in the testing strategy was reactive","","","","","","","","","",,,,,"http://worldhealthorganization.github.io/smart/CodeSystem/HIV.EF#DE205
",,,,"HIVEF.hivaReactive2",1,1,"",""
"HIVEF.hivaNonReactive2","HIVEF.hivaNonReactive2","","","",1,1,"","","","string {[]} {[]}
","Non-reactive","The result of the HIV assay in the testing strategy was non-reactive","","","","","","","","","",,,,,"http://worldhealthorganization.github.io/smart/CodeSystem/HIV.EF#DE206
",,,,"HIVEF.hivaNonReactive2",1,1,"",""
"HIVEF.hivaInvalid2","HIVEF.hivaInvalid2","","","",1,1,"","","","string {[]} {[]}
","Invalid","The result of the HIV assay in the testing strategy was invalid","","","","","","","","","",,,,,"http://worldhealthorganization.github.io/smart/CodeSystem/HIV.EF#DE207
",,,,"HIVEF.hivaInvalid2",1,1,"",""
"HIVEF.testResultOfHivAssay3","HIVEF.testResultOfHivAssay3","","","",1,1,"","","","string {[]} {[]}
","Test result of HIV assay 3","The result of the third HIV assay in the testing strategy","","","","","","","","","",,,,,"http://worldhealthorganization.github.io/smart/CodeSystem/HIV.EF#DE208
",,,,"HIVEF.testResultOfHivAssay3",1,1,"",""
"HIVEF.hivaReactive3","HIVEF.hivaReactive3","","","",1,1,"","","","string {[]} {[]}
","Reactive","The result of the HIV assay in the testing strategy was reactive","","","","","","","","","",,,,,"http://worldhealthorganization.github.io/smart/CodeSystem/HIV.EF#DE209
",,,,"HIVEF.hivaReactive3",1,1,"",""
"HIVEF.hivaNonReactive3","HIVEF.hivaNonReactive3","","","",1,1,"","","","string {[]} {[]}
","Non-reactive","The result of the HIV assay in the testing strategy was non-reactive","","","","","","","","","",,,,,"http://worldhealthorganization.github.io/smart/CodeSystem/HIV.EF#DE210
",,,,"HIVEF.hivaNonReactive3",1,1,"",""
"HIVEF.hivaInvalid3","HIVEF.hivaInvalid3","","","",1,1,"","","","string {[]} {[]}
","Invalid","The result of the HIV assay in the testing strategy was invalid","","","","","","","","","",,,,,"http://worldhealthorganization.github.io/smart/CodeSystem/HIV.EF#DE211
",,,,"HIVEF.hivaInvalid3",1,1,"",""
"HIVEF.testResultOfHivAssay1Repeated","HIVEF.testResultOfHivAssay1Repeated","","","",1,1,"","","","string {[]} {[]}
","Test result of HIV assay 1 repeated","The result of the repeated first HIV assay in the testing strategy","","","","","","","","","",,,,,"http://worldhealthorganization.github.io/smart/CodeSystem/HIV.EF#DE212
",,,,"HIVEF.testResultOfHivAssay1Repeated",1,1,"",""
"HIVEF.hivarReactive","HIVEF.hivarReactive","","","",1,1,"","","","string {[]} {[]}
","Reactive","The result of the HIV assay in the testing strategy was reactive","","","","","","","","","",,,,,"http://worldhealthorganization.github.io/smart/CodeSystem/HIV.EF#DE213
",,,,"HIVEF.hivarReactive",1,1,"",""
"HIVEF.hivarNonReactive","HIVEF.hivarNonReactive","","","",1,1,"","","","string {[]} {[]}
","Non-reactive","The result of the HIV assay in the testing strategy was non-reactive","","","","","","","","","",,,,,"http://worldhealthorganization.github.io/smart/CodeSystem/HIV.EF#DE214
",,,,"HIVEF.hivarNonReactive",1,1,"",""
"HIVEF.hivarInvalid","HIVEF.hivarInvalid","","","",1,1,"","","","string {[]} {[]}
","Invalid","The result of the HIV assay in the testing strategy was invalid","","","","","","","","","",,,,,"http://worldhealthorganization.github.io/smart/CodeSystem/HIV.EF#DE215
",,,,"HIVEF.hivarInvalid",1,1,"",""
"HIVEF.testResultOfSyphilisAssay1","HIVEF.testResultOfSyphilisAssay1","","","",1,1,"","","","string {[]} {[]}
","Test result of syphilis assay 1","The result of the first syphilis assay in the testing strategy","","","","","","","","","",,,,,"http://worldhealthorganization.github.io/smart/CodeSystem/HIV.EF#DE216
",,,,"HIVEF.testResultOfSyphilisAssay1",1,1,"",""
"HIVEF.sypaReactive","HIVEF.sypaReactive","","","",1,1,"","","","string {[]} {[]}
","Reactive","The result of the first syphilis assay in the testing strategy was reactive","","","","","","","","","",,,,,"http://worldhealthorganization.github.io/smart/CodeSystem/HIV.EF#DE217
",,,,"HIVEF.sypaReactive",1,1,"",""
"HIVEF.sypaNonReactive","HIVEF.sypaNonReactive","","","",1,1,"","","","string {[]} {[]}
","Non-reactive","The result of the first syphilis assay in the testing strategy was non-reactive","","","","","","","","","",,,,,"http://worldhealthorganization.github.io/smart/CodeSystem/HIV.EF#DE218
",,,,"HIVEF.sypaNonReactive",1,1,"",""
"HIVEF.sypaInvalid","HIVEF.sypaInvalid","","","",1,1,"","","","string {[]} {[]}
","Invalid","The result of the HIV assay in the testing strategy was invalid","","","","","","","","","",,,,,"http://worldhealthorganization.github.io/smart/CodeSystem/HIV.EF#DE219
",,,,"HIVEF.sypaInvalid",1,1,"",""
"HIVEF.testResultOfSyphilisAssay1Repeated","HIVEF.testResultOfSyphilisAssay1Repeated","","","",1,1,"","","","string {[]} {[]}
","Test result of syphilis assay 1 repeated","The result of the first syphilis assay repeated in the testing strategy","","","","","","","","","",,,,,"http://worldhealthorganization.github.io/smart/CodeSystem/HIV.EF#DE220
",,,,"HIVEF.testResultOfSyphilisAssay1Repeated",1,1,"",""
"HIVEF.sypa1Reactive","HIVEF.sypa1Reactive","","","",1,1,"","","","string {[]} {[]}
","Reactive","The result of the first syphilis assay repeated in the testing strategy was reactive","","","","","","","","","",,,,,"http://worldhealthorganization.github.io/smart/CodeSystem/HIV.EF#DE221
",,,,"HIVEF.sypa1Reactive",1,1,"",""
"HIVEF.sypa2NonReactive","HIVEF.sypa2NonReactive","","","",1,1,"","","","string {[]} {[]}
","Non-reactive","The result of the first syphilis assay repeated in the testing strategy was non-reactive","","","","","","","","","",,,,,"http://worldhealthorganization.github.io/smart/CodeSystem/HIV.EF#DE222
",,,,"HIVEF.sypa2NonReactive",1,1,"",""
"HIVEF.sypa2invalid","HIVEF.sypa2invalid","","","",1,1,"","","","string {[]} {[]}
","Invalid","The result of the first syphilis assay repeated in the testing strategy was invalid","","","","","","","","","",,,,,"http://worldhealthorganization.github.io/smart/CodeSystem/HIV.EF#DE223
",,,,"HIVEF.sypa2invalid",1,1,"",""
"HIVEF.hivTestDate","HIVEF.hivTestDate","","","",1,1,"","","","string {[]} {[]}
","HIV test date","Date of the HIV test","","","","","","","","","",,,,,"http://worldhealthorganization.github.io/smart/CodeSystem/HIV.EF#DE224
",,,,"HIVEF.hivTestDate",1,1,"",""
"HIVEF.infantHivStatus","HIVEF.infantHivStatus","","","",1,1,"","","","string {[]} {[]}
","Infant HIV status","HIV status reported after applying the HIV testing algorithm. No single HIV test can provide an HIV-positive diagnosis.","","","","","","","","","",,,,,"http://worldhealthorganization.github.io/smart/CodeSystem/HIV.EF#DE225
",,,,"HIVEF.infantHivStatus",1,1,"",""
"HIVEF.iHivPositive","HIVEF.iHivPositive","","","",1,1,"","","","string {[]} {[]}
","HIV-positive","Infant is HIV-positive","","","","","","","","","",,,,,"http://worldhealthorganization.github.io/smart/CodeSystem/HIV.EF#DE226
",,,,"HIVEF.iHivPositive",1,1,"",""
"HIVEF.iHivNegative","HIVEF.iHivNegative","","","",1,1,"","","","string {[]} {[]}
","HIV-negative","Infant is HIV-negative","","","","","","","","","",,,,,"http://worldhealthorganization.github.io/smart/CodeSystem/HIV.EF#DE227
",,,,"HIVEF.iHivNegative",1,1,"",""
"HIVEF.iUnknown","HIVEF.iUnknown","","","",1,1,"","","","string {[]} {[]}
","Unknown","Infant has unknown HIV status","","","","","","","","","",,,,,"http://worldhealthorganization.github.io/smart/CodeSystem/HIV.EF#DE228
",,,,"HIVEF.iUnknown",1,1,"",""
"HIVEF.infantArtStartDate","HIVEF.infantArtStartDate","","","",1,1,"","","","string {[]} {[]}
","Infant ART start date","The date on which the infant was started or restarted on antiretroviral therapy (ART)","","","","","","","","","",,,,,"http://worldhealthorganization.github.io/smart/CodeSystem/HIV.EF#DE229
",,,,"HIVEF.infantArtStartDate",1,1,"",""
"HIVEF.finalDiagnosisOfHivExposedInfant","HIVEF.finalDiagnosisOfHivExposedInfant","","","",1,1,"","","","string {[]} {[]}
","Final diagnosis of HIV-exposed infant","HIV-exposed infant final status at 18 months or 3 months after cessation of breastfeeding (whichever is later).","","","","","","","","","",,,,,"http://worldhealthorganization.github.io/smart/CodeSystem/HIV.EF#DE230
",,,,"HIVEF.finalDiagnosisOfHivExposedInfant",1,1,"",""
"HIVEF.fiHivPositive","HIVEF.fiHivPositive","","","",1,1,"","","","string {[]} {[]}
","HIV-positive","The infant is HIV-positive","","","","","","","","","",,,,,"http://worldhealthorganization.github.io/smart/CodeSystem/HIV.EF#DE231
",,,,"HIVEF.fiHivPositive",1,1,"",""
"HIVEF.hivNegativeAndNoLongerBreastfeeding","HIVEF.hivNegativeAndNoLongerBreastfeeding","","","",1,1,"","","","string {[]} {[]}
","HIV-negative and no longer breastfeeding","The infant is HIV-negative and the mother has quit breastfeeding","","","","","","","","","",,,,,"http://worldhealthorganization.github.io/smart/CodeSystem/HIV.EF#DE232
",,,,"HIVEF.hivNegativeAndNoLongerBreastfeeding",1,1,"",""
"HIVEF.hivStatusUnknown","HIVEF.hivStatusUnknown","","","",1,1,"","","","string {[]} {[]}
","HIV status unknown","The final HIV status of the child is unknown because the infant died, was lost to follow-up or transferred out without ever having an HIV-positive diagnosis or is active in care but was not tested at 18 months","","","","","","","","","",,,,,"http://worldhealthorganization.github.io/smart/CodeSystem/HIV.EF#DE233
",,,,"HIVEF.hivStatusUnknown",1,1,"",""
"HIVEF.hivExposedInfantReasonForUnknownFinalStatus","HIVEF.hivExposedInfantReasonForUnknownFinalStatus","","","",1,1,"","","","string {[]} {[]}
","HIV-exposed infant reason for unknown final status","The outcome for the infant does not have a final outcome, which may because of death, stopped treatment or lost to follow-up.","","","","","","","","","",,,,,"http://worldhealthorganization.github.io/smart/CodeSystem/HIV.EF#DE234
",,,,"HIVEF.hivExposedInfantReasonForUnknownFinalStatus",1,1,"",""
"HIVEF.lostToFollowUp","HIVEF.lostToFollowUp","","","",1,1,"","","","string {[]} {[]}
","Lost to follow-up","Twenty-eight days or more since last missed appointment","","","","","","","","","",,,,,"http://worldhealthorganization.github.io/smart/CodeSystem/HIV.EF#DE235
",,,,"HIVEF.lostToFollowUp",1,1,"",""
"HIVEF.transferredOut","HIVEF.transferredOut","","","",1,1,"","","","string {[]} {[]}
","Transferred out","The client transferred to another facility","","","","","","","","","",,,,,"http://worldhealthorganization.github.io/smart/CodeSystem/HIV.EF#DE236
",,,,"HIVEF.transferredOut",1,1,"",""
"HIVEF.deathDocumented","HIVEF.deathDocumented","","","",1,1,"","","","string {[]} {[]}
","Death (documented)","People living with HIV previously on ART who are confirmed to have died from any cause","","","","","","","","","",,,,,"http://worldhealthorganization.github.io/smart/CodeSystem/HIV.EF#DE237
",,,,"HIVEF.deathDocumented",1,1,"",""
"HIVEF.refusedStoppedTreatment","HIVEF.refusedStoppedTreatment","","","",1,1,"","","","string {[]} {[]}
","Refused (stopped) treatment","Client was contacted and confirmed to have stopped ART","","","","","","","","","",,,,,"http://worldhealthorganization.github.io/smart/CodeSystem/HIV.EF#DE238
",,,,"HIVEF.refusedStoppedTreatment",1,1,"",""
"HIVEF.dateOfDeathOfInfant","HIVEF.dateOfDeathOfInfant","","","",1,1,"","","","string {[]} {[]}
","Date of death of infant","Date that the infant died","","","","","","","","","",,,,,"http://worldhealthorganization.github.io/smart/CodeSystem/HIV.EF#DE239
",,,,"HIVEF.dateOfDeathOfInfant",1,1,"",""
"HIVEF.causeOfDeathOfInfant","HIVEF.causeOfDeathOfInfant","","","",1,1,"","","","string {[]} {[]}
","Cause of death of infant","The infants cause of death","","","","","","","","","",,,,,"http://worldhealthorganization.github.io/smart/CodeSystem/HIV.EF#DE240
",,,,"HIVEF.causeOfDeathOfInfant",1,1,"",""
"HIVEF.infantDiedWithin24HoursOfChildbirth","HIVEF.infantDiedWithin24HoursOfChildbirth","","","",1,1,"","","","string {[]} {[]}
","Infant died within 24 hours of childbirth","The infant died within 24 hours of childbirth","","","","","","","","","",,,,,"http://worldhealthorganization.github.io/smart/CodeSystem/HIV.EF#DE241
",,,,"HIVEF.infantDiedWithin24HoursOfChildbirth",1,1,"",""
"HIVEF.actionsNeededDuringInfantFollowUpVisit","HIVEF.actionsNeededDuringInfantFollowUpVisit","","","",1,1,"","","","string {[]} {[]}
","Action(s) needed during infant follow-up visit","Any actions needed during infant follow-up visit","","","","","","","","","",,,,,"http://worldhealthorganization.github.io/smart/CodeSystem/HIV.EF#DE242
",,,,"HIVEF.actionsNeededDuringInfantFollowUpVisit",1,1,"",""
"HIVEF.timingOfAdditionalInfantHivTest","HIVEF.timingOfAdditionalInfantHivTest","","","",1,1,"","","","string {[]} {[]}
","Timing of additional infant HIV test","Age in months when additional infant HIV test is performed","","","","","","","","","",,,,,"http://worldhealthorganization.github.io/smart/CodeSystem/HIV.EF#DE243
",,,,"HIVEF.timingOfAdditionalInfantHivTest",1,1,"",""
"HIVEF.dateOfSampleCollectionOfAdditionalInfantHivTest","HIVEF.dateOfSampleCollectionOfAdditionalInfantHivTest","","","",1,1,"","","","string {[]} {[]}
","Date of sample collection of additional infant HIV test","Date of sample collection of additional infant HIV test","","","","","","","","","",,,,,"http://worldhealthorganization.github.io/smart/CodeSystem/HIV.EF#DE244
",,,,"HIVEF.dateOfSampleCollectionOfAdditionalInfantHivTest",1,1,"",""
"HIVEF.haemoglobinHbResult","HIVEF.haemoglobinHbResult","","","",1,1,"","","","string {[]} {[]}
","Haemoglobin (Hb) result","Result of womans haemoglobin test during ANC, labour or delivery. Full blood count testing is recommended, and if not available, use of  haemoglobinometer over haemoglobin colour scale.","","","","","","","","","",,,,,"http://worldhealthorganization.github.io/smart/CodeSystem/HIV.EF#DE245
",,,,"HIVEF.haemoglobinHbResult",1,1,"",""
"HIVEF.bloodGroupAndRhFactor","HIVEF.bloodGroupAndRhFactor","","","",1,1,"","","","string {[]} {[]}
","Blood group and Rh factor","Mothers blood type and blood Rh factor","","","","","","","","","",,,,,"http://worldhealthorganization.github.io/smart/CodeSystem/HIV.EF#DE246
",,,,"HIVEF.bloodGroupAndRhFactor",1,1,"",""
"HIVEF.aplus","HIVEF.aplus","","","",1,1,"","","","string {[]} {[]}
","A+","Mothers blood type and blood Rh factor is A+","","","","","","","","","",,,,,"http://worldhealthorganization.github.io/smart/CodeSystem/HIV.EF#DE247
",,,,"HIVEF.aplus",1,1,"",""
"HIVEF.aminus","HIVEF.aminus","","","",1,1,"","","","string {[]} {[]}
","A-","Mothers blood type and blood Rh factor is A-","","","","","","","","","",,,,,"http://worldhealthorganization.github.io/smart/CodeSystem/HIV.EF#DE248
",,,,"HIVEF.aminus",1,1,"",""
"HIVEF.bplus","HIVEF.bplus","","","",1,1,"","","","string {[]} {[]}
","B+","Mothers blood type and blood Rh factor is B+","","","","","","","","","",,,,,"http://worldhealthorganization.github.io/smart/CodeSystem/HIV.EF#DE249
",,,,"HIVEF.bplus",1,1,"",""
"HIVEF.bminus","HIVEF.bminus","","","",1,1,"","","","string {[]} {[]}
","B-","Mothers blood type and blood Rh factor is B-","","","","","","","","","",,,,,"http://worldhealthorganization.github.io/smart/CodeSystem/HIV.EF#DE250
",,,,"HIVEF.bminus",1,1,"",""
"HIVEF.oplus","HIVEF.oplus","","","",1,1,"","","","string {[]} {[]}
","O+","Mothers blood type and blood Rh factor is O+","","","","","","","","","",,,,,"http://worldhealthorganization.github.io/smart/CodeSystem/HIV.EF#DE251
",,,,"HIVEF.oplus",1,1,"",""
"HIVEF.ominus","HIVEF.ominus","","","",1,1,"","","","string {[]} {[]}
","O-","Mothers blood type and blood Rh factor is O-","","","","","","","","","",,,,,"http://worldhealthorganization.github.io/smart/CodeSystem/HIV.EF#DE252
",,,,"HIVEF.ominus",1,1,"",""
"HIVEF.abplus","HIVEF.abplus","","","",1,1,"","","","string {[]} {[]}
","AB+","Mothers blood type and blood Rh factor is AB+","","","","","","","","","",,,,,"http://worldhealthorganization.github.io/smart/CodeSystem/HIV.EF#DE253
",,,,"HIVEF.abplus",1,1,"",""
"HIVEF.abminus","HIVEF.abminus","","","",1,1,"","","","string {[]} {[]}
","AB-","Mothers blood type and blood Rh factor is AB-","","","","","","","","","",,,,,"http://worldhealthorganization.github.io/smart/CodeSystem/HIV.EF#DE254
",,,,"HIVEF.abminus",1,1,"",""
"HIVEF.asymptomaticBacteriuriaAsbTestResult","HIVEF.asymptomaticBacteriuriaAsbTestResult","","","",1,1,"","","","string {[]} {[]}
","Asymptomatic bacteriuria (ASB) test result","Result of urine culture (or urine Gram-staining if not available over dipstick tests) for diagnosing asymptomatic bacteriuria","","","","","","","","","",,,,,"http://worldhealthorganization.github.io/smart/CodeSystem/HIV.EF#DE255
",,,,"HIVEF.asymptomaticBacteriuriaAsbTestResult",1,1,"",""
"HIVEF.abPositive","HIVEF.abPositive","","","",1,1,"","","","string {[]} {[]}
","Positive","Result of test for asymptomatic bacteriuria is positive","","","","","","","","","",,,,,"http://worldhealthorganization.github.io/smart/CodeSystem/HIV.EF#DE256
",,,,"HIVEF.abPositive",1,1,"",""
"HIVEF.abNegative","HIVEF.abNegative","","","",1,1,"","","","string {[]} {[]}
","Negative","Result of test for asymptomatic bacteriuria is negative","","","","","","","","","",,,,,"http://worldhealthorganization.github.io/smart/CodeSystem/HIV.EF#DE257
",,,,"HIVEF.abNegative",1,1,"",""
"HIVEF.abUnknown","HIVEF.abUnknown","","","",1,1,"","","","string {[]} {[]}
","Unknown","Result of test for asymptomatic bacteriuria is unknown","","","","","","","","","",,,,,"http://worldhealthorganization.github.io/smart/CodeSystem/HIV.EF#DE258
",,,,"HIVEF.abUnknown",1,1,"",""
"HIVEF.urineProteinTestResult","HIVEF.urineProteinTestResult","","","",1,1,"","","","string {[]} {[]}
","Urine protein test result","Results of urine protein test of mother during ANC visit","","","","","","","","","",,,,,"http://worldhealthorganization.github.io/smart/CodeSystem/HIV.EF#DE259
",,,,"HIVEF.urineProteinTestResult",1,1,"",""
"HIVEF.urineProteinTestResult0","HIVEF.urineProteinTestResult0","","","",1,1,"","","","string {[]} {[]}
","0","Result of urine protein test of mother during ANC visit is '0'","","","","","","","","","",,,,,"http://worldhealthorganization.github.io/smart/CodeSystem/HIV.EF#DE260
",,,,"HIVEF.urineProteinTestResult0",1,1,"",""
"HIVEF.urineProteinTestResultPlus","HIVEF.urineProteinTestResultPlus","","","",1,1,"","","","string {[]} {[]}
","+","Result of urine protein test of mother during ANC visit is '+'","","","","","","","","","",,,,,"http://worldhealthorganization.github.io/smart/CodeSystem/HIV.EF#DE261
",,,,"HIVEF.urineProteinTestResultPlus",1,1,"",""
"HIVEF.urineProteinTestResultPlusPlus","HIVEF.urineProteinTestResultPlusPlus","","","",1,1,"","","","string {[]} {[]}
","++","Result of urine protein test of mother during ANC visit is '++'","","","","","","","","","",,,,,"http://worldhealthorganization.github.io/smart/CodeSystem/HIV.EF#DE262
",,,,"HIVEF.urineProteinTestResultPlusPlus",1,1,"",""
"HIVEF.urineProteinTestResultPlusPlusPlus","HIVEF.urineProteinTestResultPlusPlusPlus","","","",1,1,"","","","string {[]} {[]}
","+++","Result of urine protein test of mother during ANC visit is '+++'","","","","","","","","","",,,,,"http://worldhealthorganization.github.io/smart/CodeSystem/HIV.EF#DE263
",,,,"HIVEF.urineProteinTestResultPlusPlusPlus",1,1,"",""
"HIVEF.typeOfHypertensiveDisorder","HIVEF.typeOfHypertensiveDisorder","","","",1,1,"","","","string {[]} {[]}
","Type of hypertensive disorder","Type of hypertensive disorder of the mother","","","","","","","","","",,,,,"http://worldhealthorganization.github.io/smart/CodeSystem/HIV.EF#DE264
",,,,"HIVEF.typeOfHypertensiveDisorder",1,1,"",""
"HIVEF.chronicHypertension","HIVEF.chronicHypertension","","","",1,1,"","","","string {[]} {[]}
","Chronic hypertension","Hypertension detected pre-pregnancy or before 20 weeks' gestation","","","","","","","","","",,,,,"http://worldhealthorganization.github.io/smart/CodeSystem/HIV.EF#DE265
",,,,"HIVEF.chronicHypertension",1,1,"",""
"HIVEF.essential","HIVEF.essential","","","",1,1,"","","","string {[]} {[]}
","Essential","Hypertension without a known secondary cause (pre-pregnancy or at less than 20 weeks)","","","","","","","","","",,,,,"http://worldhealthorganization.github.io/smart/CodeSystem/HIV.EF#DE266
",,,,"HIVEF.essential",1,1,"",""
"HIVEF.secondary","HIVEF.secondary","","","",1,1,"","","","string {[]} {[]}
","Secondary","Hypertension with a known secondary cause (e.g. renal disease; detected pre-pregnancy or at less than 20 weeks)","","","","","","","","","",,,,,"http://worldhealthorganization.github.io/smart/CodeSystem/HIV.EF#DE267
",,,,"HIVEF.secondary",1,1,"",""
"HIVEF.whiteCoatHypertension","HIVEF.whiteCoatHypertension","","","",1,1,"","","","string {[]} {[]}
","White-coat hypertension","sBP greater than or equal to 140 and/or dBP greater than or equal to 90 mmHg when measured in the office or clinic, and BP less than 135/85 mmHg using HBPM or ABPM readings (pre-pregnancy or at less than 20 weeks)","","","","","","","","","",,,,,"http://worldhealthorganization.github.io/smart/CodeSystem/HIV.EF#DE268
",,,,"HIVEF.whiteCoatHypertension",1,1,"",""
"HIVEF.maskedHypertension","HIVEF.maskedHypertension","","","",1,1,"","","","string {[]} {[]}
","Masked hypertension","BP that is less than 140/90 mmHg at a clinic/office visit, but greater then or equal to 135/85 mmHg at other times outside the clinic/ office (pre-pregnancy or at less than 20 weeks)","","","","","","","","","",,,,,"http://worldhealthorganization.github.io/smart/CodeSystem/HIV.EF#DE269
",,,,"HIVEF.maskedHypertension",1,1,"",""
"HIVEF.gestationalHypertension","HIVEF.gestationalHypertension","","","",1,1,"","","","string {[]} {[]}
","Gestational hypertension","Hypertension arising de novo at greater than or equal to 20 weeks' gestation in the absence of proteinuria or other findings suggestive of pre-eclampsia","","","","","","","","","",,,,,"http://worldhealthorganization.github.io/smart/CodeSystem/HIV.EF#DE270
",,,,"HIVEF.gestationalHypertension",1,1,"",""
"HIVEF.transientGestationalHypertension","HIVEF.transientGestationalHypertension","","","",1,1,"","","","string {[]} {[]}
","Transient gestational hypertension","Hypertension arising at greater than or equal to 20 weeks' gestation in the clinic, which resolves with repeated BP readings","","","","","","","","","",,,,,"http://worldhealthorganization.github.io/smart/CodeSystem/HIV.EF#DE271
",,,,"HIVEF.transientGestationalHypertension",1,1,"",""
"HIVEF.preEclampsia2","HIVEF.preEclampsia2","","","",1,1,"","","","string {[]} {[]}
","Pre-eclampsia","Pre-eclampsia","","","","","","","","","",,,,,"http://worldhealthorganization.github.io/smart/CodeSystem/HIV.EF#DE272
",,,,"HIVEF.preEclampsia2",1,1,"",""
"HIVEF.superimposedOnChronicHypertension","HIVEF.superimposedOnChronicHypertension","","","",1,1,"","","","string {[]} {[]}
","Superimposed on chronic hypertension","Among women with chronic hypertension, development of new proteinuria, another maternal organ dysfunction(s), or evidence of uteroplacental dysfunction.","","","","","","","","","",,,,,"http://worldhealthorganization.github.io/smart/CodeSystem/HIV.EF#DE273
",,,,"HIVEF.superimposedOnChronicHypertension",1,1,"",""
