{"resourceType":"PlanDefinition","id":"HIVDT03","url":"http://fhir.org/guides/who/anc-cds/PlanDefinition/HIVDT03","identifier":[{"use":"official","value":"HIV.DT.03"}],"version":"0.3.0","name":"HIVDT03","title":"HIV.DT.03 Determine retest recommendation","type":{"coding":[{"system":"http://terminology.hl7.org/CodeSystem/plan-definition-type","code":"eca-rule"}]},"status":"active","experimental":false,"date":"2024-03-04T15:49:21+03:00","publisher":"World Health Organization (WHO) ","contact":[{"telecom":[{"system":"url","value":"https://www.who.int"}]}],"description":"HIV test result = HIV negative","useContext":[{"code":{"system":"http://terminology.hl7.org/CodeSystem/usage-context-type","code":"task","display":"Workflow Task"},"valueCodeableConcept":{"coding":[{"system":"http://fhir.org/guides/who/anc-cds/CodeSystem/activity-codes","code":"HIV.B9.Determine","display":"recommended services"}]}}],"jurisdiction":[{"coding":[{"system":"http://unstats.un.org/unsd/methods/m49/m49.htm","code":"001"}]}],"library":["http://fhir.org/guides/who/anc-cds/Library/HIVDT03"],"action":[{"title":"HIV.DT.03 Determine retest recommendation","trigger":[{"type":"named-event","name":"HIV.B9.Determine recommended services"}],"action":[{"id":"1","title":"Recommend or schedule a follow-up test on the Visit date + 1 year","description":"Recommend or schedule a follow-up test on the Visit date + 1 year","textEquivalent":"WHO guidance recommends annual retesting for people who have ongoing HIV-related risks in all settings. These include people with a known HIV-positive partner who is not virally suppressed on ART.","documentation":[{"type":"citation","label":"Consolidated Guidelines on HIV Testing Services. 2019. \n4.3.5 Special messages on retesting \nRetesting among people who are HIV-negative\n7.2.5 Testing pregnant and breastfeeding women"}],"condition":[{"kind":"applicability","expression":{"description":"( \nHIV status = HIV negative)\n  AND ( \nPartner HIV status (reported) = HIV positive)\n  AND ( \nSex partner's HIV treatment status = Partner is not virally suppressed)","language":"text/cql-identifier","expression":"Should Recommend or schedule a follow-up test on the Visit date + 1 year"}}]}]}]}