{"resourceType":"ValueSet","id":"hiv-d-de357","text":{"status":"extensions","div":"<div xmlns=\"http://www.w3.org/1999/xhtml\"><ul><li>Include these codes as defined in <a href=\"CodeSystem-concept-codes.html\"><code>http://fhir.org/guides/itech-uw/who-smart-hiv-dak/CodeSystem/concept-codes</code></a><table class=\"none\"><tr><td style=\"white-space:nowrap\"><b>Code</b></td><td><b>Display</b></td><td><b>Definition</b></td></tr><tr><td><a href=\"CodeSystem-concept-codes.html#concept-codes-HIV.46D.46DE357\">HIV.D.DE357</a></td><td>Hepatitis C positive</td><td>Hepatitis C diagnosis - Hepatitis C positive</td></tr><tr><td><a href=\"CodeSystem-concept-codes.html#concept-codes-HIV.46D.46DE358\">HIV.D.DE358</a></td><td>Hepatitis C negative</td><td>Hepatitis C diagnosis - Hepatitis C negative</td></tr><tr><td><a href=\"CodeSystem-concept-codes.html#concept-codes-HIV.46G.46DE55\">HIV.G.DE55</a></td><td>Hepatitis C positive</td><td>Hepatitis C diagnosis - Hepatitis C positive</td></tr><tr><td><a href=\"CodeSystem-concept-codes.html#concept-codes-HIV.46G.46DE56\">HIV.G.DE56</a></td><td>Hepatitis C negative</td><td>Hepatitis C diagnosis - Hepatitis C negative</td></tr></table></li></ul></div>"},"url":"http://fhir.org/guides/itech-uw/ValueSet/hiv-d-de357","version":"0.3.0","name":"HepatitisCdiagnosisCodes","title":"Hepatitis C diagnosis Codes","status":"draft","experimental":false,"date":"2024-03-05T14:51:57+00:00","publisher":"World Health Organization (WHO) ","contact":[{"telecom":[{"system":"url","value":"https://www.who.int"}]}],"description":"Codes representing possible values for the Hepatitis C diagnosis element","jurisdiction":[{"coding":[{"system":"http://unstats.un.org/unsd/methods/m49/m49.htm","code":"001"}]}],"immutable":true,"compose":{"include":[{"system":"http://fhir.org/guides/itech-uw/who-smart-hiv-dak/CodeSystem/concept-codes","concept":[{"code":"HIV.D.DE357","display":"Hepatitis C positive"},{"code":"HIV.D.DE358","display":"Hepatitis C negative"},{"code":"HIV.G.DE55","display":"Hepatitis C positive"},{"code":"HIV.G.DE56","display":"Hepatitis C negative"}]}]}}