{"resourceType":"ValueSet","id":"hiv-d-de196","text":{"status":"extensions","div":"<div xmlns=\"http://www.w3.org/1999/xhtml\"><ul><li>Include these codes as defined in <a href=\"CodeSystem-concept-codes.html\"><code>http://fhir.org/guides/itech-uw/who-smart-hiv-dak/CodeSystem/concept-codes</code></a><table class=\"none\"><tr><td style=\"white-space:nowrap\"><b>Code</b></td><td><b>Display</b></td><td><b>Definition</b></td></tr><tr><td><a href=\"CodeSystem-concept-codes.html#concept-codes-HIV.46D.46DE196\">HIV.D.DE196</a></td><td>Determine WHO clinical stage</td><td>General care activities recommended - Determine WHO clinical stage</td></tr><tr><td><a href=\"CodeSystem-concept-codes.html#concept-codes-HIV.46D.46DE197\">HIV.D.DE197</a></td><td>Determine if advanced disease</td><td>General care activities recommended - Determine if advanced disease</td></tr><tr><td><a href=\"CodeSystem-concept-codes.html#concept-codes-HIV.46D.46DE198\">HIV.D.DE198</a></td><td>Prepare for ART</td><td>General care activities recommended - Prepare for ART</td></tr><tr><td><a href=\"CodeSystem-concept-codes.html#concept-codes-HIV.46D.46DE199\">HIV.D.DE199</a></td><td>Prepare, assess and support adherence</td><td>General care activities recommended - Prepare, assess and support adherence</td></tr><tr><td><a href=\"CodeSystem-concept-codes.html#concept-codes-HIV.46D.46DE200\">HIV.D.DE200</a></td><td>Manage current medications</td><td>General care activities recommended - Manage current medications</td></tr><tr><td><a href=\"CodeSystem-concept-codes.html#concept-codes-HIV.46D.46DE201\">HIV.D.DE201</a></td><td>Check pregnancy status</td><td>General care activities recommended - Check pregnancy status</td></tr><tr><td><a href=\"CodeSystem-concept-codes.html#concept-codes-HIV.46D.46DE202\">HIV.D.DE202</a></td><td>Provide family planning and contraception</td><td>General care activities recommended - Provide family planning and contraception</td></tr><tr><td><a href=\"CodeSystem-concept-codes.html#concept-codes-HIV.46D.46DE203\">HIV.D.DE203</a></td><td>Support disclosure and partner notification</td><td>General care activities recommended - Support disclosure and partner notification</td></tr><tr><td><a href=\"CodeSystem-concept-codes.html#concept-codes-HIV.46D.46DE204\">HIV.D.DE204</a></td><td>Counsel on risk reduction and prevention</td><td>General care activities recommended - Counsel on risk reduction and prevention</td></tr><tr><td><a href=\"CodeSystem-concept-codes.html#concept-codes-HIV.46D.46DE205\">HIV.D.DE205</a></td><td>Assess, prevent and manage noncommunicable diseases</td><td>General care activities recommended - Assess, prevent and manage noncommunicable diseases</td></tr><tr><td><a href=\"CodeSystem-concept-codes.html#concept-codes-HIV.46D.46DE206\">HIV.D.DE206</a></td><td>Screen for and manage mental health problems</td><td>General care activities recommended - Screen for and manage mental health problems</td></tr><tr><td><a href=\"CodeSystem-concept-codes.html#concept-codes-HIV.46D.46DE207\">HIV.D.DE207</a></td><td>Screen for and manage and substance use issues</td><td>General care activities recommended - Screen for and manage and substance use issues</td></tr><tr><td><a href=\"CodeSystem-concept-codes.html#concept-codes-HIV.46D.46DE208\">HIV.D.DE208</a></td><td>Provide psychosocial counselling and support</td><td>General care activities recommended - Provide psychosocial counselling and support</td></tr><tr><td><a href=\"CodeSystem-concept-codes.html#concept-codes-HIV.46D.46DE209\">HIV.D.DE209</a></td><td>Manage pain and symptoms</td><td>General care activities recommended - Manage pain and symptoms</td></tr><tr><td><a href=\"CodeSystem-concept-codes.html#concept-codes-HIV.46D.46DE210\">HIV.D.DE210</a></td><td>Conduct a nutritional assessment and counsel on nutrition</td><td>General care activities recommended - Conduct a nutritional assessment and counsel on nutrition</td></tr><tr><td><a href=\"CodeSystem-concept-codes.html#concept-codes-HIV.46D.46DE211\">HIV.D.DE211</a></td><td>Conduct a growth and development assessment</td><td>General care activities recommended - Conduct a growth and development assessment</td></tr><tr><td><a href=\"CodeSystem-concept-codes.html#concept-codes-HIV.46D.46DE212\">HIV.D.DE212</a></td><td>Provide support on infant and child feeding</td><td>General care activities recommended - Provide support on infant and child feeding</td></tr></table></li></ul></div>"},"url":"http://fhir.org/guides/itech-uw/ValueSet/hiv-d-de196","version":"0.3.0","name":"GeneralcareactivitiesrecommendedCodes","title":"General care activities recommended Codes","status":"draft","experimental":false,"date":"2024-03-05T14:51:57+00:00","publisher":"World Health Organization (WHO) ","contact":[{"telecom":[{"system":"url","value":"https://www.who.int"}]}],"description":"Codes representing possible values for the General care activities recommended element","jurisdiction":[{"coding":[{"system":"http://unstats.un.org/unsd/methods/m49/m49.htm","code":"001"}]}],"immutable":true,"compose":{"include":[{"system":"http://fhir.org/guides/itech-uw/who-smart-hiv-dak/CodeSystem/concept-codes","concept":[{"code":"HIV.D.DE196","display":"Determine WHO clinical stage"},{"code":"HIV.D.DE197","display":"Determine if advanced disease"},{"code":"HIV.D.DE198","display":"Prepare for ART"},{"code":"HIV.D.DE199","display":"Prepare, assess and support adherence"},{"code":"HIV.D.DE200","display":"Manage current medications"},{"code":"HIV.D.DE201","display":"Check pregnancy status"},{"code":"HIV.D.DE202","display":"Provide family planning and contraception"},{"code":"HIV.D.DE203","display":"Support disclosure and partner notification"},{"code":"HIV.D.DE204","display":"Counsel on risk reduction and prevention"},{"code":"HIV.D.DE205","display":"Assess, prevent and manage noncommunicable diseases"},{"code":"HIV.D.DE206","display":"Screen for and manage mental health problems"},{"code":"HIV.D.DE207","display":"Screen for and manage and substance use issues"},{"code":"HIV.D.DE208","display":"Provide psychosocial counselling and support"},{"code":"HIV.D.DE209","display":"Manage pain and symptoms"},{"code":"HIV.D.DE210","display":"Conduct a nutritional assessment and counsel on nutrition"},{"code":"HIV.D.DE211","display":"Conduct a growth and development assessment"},{"code":"HIV.D.DE212","display":"Provide support on infant and child feeding"}]}]}}