{"resourceType":"ValueSet","id":"hiv-e-de110","text":{"status":"extensions","div":"<div xmlns=\"http://www.w3.org/1999/xhtml\"><ul><li>Include these codes as defined in <a href=\"CodeSystem-concept-codes.html\"><code>http://fhir.org/guides/itech-uw/who-smart-hiv-dak/CodeSystem/concept-codes</code></a><table class=\"none\"><tr><td style=\"white-space:nowrap\"><b>Code</b></td><td><b>Display</b></td><td><b>Definition</b></td></tr><tr><td><a href=\"CodeSystem-concept-codes.html#concept-codes-HIV.46E.46DE110\">HIV.E.DE110</a></td><td>Positive</td><td>Early infant diagnosis HIV test result for nucleic acid infant diagnosis assays - Positive</td></tr><tr><td><a href=\"CodeSystem-concept-codes.html#concept-codes-HIV.46E.46DE111\">HIV.E.DE111</a></td><td>Negative</td><td>Early infant diagnosis HIV test result for nucleic acid infant diagnosis assays - Negative</td></tr><tr><td><a href=\"CodeSystem-concept-codes.html#concept-codes-HIV.46E.46DE112\">HIV.E.DE112</a></td><td>Indeterminate</td><td>Early infant diagnosis HIV test result for nucleic acid infant diagnosis assays - Indeterminate</td></tr></table></li></ul></div>"},"url":"http://fhir.org/guides/itech-uw/ValueSet/hiv-e-de110","version":"0.3.0","name":"EarlyinfantdiagnosisHIVtestresultfornucleicacidinfantdiagnosisassaysCodes","title":"Early infant diagnosis HIV test result for nucleic acid infant diagnosis assays Codes","status":"draft","experimental":false,"date":"2024-03-05T14:51:57+00:00","publisher":"World Health Organization (WHO) ","contact":[{"telecom":[{"system":"url","value":"https://www.who.int"}]}],"description":"Codes representing possible values for the Early infant diagnosis HIV test result for nucleic acid infant diagnosis assays element","jurisdiction":[{"coding":[{"system":"http://unstats.un.org/unsd/methods/m49/m49.htm","code":"001"}]}],"immutable":true,"compose":{"include":[{"system":"http://fhir.org/guides/itech-uw/who-smart-hiv-dak/CodeSystem/concept-codes","concept":[{"code":"HIV.E.DE110","display":"Positive"},{"code":"HIV.E.DE111","display":"Negative"},{"code":"HIV.E.DE112","display":"Indeterminate"}]}]}}