{"resourceType":"ValueSet","id":"hiv-c-de102","text":{"status":"extensions","div":"<div xmlns=\"http://www.w3.org/1999/xhtml\"><ul><li>Include these codes as defined in <a href=\"CodeSystem-concept-codes.html\"><code>http://fhir.org/guides/itech-uw/who-smart-hiv-dak/CodeSystem/concept-codes</code></a><table class=\"none\"><tr><td style=\"white-space:nowrap\"><b>Code</b></td><td><b>Display</b></td><td><b>Definition</b></td></tr><tr><td><a href=\"CodeSystem-concept-codes.html#concept-codes-HIV.46C.46DE102\">HIV.C.DE102</a></td><td>Treatment-limiting toxicity</td><td>Reason for PrEP regimen substitution - Treatment-limiting toxicity</td></tr><tr><td><a href=\"CodeSystem-concept-codes.html#concept-codes-HIV.46C.46DE103\">HIV.C.DE103</a></td><td>Pregnancy</td><td>Reason for PrEP regimen substitution - Pregnancy</td></tr><tr><td><a href=\"CodeSystem-concept-codes.html#concept-codes-HIV.46C.46DE104\">HIV.C.DE104</a></td><td>New drug available</td><td>Reason for PrEP regimen substitution - New drug available</td></tr><tr><td><a href=\"CodeSystem-concept-codes.html#concept-codes-HIV.46C.46DE105\">HIV.C.DE105</a></td><td>Drug out of stock</td><td>Reason for PrEP regimen substitution - Drug out of stock</td></tr><tr><td><a href=\"CodeSystem-concept-codes.html#concept-codes-HIV.46C.46DE106\">HIV.C.DE106</a></td><td>Other reason for regimen substitution (specify)</td><td>Reason for PrEP regimen substitution - Other reason for regimen substitution (specify)</td></tr></table></li></ul></div>"},"url":"http://fhir.org/guides/itech-uw/ValueSet/hiv-c-de102","version":"0.3.0","name":"ReasonforPrEPregimensubstitutionCodes","title":"Reason for PrEP regimen substitution Codes","status":"draft","experimental":false,"date":"2024-03-05T14:51:57+00:00","publisher":"World Health Organization (WHO) ","contact":[{"telecom":[{"system":"url","value":"https://www.who.int"}]}],"description":"Codes representing possible values for the Reason for PrEP regimen substitution element","jurisdiction":[{"coding":[{"system":"http://unstats.un.org/unsd/methods/m49/m49.htm","code":"001"}]}],"immutable":true,"compose":{"include":[{"system":"http://fhir.org/guides/itech-uw/who-smart-hiv-dak/CodeSystem/concept-codes","concept":[{"code":"HIV.C.DE102","display":"Treatment-limiting toxicity"},{"code":"HIV.C.DE103","display":"Pregnancy"},{"code":"HIV.C.DE104","display":"New drug available"},{"code":"HIV.C.DE105","display":"Drug out of stock"},{"code":"HIV.C.DE106","display":"Other reason for regimen substitution (specify)"}]}]}}