{"resourceType":"ValueSet","id":"hiv-b-de59","text":{"status":"extensions","div":"<div xmlns=\"http://www.w3.org/1999/xhtml\"><ul><li>Include these codes as defined in <a href=\"CodeSystem-concept-codes.html\"><code>http://fhir.org/guides/itech-uw/who-smart-hiv-dak/CodeSystem/concept-codes</code></a><table class=\"none\"><tr><td style=\"white-space:nowrap\"><b>Code</b></td><td><b>Display</b></td><td><b>Definition</b></td></tr><tr><td><a href=\"CodeSystem-concept-codes.html#concept-codes-HIV.46B.46DE59\">HIV.B.DE59</a></td><td>Sex with male</td><td>HIV exposure types* - Sex with male</td></tr><tr><td><a href=\"CodeSystem-concept-codes.html#concept-codes-HIV.46B.46DE60\">HIV.B.DE60</a></td><td>Sex with female</td><td>HIV exposure types* - Sex with female</td></tr><tr><td><a href=\"CodeSystem-concept-codes.html#concept-codes-HIV.46B.46DE61\">HIV.B.DE61</a></td><td>Injected drugs</td><td>HIV exposure types* - Injected drugs</td></tr><tr><td><a href=\"CodeSystem-concept-codes.html#concept-codes-HIV.46B.46DE62\">HIV.B.DE62</a></td><td>Mother-to-child transmission</td><td>HIV exposure types* - Mother-to-child transmission</td></tr><tr><td><a href=\"CodeSystem-concept-codes.html#concept-codes-HIV.46B.46DE63\">HIV.B.DE63</a></td><td>Received blood or blood product transfusion or transplant</td><td>HIV exposure types* - Received blood or blood product transfusion or transplant</td></tr></table></li></ul></div>"},"url":"http://fhir.org/guides/itech-uw/ValueSet/hiv-b-de59","version":"0.3.0","name":"HIVexposuretypes*Codes","title":"HIV exposure types* Codes","status":"draft","experimental":false,"date":"2024-03-05T14:51:57+00:00","publisher":"World Health Organization (WHO) ","contact":[{"telecom":[{"system":"url","value":"https://www.who.int"}]}],"description":"Codes representing possible values for the HIV exposure types* element","jurisdiction":[{"coding":[{"system":"http://unstats.un.org/unsd/methods/m49/m49.htm","code":"001"}]}],"immutable":true,"compose":{"include":[{"system":"http://fhir.org/guides/itech-uw/who-smart-hiv-dak/CodeSystem/concept-codes","concept":[{"code":"HIV.B.DE59","display":"Sex with male"},{"code":"HIV.B.DE60","display":"Sex with female"},{"code":"HIV.B.DE61","display":"Injected drugs"},{"code":"HIV.B.DE62","display":"Mother-to-child transmission"},{"code":"HIV.B.DE63","display":"Received blood or blood product transfusion or transplant"}]}]}}