{"resourceType":"ValueSet","id":"hiv-g-de63","text":{"status":"extensions","div":"<div xmlns=\"http://www.w3.org/1999/xhtml\"><ul><li>Include these codes as defined in <a href=\"CodeSystem-concept-codes.html\"><code>http://fhir.org/guides/itech-uw/who-smart-hiv-dak/CodeSystem/concept-codes</code></a><table class=\"none\"><tr><td style=\"white-space:nowrap\"><b>Code</b></td><td><b>Display</b></td><td><b>Definition</b></td></tr><tr><td><a href=\"CodeSystem-concept-codes.html#concept-codes-HIV.46G.46DE63\">HIV.G.DE63</a></td><td>Test delayed to next contact or referred</td><td>Reason syphilis test not done - Test delayed to next contact or referred</td></tr><tr><td><a href=\"CodeSystem-concept-codes.html#concept-codes-HIV.46G.46DE64\">HIV.G.DE64</a></td><td>Stock-out or expired</td><td>Reason syphilis test not done - Stock-out or expired</td></tr><tr><td><a href=\"CodeSystem-concept-codes.html#concept-codes-HIV.46G.46DE65\">HIV.G.DE65</a></td><td>Machine or technician not available or machine not functioning</td><td>Reason syphilis test not done - Machine or technician not available or machine not functioning</td></tr><tr><td><a href=\"CodeSystem-concept-codes.html#concept-codes-HIV.46G.46DE66\">HIV.G.DE66</a></td><td>Client declined / refused test</td><td>Reason syphilis test not done - Client declined / refused test</td></tr><tr><td><a href=\"CodeSystem-concept-codes.html#concept-codes-HIV.46G.46DE67\">HIV.G.DE67</a></td><td>Other (specify)</td><td>Reason syphilis test not done - Other (specify)</td></tr></table></li></ul></div>"},"url":"http://fhir.org/guides/itech-uw/ValueSet/hiv-g-de63","version":"0.3.0","name":"ReasonsyphilistestnotdoneCodes","title":"Reason syphilis test not done Codes","status":"draft","experimental":false,"date":"2024-03-05T14:51:57+00:00","publisher":"World Health Organization (WHO) ","contact":[{"telecom":[{"system":"url","value":"https://www.who.int"}]}],"description":"Codes representing possible values for the Reason syphilis test not done element","jurisdiction":[{"coding":[{"system":"http://unstats.un.org/unsd/methods/m49/m49.htm","code":"001"}]}],"immutable":true,"compose":{"include":[{"system":"http://fhir.org/guides/itech-uw/who-smart-hiv-dak/CodeSystem/concept-codes","concept":[{"code":"HIV.G.DE63","display":"Test delayed to next contact or referred"},{"code":"HIV.G.DE64","display":"Stock-out or expired"},{"code":"HIV.G.DE65","display":"Machine or technician not available or machine not functioning"},{"code":"HIV.G.DE66","display":"Client declined / refused test"},{"code":"HIV.G.DE67","display":"Other (specify)"}]}]}}