{"resourceType":"ValueSet","id":"hiv-d-de799","text":{"status":"extensions","div":"<div xmlns=\"http://www.w3.org/1999/xhtml\"><ul><li>Include these codes as defined in <a href=\"CodeSystem-concept-codes.html\"><code>http://fhir.org/guides/itech-uw/who-smart-hiv-dak/CodeSystem/concept-codes</code></a><table class=\"none\"><tr><td style=\"white-space:nowrap\"><b>Code</b></td><td><b>Display</b></td><td><b>Definition</b></td></tr><tr><td><a href=\"CodeSystem-concept-codes.html#concept-codes-HIV.46D.46DE799\">HIV.D.DE799</a></td><td>Presumptive TB</td><td>TB status at ART start - Presumptive TB</td></tr><tr><td><a href=\"CodeSystem-concept-codes.html#concept-codes-HIV.46D.46DE801\">HIV.D.DE801</a></td><td>Diagnosed TB</td><td>TB status at ART start - Diagnosed TB</td></tr><tr><td><a href=\"CodeSystem-concept-codes.html#concept-codes-HIV.46D.46DE803\">HIV.D.DE803</a></td><td>None</td><td>TB status at ART start - None</td></tr></table></li></ul></div>"},"url":"http://fhir.org/guides/itech-uw/ValueSet/hiv-d-de799","version":"0.3.0","name":"TBstatusatARTstartCodes","title":"TB status at ART start Codes","status":"draft","experimental":false,"date":"2024-03-05T14:51:57+00:00","publisher":"World Health Organization (WHO) ","contact":[{"telecom":[{"system":"url","value":"https://www.who.int"}]}],"description":"Codes representing possible values for the TB status at ART start element","jurisdiction":[{"coding":[{"system":"http://unstats.un.org/unsd/methods/m49/m49.htm","code":"001"}]}],"immutable":true,"compose":{"include":[{"system":"http://fhir.org/guides/itech-uw/who-smart-hiv-dak/CodeSystem/concept-codes","concept":[{"code":"HIV.D.DE799","display":"Presumptive TB"},{"code":"HIV.D.DE801","display":"Diagnosed TB"},{"code":"HIV.D.DE803","display":"None"}]}]}}