{"resourceType":"ValueSet","id":"hiv-d-de16","text":{"status":"extensions","div":"<div xmlns=\"http://www.w3.org/1999/xhtml\"><ul><li>Include these codes as defined in <a href=\"CodeSystem-concept-codes.html\"><code>http://fhir.org/guides/itech-uw/who-smart-hiv-dak/CodeSystem/concept-codes</code></a><table class=\"none\"><tr><td style=\"white-space:nowrap\"><b>Code</b></td><td><b>Display</b></td><td><b>Definition</b></td></tr><tr><td><a href=\"CodeSystem-concept-codes.html#concept-codes-HIV.46D.46DE16\">HIV.D.DE16</a></td><td>Fever of 39 °C or greater</td><td>Signs of serious illness - Fever of 39 °C or greater</td></tr><tr><td><a href=\"CodeSystem-concept-codes.html#concept-codes-HIV.46D.46DE17\">HIV.D.DE17</a></td><td>Tachycardia</td><td>Signs of serious illness - Tachycardia</td></tr><tr><td><a href=\"CodeSystem-concept-codes.html#concept-codes-HIV.46D.46DE18\">HIV.D.DE18</a></td><td>Tachypnea</td><td>Signs of serious illness - Tachypnea</td></tr><tr><td><a href=\"CodeSystem-concept-codes.html#concept-codes-HIV.46D.46DE19\">HIV.D.DE19</a></td><td>Unable to walk unaided</td><td>Signs of serious illness - Unable to walk unaided</td></tr><tr><td><a href=\"CodeSystem-concept-codes.html#concept-codes-HIV.46D.46DE20\">HIV.D.DE20</a></td><td>Lethargy</td><td>Signs of serious illness - Lethargy</td></tr><tr><td><a href=\"CodeSystem-concept-codes.html#concept-codes-HIV.46D.46DE21\">HIV.D.DE21</a></td><td>Unconsciousness</td><td>Signs of serious illness - Unconsciousness</td></tr><tr><td><a href=\"CodeSystem-concept-codes.html#concept-codes-HIV.46D.46DE22\">HIV.D.DE22</a></td><td>Convulsions</td><td>Signs of serious illness - Convulsions</td></tr><tr><td><a href=\"CodeSystem-concept-codes.html#concept-codes-HIV.46D.46DE23\">HIV.D.DE23</a></td><td>Unable to drink</td><td>Signs of serious illness - Unable to drink</td></tr><tr><td><a href=\"CodeSystem-concept-codes.html#concept-codes-HIV.46D.46DE24\">HIV.D.DE24</a></td><td>Unable to breastfeed</td><td>Signs of serious illness - Unable to breastfeed</td></tr><tr><td><a href=\"CodeSystem-concept-codes.html#concept-codes-HIV.46D.46DE25\">HIV.D.DE25</a></td><td>Repeated vomiting</td><td>Signs of serious illness - Repeated vomiting</td></tr><tr><td><a href=\"CodeSystem-concept-codes.html#concept-codes-HIV.46D.46DE26\">HIV.D.DE26</a></td><td>Headache</td><td>Signs of serious illness - Headache</td></tr><tr><td><a href=\"CodeSystem-concept-codes.html#concept-codes-HIV.46D.46DE27\">HIV.D.DE27</a></td><td>Other sign of serious illness (specify)</td><td>Signs of serious illness - Other sign of serious illness (specify)</td></tr></table></li></ul></div>"},"url":"http://fhir.org/guides/itech-uw/ValueSet/hiv-d-de16","version":"0.3.0","name":"SignsofseriousillnessCodes","title":"Signs of serious illness Codes","status":"draft","experimental":false,"date":"2024-03-05T14:51:57+00:00","publisher":"World Health Organization (WHO) ","contact":[{"telecom":[{"system":"url","value":"https://www.who.int"}]}],"description":"Codes representing possible values for the Signs of serious illness element","jurisdiction":[{"coding":[{"system":"http://unstats.un.org/unsd/methods/m49/m49.htm","code":"001"}]}],"immutable":true,"compose":{"include":[{"system":"http://fhir.org/guides/itech-uw/who-smart-hiv-dak/CodeSystem/concept-codes","concept":[{"code":"HIV.D.DE16","display":"Fever of 39 °C or greater"},{"code":"HIV.D.DE17","display":"Tachycardia"},{"code":"HIV.D.DE18","display":"Tachypnea"},{"code":"HIV.D.DE19","display":"Unable to walk unaided"},{"code":"HIV.D.DE20","display":"Lethargy"},{"code":"HIV.D.DE21","display":"Unconsciousness"},{"code":"HIV.D.DE22","display":"Convulsions"},{"code":"HIV.D.DE23","display":"Unable to drink"},{"code":"HIV.D.DE24","display":"Unable to breastfeed"},{"code":"HIV.D.DE25","display":"Repeated vomiting"},{"code":"HIV.D.DE26","display":"Headache"},{"code":"HIV.D.DE27","display":"Other sign of serious illness (specify)"}]}]}}