{"resourceType":"ValueSet","id":"hiv-d-de86","text":{"status":"extensions","div":"<div xmlns=\"http://www.w3.org/1999/xhtml\"><ul><li>Include these codes as defined in <a href=\"CodeSystem-concept-codes.html\"><code>http://fhir.org/guides/itech-uw/who-smart-hiv-dak/CodeSystem/concept-codes</code></a><table class=\"none\"><tr><td style=\"white-space:nowrap\"><b>Code</b></td><td><b>Display</b></td><td><b>Definition</b></td></tr><tr><td><a href=\"CodeSystem-concept-codes.html#concept-codes-HIV.46D.46DE86\">HIV.D.DE86</a></td><td>ATV/r</td><td>Protease inhibitors (PIs) - ATV/r</td></tr><tr><td><a href=\"CodeSystem-concept-codes.html#concept-codes-HIV.46D.46DE87\">HIV.D.DE87</a></td><td>LPV/r</td><td>Protease inhibitors (PIs) - LPV/r</td></tr><tr><td><a href=\"CodeSystem-concept-codes.html#concept-codes-HIV.46D.46DE88\">HIV.D.DE88</a></td><td>DRV/r</td><td>Protease inhibitors (PIs) - DRV/r</td></tr><tr><td><a href=\"CodeSystem-concept-codes.html#concept-codes-HIV.46D.46DE89\">HIV.D.DE89</a></td><td>RTV</td><td>Protease inhibitors (PIs) - RTV</td></tr></table></li></ul></div>"},"url":"http://fhir.org/guides/itech-uw/ValueSet/hiv-d-de86","version":"0.3.0","name":"ProteaseinhibitorsPIsCodes","title":"Protease inhibitors (PIs) Codes","status":"draft","experimental":false,"date":"2024-03-05T14:51:57+00:00","publisher":"World Health Organization (WHO) ","contact":[{"telecom":[{"system":"url","value":"https://www.who.int"}]}],"description":"Codes representing possible values for the Protease inhibitors (PIs) element","jurisdiction":[{"coding":[{"system":"http://unstats.un.org/unsd/methods/m49/m49.htm","code":"001"}]}],"immutable":true,"compose":{"include":[{"system":"http://fhir.org/guides/itech-uw/who-smart-hiv-dak/CodeSystem/concept-codes","concept":[{"code":"HIV.D.DE86","display":"ATV/r"},{"code":"HIV.D.DE87","display":"LPV/r"},{"code":"HIV.D.DE88","display":"DRV/r"},{"code":"HIV.D.DE89","display":"RTV"}]}]}}