<?xml version="1.0" encoding="UTF-8"?>

<ConceptMap xmlns="http://hl7.org/fhir">
  <id value="ICF"/>
  <text>
    <status value="extensions"/><div xmlns="http://www.w3.org/1999/xhtml"><p>Mapping from (not specified) to (not specified)</p><p>DRAFT. Published on 2024-05-29 19:37:49+0000 by World Health Organization (WHO)   (<a href="https://www.who.int">https://www.who.int</a>). </p><div><p>Concept mapping from content extended codes to ICF</p>
</div><br/><p><b>Group 1 </b>Mapping from <a href="CodeSystem-concept-codes.html">itech-uw Concept Codes</a> to <a href="http://terminology.hl7.org/5.3.0/CodeSystem-ICFDut.html">International Classification of Functioning, Disability and Health, Dutch Translation</a></p><table class="grid"><tr><td><b>Source Code</b></td><td><b>Relationship</b></td><td><b>Target Code</b></td></tr><tr><td>HIV.A.DE47 (Text message/SMS)</td><td><a href="http://hl7.org/fhir/extensions/5.1.0-snapshot1/CodeSystem-concept-map-equivalence.html#equivalent" title="equivalent">is equivalent to</a></td><td>d3600.9 Using telecommunication devices (Using telecommunication devices)</td></tr><tr><td>HIV.A.DE48 (Voice call)</td><td><a href="http://hl7.org/fhir/extensions/5.1.0-snapshot1/CodeSystem-concept-map-equivalence.html#equivalent" title="equivalent">is equivalent to</a></td><td>d3600.9 Using telecommunication devices (Using telecommunication devices)</td></tr><tr><td>HIV.A.DE49 (Client's email)</td><td><a href="http://hl7.org/fhir/extensions/5.1.0-snapshot1/CodeSystem-concept-map-equivalence.html#equivalent" title="equivalent">is equivalent to</a></td><td>d325.9 (Communicating with - receiving - written messages)</td></tr><tr><td>HIV.B.DE6 (Partner or contact of an index case)</td><td><a href="http://hl7.org/fhir/extensions/5.1.0-snapshot1/CodeSystem-concept-map-equivalence.html#equivalent" title="equivalent">is equivalent to</a></td><td>d7709.9 (Parent Foundation URI : http://id.who.int/icd/entity/680339969)</td></tr><tr><td>HIV.B.DE7 (Partner or contact of an HIV testing client (non-index case))</td><td><a href="http://hl7.org/fhir/extensions/5.1.0-snapshot1/CodeSystem-concept-map-equivalence.html#equivalent" title="equivalent">is equivalent to</a></td><td>d7709.9 (Parent Foundation URI : http://id.who.int/icd/entity/680339969)</td></tr><tr><td>HIV.C.DE47 (Fever)</td><td><a href="http://hl7.org/fhir/extensions/5.1.0-snapshot1/CodeSystem-concept-map-equivalence.html#equivalent" title="equivalent">is equivalent to</a></td><td>b5500.9 (Body temperature)</td></tr><tr><td>HIV.C.DE48 (Sore throat)</td><td><a href="http://hl7.org/fhir/extensions/5.1.0-snapshot1/CodeSystem-concept-map-equivalence.html#equivalent" title="equivalent">is equivalent to</a></td><td>b28010.9 (Pain in head and neck)</td></tr><tr><td>HIV.C.DE49 (Aches)</td><td><a href="http://hl7.org/fhir/extensions/5.1.0-snapshot1/CodeSystem-concept-map-equivalence.html#equivalent" title="equivalent">is equivalent to</a></td><td>b2800.9 (Generalized pain)</td></tr><tr><td>HIV.C.DE50 (Pains)</td><td><a href="http://hl7.org/fhir/extensions/5.1.0-snapshot1/CodeSystem-concept-map-equivalence.html#equivalent" title="equivalent">is equivalent to</a></td><td>b2800.9 (Generalized pain)</td></tr><tr><td>HIV.C.DE51 (Swollen glands)</td><td><a href="http://hl7.org/fhir/extensions/5.1.0-snapshot1/CodeSystem-concept-map-equivalence.html#equivalent" title="equivalent">is equivalent to</a></td><td>b4353.9 (Functions of lymph nodes)</td></tr><tr><td>HIV.C.DE53 (Headaches)</td><td><a href="http://hl7.org/fhir/extensions/5.1.0-snapshot1/CodeSystem-concept-map-equivalence.html#equivalent" title="equivalent">is equivalent to</a></td><td>b28010.9 (Pain in head and neck)</td></tr><tr><td>HIV.C.DE113 (Tenofovir disoproxil fumarate (TDF) allergy or contraindication)</td><td><a href="http://hl7.org/fhir/extensions/5.1.0-snapshot1/CodeSystem-concept-map-equivalence.html#equivalent" title="equivalent">is equivalent to</a></td><td>b43500.9 (Specific immune response)</td></tr><tr><td>HIV.C.DE115 (Low estimated creatinine clearance)</td><td><a href="http://hl7.org/fhir/extensions/5.1.0-snapshot1/CodeSystem-concept-map-equivalence.html#equivalent" title="equivalent">is equivalent to</a></td><td>b6108.9 (Other specified urinary excretory functions)</td></tr><tr><td>HIV.C.DE118 (Other allergy or contraindication to a medicine in the PrEP regimen)</td><td><a href="http://hl7.org/fhir/extensions/5.1.0-snapshot1/CodeSystem-concept-map-equivalence.html#equivalent" title="equivalent">is equivalent to</a></td><td>b43500.9 (Specific immune response)</td></tr><tr><td>HIV.C.DE119 (Other allergy or contraindication to a medicine in the PrEP regimen (specify))</td><td><a href="http://hl7.org/fhir/extensions/5.1.0-snapshot1/CodeSystem-concept-map-equivalence.html#equivalent" title="equivalent">is equivalent to</a></td><td>b43500.9 (Specific immune response)</td></tr><tr><td>HIV.D.DE9 (Body temperature)</td><td><a href="http://hl7.org/fhir/extensions/5.1.0-snapshot1/CodeSystem-concept-map-equivalence.html#equivalent" title="equivalent">is equivalent to</a></td><td>b5500.9 (Body temperature)</td></tr><tr><td>HIV.D.DE10 (Respiratory rate)</td><td><a href="http://hl7.org/fhir/extensions/5.1.0-snapshot1/CodeSystem-concept-map-equivalence.html#equivalent" title="equivalent">is equivalent to</a></td><td>b4400.9 (Respiration rate)</td></tr><tr><td>HIV.D.DE11 (Heart rate)</td><td><a href="http://hl7.org/fhir/extensions/5.1.0-snapshot1/CodeSystem-concept-map-equivalence.html#equivalent" title="equivalent">is equivalent to</a></td><td>b4100.9 (Heart rate)</td></tr><tr><td>HIV.D.DE14 (Systolic blood pressure)</td><td><a href="http://hl7.org/fhir/extensions/5.1.0-snapshot1/CodeSystem-concept-map-equivalence.html#equivalent" title="equivalent">is equivalent to</a></td><td>b4202.9 (Maintenance of blood pressure)</td></tr><tr><td>HIV.D.DE15 (Diastolic blood pressure)</td><td><a href="http://hl7.org/fhir/extensions/5.1.0-snapshot1/CodeSystem-concept-map-equivalence.html#equivalent" title="equivalent">is equivalent to</a></td><td>b4202.9 (Maintenance of blood pressure)</td></tr><tr><td>HIV.D.DE19 (Tachycardia)</td><td><a href="http://hl7.org/fhir/extensions/5.1.0-snapshot1/CodeSystem-concept-map-equivalence.html#equivalent" title="equivalent">is equivalent to</a></td><td>b4100.9 (Heart rate)</td></tr><tr><td>HIV.D.DE20 (Tachypnea)</td><td><a href="http://hl7.org/fhir/extensions/5.1.0-snapshot1/CodeSystem-concept-map-equivalence.html#equivalent" title="equivalent">is equivalent to</a></td><td>b4400.9 (Respiration rate)</td></tr><tr><td>HIV.D.DE21 (Unable to walk unaided)</td><td><a href="http://hl7.org/fhir/extensions/5.1.0-snapshot1/CodeSystem-concept-map-equivalence.html#equivalent" title="equivalent">is equivalent to</a></td><td>d4509.9 (Walking, unspecified)</td></tr><tr><td>HIV.D.DE22 (Lethargy)</td><td><a href="http://hl7.org/fhir/extensions/5.1.0-snapshot1/CodeSystem-concept-map-equivalence.html#equivalent" title="equivalent">is equivalent to</a></td><td>b4552.9 (Fatiguability)</td></tr><tr><td>HIV.D.DE23 (Unconsciousness)</td><td><a href="http://hl7.org/fhir/extensions/5.1.0-snapshot1/CodeSystem-concept-map-equivalence.html#equivalent" title="equivalent">is equivalent to</a></td><td>b1109.9 (Consciousness functions, unspecified)</td></tr><tr><td>HIV.D.DE25 (Unable to drink)</td><td><a href="http://hl7.org/fhir/extensions/5.1.0-snapshot1/CodeSystem-concept-map-equivalence.html#equivalent" title="equivalent">is equivalent to</a></td><td>d560.9 (Drinking)</td></tr><tr><td>HIV.D.DE26 (Unable to breastfeed)</td><td><a href="http://hl7.org/fhir/extensions/5.1.0-snapshot1/CodeSystem-concept-map-equivalence.html#equivalent" title="equivalent">is equivalent to</a></td><td>b6603.9 (Lactation)</td></tr><tr><td>HIV.D.DE27 (Repeated vomiting)</td><td><a href="http://hl7.org/fhir/extensions/5.1.0-snapshot1/CodeSystem-concept-map-equivalence.html#equivalent" title="equivalent">is equivalent to</a></td><td>b51060.9 (Vomiting)</td></tr><tr><td>HIV.D.DE28 (Headache)</td><td><a href="http://hl7.org/fhir/extensions/5.1.0-snapshot1/CodeSystem-concept-map-equivalence.html#equivalent" title="equivalent">is equivalent to</a></td><td>b28010.9 (Pain in head and neck)</td></tr><tr><td>HIV.D.DE33 (Number of pregnancies (gravida))</td><td><a href="http://hl7.org/fhir/extensions/5.1.0-snapshot1/CodeSystem-concept-map-equivalence.html#equivalent" title="equivalent">is equivalent to</a></td><td>b6601.9 (Functions related to pregnancy)</td></tr><tr><td>HIV.D.DE68 (Diabetes other or unspecified)</td><td><a href="http://hl7.org/fhir/extensions/5.1.0-snapshot1/CodeSystem-concept-map-equivalence.html#equivalent" title="equivalent">is equivalent to</a></td><td>b598 (Other specified functions of the digestive, metabolic and endocrine systems)</td></tr><tr><td>HIV.D.DE69 (Diabetes pre-existing type 1)</td><td><a href="http://hl7.org/fhir/extensions/5.1.0-snapshot1/CodeSystem-concept-map-equivalence.html#equivalent" title="equivalent">is equivalent to</a></td><td>b598 (Other specified functions of the digestive, metabolic and endocrine systems)</td></tr><tr><td>HIV.D.DE70 (Diabetes pre-existing type 2)</td><td><a href="http://hl7.org/fhir/extensions/5.1.0-snapshot1/CodeSystem-concept-map-equivalence.html#equivalent" title="equivalent">is equivalent to</a></td><td>b598 (Other specified functions of the digestive, metabolic and endocrine systems)</td></tr><tr><td>HIV.D.DE71 (Hypertension)</td><td><a href="http://hl7.org/fhir/extensions/5.1.0-snapshot1/CodeSystem-concept-map-equivalence.html#equivalent" title="equivalent">is equivalent to</a></td><td>b4200.9 (Increased blood pressure)</td></tr><tr><td>HIV.D.DE243 (Manage pain and symptoms)</td><td><a href="http://hl7.org/fhir/extensions/5.1.0-snapshot1/CodeSystem-concept-map-equivalence.html#equivalent" title="equivalent">is equivalent to</a></td><td>b2800.9 (Generalized pain)</td></tr><tr><td>HIV.D.DE244 (Conduct a nutritional assessment and counsel on nutrition)</td><td><a href="http://hl7.org/fhir/extensions/5.1.0-snapshot1/CodeSystem-concept-map-equivalence.html#equivalent" title="equivalent">is equivalent to</a></td><td>d5701.9 (Managing diet and fitness)</td></tr><tr><td>HIV.D.DE246 (Provide support on infant and child feeding)</td><td><a href="http://hl7.org/fhir/extensions/5.1.0-snapshot1/CodeSystem-concept-map-equivalence.html#equivalent" title="equivalent">is equivalent to</a></td><td>d550.9 (Eating)</td></tr><tr><td>HIV.D.DE262 (Cough)</td><td><a href="http://hl7.org/fhir/extensions/5.1.0-snapshot1/CodeSystem-concept-map-equivalence.html#equivalent" title="equivalent">is equivalent to</a></td><td>b4501.9 (Functions of coughing)</td></tr><tr><td>HIV.D.DE263 (Prolonged fever)</td><td><a href="http://hl7.org/fhir/extensions/5.1.0-snapshot1/CodeSystem-concept-map-equivalence.html#equivalent" title="equivalent">is equivalent to</a></td><td>b5500.9 (Body temperature)</td></tr><tr><td>HIV.D.DE264 (Night sweats)</td><td><a href="http://hl7.org/fhir/extensions/5.1.0-snapshot1/CodeSystem-concept-map-equivalence.html#equivalent" title="equivalent">is equivalent to</a></td><td>b830.9 (Other functions of the skin)</td></tr><tr><td>HIV.D.DE265 (Weight loss)</td><td><a href="http://hl7.org/fhir/extensions/5.1.0-snapshot1/CodeSystem-concept-map-equivalence.html#equivalent" title="equivalent">is equivalent to</a></td><td>b530.9 (Weight maintenance functions)</td></tr><tr><td>HIV.D.DE266 (Difficulty breathing)</td><td><a href="http://hl7.org/fhir/extensions/5.1.0-snapshot1/CodeSystem-concept-map-equivalence.html#equivalent" title="equivalent">is equivalent to</a></td><td>b4451 (Functions of the diaphragm)</td></tr><tr><td>HIV.D.DE277 (Hypertension)</td><td><a href="http://hl7.org/fhir/extensions/5.1.0-snapshot1/CodeSystem-concept-map-equivalence.html#equivalent" title="equivalent">is equivalent to</a></td><td>b4200.9 (Increased blood pressure)</td></tr><tr><td>HIV.D.DE278 (Diabetes)</td><td><a href="http://hl7.org/fhir/extensions/5.1.0-snapshot1/CodeSystem-concept-map-equivalence.html#equivalent" title="equivalent">is equivalent to</a></td><td>b598 (Other specified functions of the digestive, metabolic and endocrine systems)</td></tr><tr><td>HIV.D.DE279 (Gestational diabetes)</td><td><a href="http://hl7.org/fhir/extensions/5.1.0-snapshot1/CodeSystem-concept-map-equivalence.html#equivalent" title="equivalent">is equivalent to</a></td><td>b598 (Other specified functions of the digestive, metabolic and endocrine systems)</td></tr><tr><td>HIV.D.DE281 (Diarrhoea or abdominal pain)</td><td><a href="http://hl7.org/fhir/extensions/5.1.0-snapshot1/CodeSystem-concept-map-equivalence.html#equivalent" title="equivalent">is equivalent to</a></td><td>b5251.9 (Faecal consistency)</td></tr><tr><td>HIV.D.DE292 (Moderate unexplained weight loss)</td><td><a href="http://hl7.org/fhir/extensions/5.1.0-snapshot1/CodeSystem-concept-map-equivalence.html#equivalent" title="equivalent">is equivalent to</a></td><td>b530.9 (Weight maintenance functions)</td></tr><tr><td>HIV.D.DE305 (Unexplained severe weight loss in adults)</td><td><a href="http://hl7.org/fhir/extensions/5.1.0-snapshot1/CodeSystem-concept-map-equivalence.html#equivalent" title="equivalent">is equivalent to</a></td><td>b530.9 (Weight maintenance functions)</td></tr><tr><td>HIV.D.DE307 (Unexplained chronic diarrhoea for longer than 1 month)</td><td><a href="http://hl7.org/fhir/extensions/5.1.0-snapshot1/CodeSystem-concept-map-equivalence.html#equivalent" title="equivalent">is equivalent to</a></td><td>b5251.9 (Faecal consistency)</td></tr><tr><td>HIV.D.DE308 (Unexplained persistent diarrhoea (14 days or more))</td><td><a href="http://hl7.org/fhir/extensions/5.1.0-snapshot1/CodeSystem-concept-map-equivalence.html#equivalent" title="equivalent">is equivalent to</a></td><td>b5251.9 (Faecal consistency)</td></tr><tr><td>HIV.D.DE309 (Unexplained persistent fever (above 37.5 C, intermittent or constant, for longer than one 1 month))</td><td><a href="http://hl7.org/fhir/extensions/5.1.0-snapshot1/CodeSystem-concept-map-equivalence.html#equivalent" title="equivalent">is equivalent to</a></td><td>b5500.9 (Body temperature)</td></tr><tr><td>HIV.D.DE421 (Pregnancy)</td><td><a href="http://hl7.org/fhir/extensions/5.1.0-snapshot1/CodeSystem-concept-map-equivalence.html#equivalent" title="equivalent">is equivalent to</a></td><td>b6601.9 (Functions related to pregnancy)</td></tr><tr><td>HIV.D.DE432 (Immunological failure)</td><td><a href="http://hl7.org/fhir/extensions/5.1.0-snapshot1/CodeSystem-concept-map-equivalence.html#equivalent" title="equivalent">is equivalent to</a></td><td>b4359 (Immunological system functions, unspecified)</td></tr><tr><td>HIV.D.DE467 (Gastrointestinal)</td><td><a href="http://hl7.org/fhir/extensions/5.1.0-snapshot1/CodeSystem-concept-map-equivalence.html#equivalent" title="equivalent">is equivalent to</a></td><td>b5159.9 (Digestive functions, unspecified)</td></tr><tr><td>HIV.D.DE468 (Skin issues)</td><td><a href="http://hl7.org/fhir/extensions/5.1.0-snapshot1/CodeSystem-concept-map-equivalence.html#equivalent" title="equivalent">is equivalent to</a></td><td>b849.9 (Functions of the skin, other specified and unspecified)</td></tr><tr><td>HIV.D.DE469 (Peripheral neuropathy)</td><td><a href="http://hl7.org/fhir/extensions/5.1.0-snapshot1/CodeSystem-concept-map-equivalence.html#equivalent" title="equivalent">is equivalent to</a></td><td>b299.9 (Sensory functions and pain, unspecified)</td></tr><tr><td>HIV.D.DE470 (Central nervous system symptoms)</td><td><a href="http://hl7.org/fhir/extensions/5.1.0-snapshot1/CodeSystem-concept-map-equivalence.html#equivalent" title="equivalent">is equivalent to</a></td><td>b299.9 (Sensory functions and pain, unspecified)</td></tr><tr><td>HIV.D.DE472 (Hepatic dysfunction)</td><td><a href="http://hl7.org/fhir/extensions/5.1.0-snapshot1/CodeSystem-concept-map-equivalence.html#equivalent" title="equivalent">is equivalent to</a></td><td>b5159.9 (Digestive functions, unspecified)</td></tr><tr><td>HIV.D.DE473 (Haematological disorders)</td><td><a href="http://hl7.org/fhir/extensions/5.1.0-snapshot1/CodeSystem-concept-map-equivalence.html#equivalent" title="equivalent">is equivalent to</a></td><td>b4309.9 (Haematological system functions, unspecified)</td></tr><tr><td>HIV.D.DE474 (Fatigue)</td><td><a href="http://hl7.org/fhir/extensions/5.1.0-snapshot1/CodeSystem-concept-map-equivalence.html#equivalent" title="equivalent">is equivalent to</a></td><td>b4552.9 (Fatiguability)</td></tr><tr><td>HIV.D.DE475 (Headache)</td><td><a href="http://hl7.org/fhir/extensions/5.1.0-snapshot1/CodeSystem-concept-map-equivalence.html#equivalent" title="equivalent">is equivalent to</a></td><td>b28010.9 (Pain in head and neck)</td></tr><tr><td>HIV.D.DE476 (Bone dysfunction)</td><td><a href="http://hl7.org/fhir/extensions/5.1.0-snapshot1/CodeSystem-concept-map-equivalence.html#equivalent" title="equivalent">is equivalent to</a></td><td>b729.9 (Functions of the joints and bones, other specified and unspecified)</td></tr><tr><td>HIV.D.DE477 (Metabolic symptoms)</td><td><a href="http://hl7.org/fhir/extensions/5.1.0-snapshot1/CodeSystem-concept-map-equivalence.html#equivalent" title="equivalent">is equivalent to</a></td><td>b5409.9 (General metabolic functions, unspecified)</td></tr><tr><td>HIV.D.DE478 (Kidney dysfunction)</td><td><a href="http://hl7.org/fhir/extensions/5.1.0-snapshot1/CodeSystem-concept-map-equivalence.html#equivalent" title="equivalent">is equivalent to</a></td><td>b639.9 (Urinary functions, other specified and unspecified)</td></tr><tr><td>HIV.D.DE898 (Working, able to perform usual work inside and outside the home)</td><td><a href="http://hl7.org/fhir/extensions/5.1.0-snapshot1/CodeSystem-concept-map-equivalence.html#equivalent" title="equivalent">is equivalent to</a></td><td>d8451.9 (Maintaining a job)</td></tr><tr><td>HIV.D.DE899 (Ambulatory, able to perform activity of daily living (ADL), not able to work)</td><td><a href="http://hl7.org/fhir/extensions/5.1.0-snapshot1/CodeSystem-concept-map-equivalence.html#equivalent" title="equivalent">is equivalent to</a></td><td>d599 (Self-care, unspecified)</td></tr><tr><td>HIV.D.DE974 (Current cough)</td><td><a href="http://hl7.org/fhir/extensions/5.1.0-snapshot1/CodeSystem-concept-map-equivalence.html#equivalent" title="equivalent">is equivalent to</a></td><td>b4501.9 (Functions of coughing)</td></tr><tr><td>HIV.D.DE975 (Prolonged cough (&gt;=2w))</td><td><a href="http://hl7.org/fhir/extensions/5.1.0-snapshot1/CodeSystem-concept-map-equivalence.html#equivalent" title="equivalent">is equivalent to</a></td><td>b4501.9 (Functions of coughing)</td></tr><tr><td>HIV.D.DE976 (Fever of 39 °C or greater)</td><td><a href="http://hl7.org/fhir/extensions/5.1.0-snapshot1/CodeSystem-concept-map-equivalence.html#equivalent" title="equivalent">is equivalent to</a></td><td>b5501.9 (Maintenance of body temperature)</td></tr><tr><td>HIV.D.DE977 (Weight loss (reported))</td><td><a href="http://hl7.org/fhir/extensions/5.1.0-snapshot1/CodeSystem-concept-map-equivalence.html#equivalent" title="equivalent">is equivalent to</a></td><td>b530.9 (Weight maintenance functions)</td></tr><tr><td>HIV.D.DE978 (Night sweats)</td><td><a href="http://hl7.org/fhir/extensions/5.1.0-snapshot1/CodeSystem-concept-map-equivalence.html#equivalent" title="equivalent">is equivalent to</a></td><td>b830 (Other functions of the skin)</td></tr><tr><td>HIV.D.DE979 (Poor weight gain)</td><td><a href="http://hl7.org/fhir/extensions/5.1.0-snapshot1/CodeSystem-concept-map-equivalence.html#equivalent" title="equivalent">is equivalent to</a></td><td>b530.9 (Weight maintenance functions)</td></tr><tr><td>HIV.D.DE981 (Chest pain)</td><td><a href="http://hl7.org/fhir/extensions/5.1.0-snapshot1/CodeSystem-concept-map-equivalence.html#equivalent" title="equivalent">is equivalent to</a></td><td>b28011.9 (Pain in chest)</td></tr><tr><td>HIV.D.DE983 (Lethargy)</td><td><a href="http://hl7.org/fhir/extensions/5.1.0-snapshot1/CodeSystem-concept-map-equivalence.html#equivalent" title="equivalent">is equivalent to</a></td><td>b1300.9 (Energy level)</td></tr></table></div>
  </text>
  <url value="http://fhir.org/guides/itech-uw/ConceptMap/ICF"/>
  <version value="0.3.0"/>
  <name value="ICF"/>
  <title value="ICF"/>
  <status value="draft"/>
  <experimental value="false"/>
  <date value="2024-05-29T19:37:49+00:00"/>
  <publisher value="World Health Organization (WHO) "/>
  <contact>
    <telecom>
      <system value="url"/>
      <value value="https://www.who.int"/>
    </telecom>
  </contact>
  <description value="Concept mapping from content extended codes to ICF"/>
  <jurisdiction>
    <coding>
      <system value="http://unstats.un.org/unsd/methods/m49/m49.htm"/>
      <code value="001"/>
    </coding>
  </jurisdiction>
  <group>
    <source value="http://fhir.org/guides/itech-uw/who-smart-hiv-dak/CodeSystem/concept-codes"/>
    <target value="http://hl7.org/fhir/sid/icf-nl"/>
    <element>
      <code value="HIV.A.DE47"/>
      <display value="Text message/SMS"/>
      <target>
        <modifierExtension url="http://hl7.org/fhir/1.0/StructureDefinition/extension-ConceptMap.element.target.equivalence">
          <valueCode value="equivalent"/>
        </modifierExtension>
        <code value="d3600.9 Using telecommunication devices"/>
        <display value="Using telecommunication devices"/>
        <equivalence value="equivalent"/>
      </target>
    </element>
    <element>
      <code value="HIV.A.DE48"/>
      <display value="Voice call"/>
      <target>
        <modifierExtension url="http://hl7.org/fhir/1.0/StructureDefinition/extension-ConceptMap.element.target.equivalence">
          <valueCode value="equivalent"/>
        </modifierExtension>
        <code value="d3600.9 Using telecommunication devices"/>
        <display value="Using telecommunication devices"/>
        <equivalence value="equivalent"/>
      </target>
    </element>
    <element>
      <code value="HIV.A.DE49"/>
      <display value="Client's email"/>
      <target>
        <modifierExtension url="http://hl7.org/fhir/1.0/StructureDefinition/extension-ConceptMap.element.target.equivalence">
          <valueCode value="equivalent"/>
        </modifierExtension>
        <code value="d325.9"/>
        <display value="Communicating with - receiving - written messages"/>
        <equivalence value="equivalent"/>
      </target>
    </element>
    <element>
      <code value="HIV.B.DE6"/>
      <display value="Partner or contact of an index case"/>
      <target>
        <modifierExtension url="http://hl7.org/fhir/1.0/StructureDefinition/extension-ConceptMap.element.target.equivalence">
          <valueCode value="equivalent"/>
        </modifierExtension>
        <code value="d7709.9"/>
        <display value="Parent Foundation URI : http://id.who.int/icd/entity/680339969"/>
        <equivalence value="equivalent"/>
      </target>
    </element>
    <element>
      <code value="HIV.B.DE7"/>
      <display value="Partner or contact of an HIV testing client (non-index case)"/>
      <target>
        <modifierExtension url="http://hl7.org/fhir/1.0/StructureDefinition/extension-ConceptMap.element.target.equivalence">
          <valueCode value="equivalent"/>
        </modifierExtension>
        <code value="d7709.9"/>
        <display value="Parent Foundation URI : http://id.who.int/icd/entity/680339969"/>
        <equivalence value="equivalent"/>
      </target>
    </element>
    <element>
      <code value="HIV.C.DE47"/>
      <display value="Fever"/>
      <target>
        <modifierExtension url="http://hl7.org/fhir/1.0/StructureDefinition/extension-ConceptMap.element.target.equivalence">
          <valueCode value="equivalent"/>
        </modifierExtension>
        <code value="b5500.9"/>
        <display value="Body temperature"/>
        <equivalence value="equivalent"/>
      </target>
    </element>
    <element>
      <code value="HIV.C.DE48"/>
      <display value="Sore throat"/>
      <target>
        <modifierExtension url="http://hl7.org/fhir/1.0/StructureDefinition/extension-ConceptMap.element.target.equivalence">
          <valueCode value="equivalent"/>
        </modifierExtension>
        <code value="b28010.9"/>
        <display value="Pain in head and neck"/>
        <equivalence value="equivalent"/>
      </target>
    </element>
    <element>
      <code value="HIV.C.DE49"/>
      <display value="Aches"/>
      <target>
        <modifierExtension url="http://hl7.org/fhir/1.0/StructureDefinition/extension-ConceptMap.element.target.equivalence">
          <valueCode value="equivalent"/>
        </modifierExtension>
        <code value="b2800.9"/>
        <display value="Generalized pain"/>
        <equivalence value="equivalent"/>
      </target>
    </element>
    <element>
      <code value="HIV.C.DE50"/>
      <display value="Pains"/>
      <target>
        <modifierExtension url="http://hl7.org/fhir/1.0/StructureDefinition/extension-ConceptMap.element.target.equivalence">
          <valueCode value="equivalent"/>
        </modifierExtension>
        <code value="b2800.9"/>
        <display value="Generalized pain"/>
        <equivalence value="equivalent"/>
      </target>
    </element>
    <element>
      <code value="HIV.C.DE51"/>
      <display value="Swollen glands"/>
      <target>
        <modifierExtension url="http://hl7.org/fhir/1.0/StructureDefinition/extension-ConceptMap.element.target.equivalence">
          <valueCode value="equivalent"/>
        </modifierExtension>
        <code value="b4353.9"/>
        <display value="Functions of lymph nodes"/>
        <equivalence value="equivalent"/>
      </target>
    </element>
    <element>
      <code value="HIV.C.DE53"/>
      <display value="Headaches"/>
      <target>
        <modifierExtension url="http://hl7.org/fhir/1.0/StructureDefinition/extension-ConceptMap.element.target.equivalence">
          <valueCode value="equivalent"/>
        </modifierExtension>
        <code value="b28010.9"/>
        <display value="Pain in head and neck"/>
        <equivalence value="equivalent"/>
      </target>
    </element>
    <element>
      <code value="HIV.C.DE113"/>
      <display value="Tenofovir disoproxil fumarate (TDF) allergy or contraindication"/>
      <target>
        <modifierExtension url="http://hl7.org/fhir/1.0/StructureDefinition/extension-ConceptMap.element.target.equivalence">
          <valueCode value="equivalent"/>
        </modifierExtension>
        <code value="b43500.9"/>
        <display value="Specific immune response"/>
        <equivalence value="equivalent"/>
      </target>
    </element>
    <element>
      <code value="HIV.C.DE115"/>
      <display value="Low estimated creatinine clearance"/>
      <target>
        <modifierExtension url="http://hl7.org/fhir/1.0/StructureDefinition/extension-ConceptMap.element.target.equivalence">
          <valueCode value="equivalent"/>
        </modifierExtension>
        <code value="b6108.9"/>
        <display value="Other specified urinary excretory functions"/>
        <equivalence value="equivalent"/>
      </target>
    </element>
    <element>
      <code value="HIV.C.DE118"/>
      <display value="Other allergy or contraindication to a medicine in the PrEP regimen"/>
      <target>
        <modifierExtension url="http://hl7.org/fhir/1.0/StructureDefinition/extension-ConceptMap.element.target.equivalence">
          <valueCode value="equivalent"/>
        </modifierExtension>
        <code value="b43500.9"/>
        <display value="Specific immune response"/>
        <equivalence value="equivalent"/>
      </target>
    </element>
    <element>
      <code value="HIV.C.DE119"/>
      <display value="Other allergy or contraindication to a medicine in the PrEP regimen (specify)"/>
      <target>
        <modifierExtension url="http://hl7.org/fhir/1.0/StructureDefinition/extension-ConceptMap.element.target.equivalence">
          <valueCode value="equivalent"/>
        </modifierExtension>
        <code value="b43500.9"/>
        <display value="Specific immune response"/>
        <equivalence value="equivalent"/>
      </target>
    </element>
    <element>
      <code value="HIV.D.DE9"/>
      <display value="Body temperature"/>
      <target>
        <modifierExtension url="http://hl7.org/fhir/1.0/StructureDefinition/extension-ConceptMap.element.target.equivalence">
          <valueCode value="equivalent"/>
        </modifierExtension>
        <code value="b5500.9"/>
        <display value="Body temperature"/>
        <equivalence value="equivalent"/>
      </target>
    </element>
    <element>
      <code value="HIV.D.DE10"/>
      <display value="Respiratory rate"/>
      <target>
        <modifierExtension url="http://hl7.org/fhir/1.0/StructureDefinition/extension-ConceptMap.element.target.equivalence">
          <valueCode value="equivalent"/>
        </modifierExtension>
        <code value="b4400.9"/>
        <display value="Respiration rate"/>
        <equivalence value="equivalent"/>
      </target>
    </element>
    <element>
      <code value="HIV.D.DE11"/>
      <display value="Heart rate"/>
      <target>
        <modifierExtension url="http://hl7.org/fhir/1.0/StructureDefinition/extension-ConceptMap.element.target.equivalence">
          <valueCode value="equivalent"/>
        </modifierExtension>
        <code value="b4100.9"/>
        <display value="Heart rate"/>
        <equivalence value="equivalent"/>
      </target>
    </element>
    <element>
      <code value="HIV.D.DE14"/>
      <display value="Systolic blood pressure"/>
      <target>
        <modifierExtension url="http://hl7.org/fhir/1.0/StructureDefinition/extension-ConceptMap.element.target.equivalence">
          <valueCode value="equivalent"/>
        </modifierExtension>
        <code value="b4202.9"/>
        <display value="Maintenance of blood pressure"/>
        <equivalence value="equivalent"/>
      </target>
    </element>
    <element>
      <code value="HIV.D.DE15"/>
      <display value="Diastolic blood pressure"/>
      <target>
        <modifierExtension url="http://hl7.org/fhir/1.0/StructureDefinition/extension-ConceptMap.element.target.equivalence">
          <valueCode value="equivalent"/>
        </modifierExtension>
        <code value="b4202.9"/>
        <display value="Maintenance of blood pressure"/>
        <equivalence value="equivalent"/>
      </target>
    </element>
    <element>
      <code value="HIV.D.DE19"/>
      <display value="Tachycardia"/>
      <target>
        <modifierExtension url="http://hl7.org/fhir/1.0/StructureDefinition/extension-ConceptMap.element.target.equivalence">
          <valueCode value="equivalent"/>
        </modifierExtension>
        <code value="b4100.9"/>
        <display value="Heart rate"/>
        <equivalence value="equivalent"/>
      </target>
    </element>
    <element>
      <code value="HIV.D.DE20"/>
      <display value="Tachypnea"/>
      <target>
        <modifierExtension url="http://hl7.org/fhir/1.0/StructureDefinition/extension-ConceptMap.element.target.equivalence">
          <valueCode value="equivalent"/>
        </modifierExtension>
        <code value="b4400.9"/>
        <display value="Respiration rate"/>
        <equivalence value="equivalent"/>
      </target>
    </element>
    <element>
      <code value="HIV.D.DE21"/>
      <display value="Unable to walk unaided"/>
      <target>
        <modifierExtension url="http://hl7.org/fhir/1.0/StructureDefinition/extension-ConceptMap.element.target.equivalence">
          <valueCode value="equivalent"/>
        </modifierExtension>
        <code value="d4509.9"/>
        <display value="Walking, unspecified"/>
        <equivalence value="equivalent"/>
      </target>
    </element>
    <element>
      <code value="HIV.D.DE22"/>
      <display value="Lethargy"/>
      <target>
        <modifierExtension url="http://hl7.org/fhir/1.0/StructureDefinition/extension-ConceptMap.element.target.equivalence">
          <valueCode value="equivalent"/>
        </modifierExtension>
        <code value="b4552.9"/>
        <display value="Fatiguability"/>
        <equivalence value="equivalent"/>
      </target>
    </element>
    <element>
      <code value="HIV.D.DE23"/>
      <display value="Unconsciousness"/>
      <target>
        <modifierExtension url="http://hl7.org/fhir/1.0/StructureDefinition/extension-ConceptMap.element.target.equivalence">
          <valueCode value="equivalent"/>
        </modifierExtension>
        <code value="b1109.9"/>
        <display value="Consciousness functions, unspecified"/>
        <equivalence value="equivalent"/>
      </target>
    </element>
    <element>
      <code value="HIV.D.DE25"/>
      <display value="Unable to drink"/>
      <target>
        <modifierExtension url="http://hl7.org/fhir/1.0/StructureDefinition/extension-ConceptMap.element.target.equivalence">
          <valueCode value="equivalent"/>
        </modifierExtension>
        <code value="d560.9"/>
        <display value="Drinking"/>
        <equivalence value="equivalent"/>
      </target>
    </element>
    <element>
      <code value="HIV.D.DE26"/>
      <display value="Unable to breastfeed"/>
      <target>
        <modifierExtension url="http://hl7.org/fhir/1.0/StructureDefinition/extension-ConceptMap.element.target.equivalence">
          <valueCode value="equivalent"/>
        </modifierExtension>
        <code value="b6603.9"/>
        <display value="Lactation"/>
        <equivalence value="equivalent"/>
      </target>
    </element>
    <element>
      <code value="HIV.D.DE27"/>
      <display value="Repeated vomiting"/>
      <target>
        <modifierExtension url="http://hl7.org/fhir/1.0/StructureDefinition/extension-ConceptMap.element.target.equivalence">
          <valueCode value="equivalent"/>
        </modifierExtension>
        <code value="b51060.9"/>
        <display value="Vomiting"/>
        <equivalence value="equivalent"/>
      </target>
    </element>
    <element>
      <code value="HIV.D.DE28"/>
      <display value="Headache"/>
      <target>
        <modifierExtension url="http://hl7.org/fhir/1.0/StructureDefinition/extension-ConceptMap.element.target.equivalence">
          <valueCode value="equivalent"/>
        </modifierExtension>
        <code value="b28010.9"/>
        <display value="Pain in head and neck"/>
        <equivalence value="equivalent"/>
      </target>
    </element>
    <element>
      <code value="HIV.D.DE33"/>
      <display value="Number of pregnancies (gravida)"/>
      <target>
        <modifierExtension url="http://hl7.org/fhir/1.0/StructureDefinition/extension-ConceptMap.element.target.equivalence">
          <valueCode value="equivalent"/>
        </modifierExtension>
        <code value="b6601.9"/>
        <display value="Functions related to pregnancy"/>
        <equivalence value="equivalent"/>
      </target>
    </element>
    <element>
      <code value="HIV.D.DE68"/>
      <display value="Diabetes other or unspecified"/>
      <target>
        <modifierExtension url="http://hl7.org/fhir/1.0/StructureDefinition/extension-ConceptMap.element.target.equivalence">
          <valueCode value="equivalent"/>
        </modifierExtension>
        <code value="b598"/>
        <display value="Other specified functions of the digestive, metabolic and endocrine systems"/>
        <equivalence value="equivalent"/>
      </target>
    </element>
    <element>
      <code value="HIV.D.DE69"/>
      <display value="Diabetes pre-existing type 1"/>
      <target>
        <modifierExtension url="http://hl7.org/fhir/1.0/StructureDefinition/extension-ConceptMap.element.target.equivalence">
          <valueCode value="equivalent"/>
        </modifierExtension>
        <code value="b598"/>
        <display value="Other specified functions of the digestive, metabolic and endocrine systems"/>
        <equivalence value="equivalent"/>
      </target>
    </element>
    <element>
      <code value="HIV.D.DE70"/>
      <display value="Diabetes pre-existing type 2"/>
      <target>
        <modifierExtension url="http://hl7.org/fhir/1.0/StructureDefinition/extension-ConceptMap.element.target.equivalence">
          <valueCode value="equivalent"/>
        </modifierExtension>
        <code value="b598"/>
        <display value="Other specified functions of the digestive, metabolic and endocrine systems"/>
        <equivalence value="equivalent"/>
      </target>
    </element>
    <element>
      <code value="HIV.D.DE71"/>
      <display value="Hypertension"/>
      <target>
        <modifierExtension url="http://hl7.org/fhir/1.0/StructureDefinition/extension-ConceptMap.element.target.equivalence">
          <valueCode value="equivalent"/>
        </modifierExtension>
        <code value="b4200.9"/>
        <display value="Increased blood pressure"/>
        <equivalence value="equivalent"/>
      </target>
    </element>
    <element>
      <code value="HIV.D.DE243"/>
      <display value="Manage pain and symptoms"/>
      <target>
        <modifierExtension url="http://hl7.org/fhir/1.0/StructureDefinition/extension-ConceptMap.element.target.equivalence">
          <valueCode value="equivalent"/>
        </modifierExtension>
        <code value="b2800.9"/>
        <display value="Generalized pain"/>
        <equivalence value="equivalent"/>
      </target>
    </element>
    <element>
      <code value="HIV.D.DE244"/>
      <display value="Conduct a nutritional assessment and counsel on nutrition"/>
      <target>
        <modifierExtension url="http://hl7.org/fhir/1.0/StructureDefinition/extension-ConceptMap.element.target.equivalence">
          <valueCode value="equivalent"/>
        </modifierExtension>
        <code value="d5701.9"/>
        <display value="Managing diet and fitness"/>
        <equivalence value="equivalent"/>
      </target>
    </element>
    <element>
      <code value="HIV.D.DE246"/>
      <display value="Provide support on infant and child feeding"/>
      <target>
        <modifierExtension url="http://hl7.org/fhir/1.0/StructureDefinition/extension-ConceptMap.element.target.equivalence">
          <valueCode value="equivalent"/>
        </modifierExtension>
        <code value="d550.9"/>
        <display value="Eating"/>
        <equivalence value="equivalent"/>
      </target>
    </element>
    <element>
      <code value="HIV.D.DE262"/>
      <display value="Cough"/>
      <target>
        <modifierExtension url="http://hl7.org/fhir/1.0/StructureDefinition/extension-ConceptMap.element.target.equivalence">
          <valueCode value="equivalent"/>
        </modifierExtension>
        <code value="b4501.9"/>
        <display value="Functions of coughing"/>
        <equivalence value="equivalent"/>
      </target>
    </element>
    <element>
      <code value="HIV.D.DE263"/>
      <display value="Prolonged fever"/>
      <target>
        <modifierExtension url="http://hl7.org/fhir/1.0/StructureDefinition/extension-ConceptMap.element.target.equivalence">
          <valueCode value="equivalent"/>
        </modifierExtension>
        <code value="b5500.9"/>
        <display value="Body temperature"/>
        <equivalence value="equivalent"/>
      </target>
    </element>
    <element>
      <code value="HIV.D.DE264"/>
      <display value="Night sweats"/>
      <target>
        <modifierExtension url="http://hl7.org/fhir/1.0/StructureDefinition/extension-ConceptMap.element.target.equivalence">
          <valueCode value="equivalent"/>
        </modifierExtension>
        <code value="b830.9"/>
        <display value="Other functions of the skin"/>
        <equivalence value="equivalent"/>
      </target>
    </element>
    <element>
      <code value="HIV.D.DE265"/>
      <display value="Weight loss"/>
      <target>
        <modifierExtension url="http://hl7.org/fhir/1.0/StructureDefinition/extension-ConceptMap.element.target.equivalence">
          <valueCode value="equivalent"/>
        </modifierExtension>
        <code value="b530.9"/>
        <display value="Weight maintenance functions"/>
        <equivalence value="equivalent"/>
      </target>
    </element>
    <element>
      <code value="HIV.D.DE266"/>
      <display value="Difficulty breathing"/>
      <target>
        <modifierExtension url="http://hl7.org/fhir/1.0/StructureDefinition/extension-ConceptMap.element.target.equivalence">
          <valueCode value="equivalent"/>
        </modifierExtension>
        <code value="b4451"/>
        <display value="Functions of the diaphragm"/>
        <equivalence value="equivalent"/>
      </target>
    </element>
    <element>
      <code value="HIV.D.DE277"/>
      <display value="Hypertension"/>
      <target>
        <modifierExtension url="http://hl7.org/fhir/1.0/StructureDefinition/extension-ConceptMap.element.target.equivalence">
          <valueCode value="equivalent"/>
        </modifierExtension>
        <code value="b4200.9"/>
        <display value="Increased blood pressure"/>
        <equivalence value="equivalent"/>
      </target>
    </element>
    <element>
      <code value="HIV.D.DE278"/>
      <display value="Diabetes"/>
      <target>
        <modifierExtension url="http://hl7.org/fhir/1.0/StructureDefinition/extension-ConceptMap.element.target.equivalence">
          <valueCode value="equivalent"/>
        </modifierExtension>
        <code value="b598"/>
        <display value="Other specified functions of the digestive, metabolic and endocrine systems"/>
        <equivalence value="equivalent"/>
      </target>
    </element>
    <element>
      <code value="HIV.D.DE279"/>
      <display value="Gestational diabetes"/>
      <target>
        <modifierExtension url="http://hl7.org/fhir/1.0/StructureDefinition/extension-ConceptMap.element.target.equivalence">
          <valueCode value="equivalent"/>
        </modifierExtension>
        <code value="b598"/>
        <display value="Other specified functions of the digestive, metabolic and endocrine systems"/>
        <equivalence value="equivalent"/>
      </target>
    </element>
    <element>
      <code value="HIV.D.DE281"/>
      <display value="Diarrhoea or abdominal pain"/>
      <target>
        <modifierExtension url="http://hl7.org/fhir/1.0/StructureDefinition/extension-ConceptMap.element.target.equivalence">
          <valueCode value="equivalent"/>
        </modifierExtension>
        <code value="b5251.9"/>
        <display value="Faecal consistency"/>
        <equivalence value="equivalent"/>
      </target>
    </element>
    <element>
      <code value="HIV.D.DE292"/>
      <display value="Moderate unexplained weight loss"/>
      <target>
        <modifierExtension url="http://hl7.org/fhir/1.0/StructureDefinition/extension-ConceptMap.element.target.equivalence">
          <valueCode value="equivalent"/>
        </modifierExtension>
        <code value="b530.9"/>
        <display value="Weight maintenance functions"/>
        <equivalence value="equivalent"/>
      </target>
    </element>
    <element>
      <code value="HIV.D.DE305"/>
      <display value="Unexplained severe weight loss in adults"/>
      <target>
        <modifierExtension url="http://hl7.org/fhir/1.0/StructureDefinition/extension-ConceptMap.element.target.equivalence">
          <valueCode value="equivalent"/>
        </modifierExtension>
        <code value="b530.9"/>
        <display value="Weight maintenance functions"/>
        <equivalence value="equivalent"/>
      </target>
    </element>
    <element>
      <code value="HIV.D.DE307"/>
      <display value="Unexplained chronic diarrhoea for longer than 1 month"/>
      <target>
        <modifierExtension url="http://hl7.org/fhir/1.0/StructureDefinition/extension-ConceptMap.element.target.equivalence">
          <valueCode value="equivalent"/>
        </modifierExtension>
        <code value="b5251.9"/>
        <display value="Faecal consistency"/>
        <equivalence value="equivalent"/>
      </target>
    </element>
    <element>
      <code value="HIV.D.DE308"/>
      <display value="Unexplained persistent diarrhoea (14 days or more)"/>
      <target>
        <modifierExtension url="http://hl7.org/fhir/1.0/StructureDefinition/extension-ConceptMap.element.target.equivalence">
          <valueCode value="equivalent"/>
        </modifierExtension>
        <code value="b5251.9"/>
        <display value="Faecal consistency"/>
        <equivalence value="equivalent"/>
      </target>
    </element>
    <element>
      <code value="HIV.D.DE309"/>
      <display value="Unexplained persistent fever (above 37.5 C, intermittent or constant, for longer than one 1 month)"/>
      <target>
        <modifierExtension url="http://hl7.org/fhir/1.0/StructureDefinition/extension-ConceptMap.element.target.equivalence">
          <valueCode value="equivalent"/>
        </modifierExtension>
        <code value="b5500.9"/>
        <display value="Body temperature"/>
        <equivalence value="equivalent"/>
      </target>
    </element>
    <element>
      <code value="HIV.D.DE421"/>
      <display value="Pregnancy"/>
      <target>
        <modifierExtension url="http://hl7.org/fhir/1.0/StructureDefinition/extension-ConceptMap.element.target.equivalence">
          <valueCode value="equivalent"/>
        </modifierExtension>
        <code value="b6601.9"/>
        <display value="Functions related to pregnancy"/>
        <equivalence value="equivalent"/>
      </target>
    </element>
    <element>
      <code value="HIV.D.DE432"/>
      <display value="Immunological failure"/>
      <target>
        <modifierExtension url="http://hl7.org/fhir/1.0/StructureDefinition/extension-ConceptMap.element.target.equivalence">
          <valueCode value="equivalent"/>
        </modifierExtension>
        <code value="b4359"/>
        <display value="Immunological system functions, unspecified"/>
        <equivalence value="equivalent"/>
      </target>
    </element>
    <element>
      <code value="HIV.D.DE467"/>
      <display value="Gastrointestinal"/>
      <target>
        <modifierExtension url="http://hl7.org/fhir/1.0/StructureDefinition/extension-ConceptMap.element.target.equivalence">
          <valueCode value="equivalent"/>
        </modifierExtension>
        <code value="b5159.9"/>
        <display value="Digestive functions, unspecified"/>
        <equivalence value="equivalent"/>
      </target>
    </element>
    <element>
      <code value="HIV.D.DE468"/>
      <display value="Skin issues"/>
      <target>
        <modifierExtension url="http://hl7.org/fhir/1.0/StructureDefinition/extension-ConceptMap.element.target.equivalence">
          <valueCode value="equivalent"/>
        </modifierExtension>
        <code value="b849.9"/>
        <display value="Functions of the skin, other specified and unspecified"/>
        <equivalence value="equivalent"/>
      </target>
    </element>
    <element>
      <code value="HIV.D.DE469"/>
      <display value="Peripheral neuropathy"/>
      <target>
        <modifierExtension url="http://hl7.org/fhir/1.0/StructureDefinition/extension-ConceptMap.element.target.equivalence">
          <valueCode value="equivalent"/>
        </modifierExtension>
        <code value="b299.9"/>
        <display value="Sensory functions and pain, unspecified"/>
        <equivalence value="equivalent"/>
      </target>
    </element>
    <element>
      <code value="HIV.D.DE470"/>
      <display value="Central nervous system symptoms"/>
      <target>
        <modifierExtension url="http://hl7.org/fhir/1.0/StructureDefinition/extension-ConceptMap.element.target.equivalence">
          <valueCode value="equivalent"/>
        </modifierExtension>
        <code value="b299.9"/>
        <display value="Sensory functions and pain, unspecified"/>
        <equivalence value="equivalent"/>
      </target>
    </element>
    <element>
      <code value="HIV.D.DE472"/>
      <display value="Hepatic dysfunction"/>
      <target>
        <modifierExtension url="http://hl7.org/fhir/1.0/StructureDefinition/extension-ConceptMap.element.target.equivalence">
          <valueCode value="equivalent"/>
        </modifierExtension>
        <code value="b5159.9"/>
        <display value="Digestive functions, unspecified"/>
        <equivalence value="equivalent"/>
      </target>
    </element>
    <element>
      <code value="HIV.D.DE473"/>
      <display value="Haematological disorders"/>
      <target>
        <modifierExtension url="http://hl7.org/fhir/1.0/StructureDefinition/extension-ConceptMap.element.target.equivalence">
          <valueCode value="equivalent"/>
        </modifierExtension>
        <code value="b4309.9"/>
        <display value="Haematological system functions, unspecified"/>
        <equivalence value="equivalent"/>
      </target>
    </element>
    <element>
      <code value="HIV.D.DE474"/>
      <display value="Fatigue"/>
      <target>
        <modifierExtension url="http://hl7.org/fhir/1.0/StructureDefinition/extension-ConceptMap.element.target.equivalence">
          <valueCode value="equivalent"/>
        </modifierExtension>
        <code value="b4552.9"/>
        <display value="Fatiguability"/>
        <equivalence value="equivalent"/>
      </target>
    </element>
    <element>
      <code value="HIV.D.DE475"/>
      <display value="Headache"/>
      <target>
        <modifierExtension url="http://hl7.org/fhir/1.0/StructureDefinition/extension-ConceptMap.element.target.equivalence">
          <valueCode value="equivalent"/>
        </modifierExtension>
        <code value="b28010.9"/>
        <display value="Pain in head and neck"/>
        <equivalence value="equivalent"/>
      </target>
    </element>
    <element>
      <code value="HIV.D.DE476"/>
      <display value="Bone dysfunction"/>
      <target>
        <modifierExtension url="http://hl7.org/fhir/1.0/StructureDefinition/extension-ConceptMap.element.target.equivalence">
          <valueCode value="equivalent"/>
        </modifierExtension>
        <code value="b729.9"/>
        <display value="Functions of the joints and bones, other specified and unspecified"/>
        <equivalence value="equivalent"/>
      </target>
    </element>
    <element>
      <code value="HIV.D.DE477"/>
      <display value="Metabolic symptoms"/>
      <target>
        <modifierExtension url="http://hl7.org/fhir/1.0/StructureDefinition/extension-ConceptMap.element.target.equivalence">
          <valueCode value="equivalent"/>
        </modifierExtension>
        <code value="b5409.9"/>
        <display value="General metabolic functions, unspecified"/>
        <equivalence value="equivalent"/>
      </target>
    </element>
    <element>
      <code value="HIV.D.DE478"/>
      <display value="Kidney dysfunction"/>
      <target>
        <modifierExtension url="http://hl7.org/fhir/1.0/StructureDefinition/extension-ConceptMap.element.target.equivalence">
          <valueCode value="equivalent"/>
        </modifierExtension>
        <code value="b639.9"/>
        <display value="Urinary functions, other specified and unspecified"/>
        <equivalence value="equivalent"/>
      </target>
    </element>
    <element>
      <code value="HIV.D.DE898"/>
      <display value="Working, able to perform usual work inside and outside the home"/>
      <target>
        <modifierExtension url="http://hl7.org/fhir/1.0/StructureDefinition/extension-ConceptMap.element.target.equivalence">
          <valueCode value="equivalent"/>
        </modifierExtension>
        <code value="d8451.9"/>
        <display value="Maintaining a job"/>
        <equivalence value="equivalent"/>
      </target>
    </element>
    <element>
      <code value="HIV.D.DE899"/>
      <display value="Ambulatory, able to perform activity of daily living (ADL), not able to work"/>
      <target>
        <modifierExtension url="http://hl7.org/fhir/1.0/StructureDefinition/extension-ConceptMap.element.target.equivalence">
          <valueCode value="equivalent"/>
        </modifierExtension>
        <code value="d599"/>
        <display value="Self-care, unspecified"/>
        <equivalence value="equivalent"/>
      </target>
    </element>
    <element>
      <code value="HIV.D.DE974"/>
      <display value="Current cough"/>
      <target>
        <modifierExtension url="http://hl7.org/fhir/1.0/StructureDefinition/extension-ConceptMap.element.target.equivalence">
          <valueCode value="equivalent"/>
        </modifierExtension>
        <code value="b4501.9"/>
        <display value="Functions of coughing"/>
        <equivalence value="equivalent"/>
      </target>
    </element>
    <element>
      <code value="HIV.D.DE975"/>
      <display value="Prolonged cough (&gt;=2w)"/>
      <target>
        <modifierExtension url="http://hl7.org/fhir/1.0/StructureDefinition/extension-ConceptMap.element.target.equivalence">
          <valueCode value="equivalent"/>
        </modifierExtension>
        <code value="b4501.9"/>
        <display value="Functions of coughing"/>
        <equivalence value="equivalent"/>
      </target>
    </element>
    <element>
      <code value="HIV.D.DE976"/>
      <display value="Fever of 39 °C or greater"/>
      <target>
        <modifierExtension url="http://hl7.org/fhir/1.0/StructureDefinition/extension-ConceptMap.element.target.equivalence">
          <valueCode value="equivalent"/>
        </modifierExtension>
        <code value="b5501.9"/>
        <display value="Maintenance of body temperature"/>
        <equivalence value="equivalent"/>
      </target>
    </element>
    <element>
      <code value="HIV.D.DE977"/>
      <display value="Weight loss (reported)"/>
      <target>
        <modifierExtension url="http://hl7.org/fhir/1.0/StructureDefinition/extension-ConceptMap.element.target.equivalence">
          <valueCode value="equivalent"/>
        </modifierExtension>
        <code value="b530.9"/>
        <display value="Weight maintenance functions"/>
        <equivalence value="equivalent"/>
      </target>
    </element>
    <element>
      <code value="HIV.D.DE978"/>
      <display value="Night sweats"/>
      <target>
        <modifierExtension url="http://hl7.org/fhir/1.0/StructureDefinition/extension-ConceptMap.element.target.equivalence">
          <valueCode value="equivalent"/>
        </modifierExtension>
        <code value="b830"/>
        <display value="Other functions of the skin"/>
        <equivalence value="equivalent"/>
      </target>
    </element>
    <element>
      <code value="HIV.D.DE979"/>
      <display value="Poor weight gain"/>
      <target>
        <modifierExtension url="http://hl7.org/fhir/1.0/StructureDefinition/extension-ConceptMap.element.target.equivalence">
          <valueCode value="equivalent"/>
        </modifierExtension>
        <code value="b530.9"/>
        <display value="Weight maintenance functions"/>
        <equivalence value="equivalent"/>
      </target>
    </element>
    <element>
      <code value="HIV.D.DE981"/>
      <display value="Chest pain"/>
      <target>
        <modifierExtension url="http://hl7.org/fhir/1.0/StructureDefinition/extension-ConceptMap.element.target.equivalence">
          <valueCode value="equivalent"/>
        </modifierExtension>
        <code value="b28011.9"/>
        <display value="Pain in chest"/>
        <equivalence value="equivalent"/>
      </target>
    </element>
    <element>
      <code value="HIV.D.DE983"/>
      <display value="Lethargy"/>
      <target>
        <modifierExtension url="http://hl7.org/fhir/1.0/StructureDefinition/extension-ConceptMap.element.target.equivalence">
          <valueCode value="equivalent"/>
        </modifierExtension>
        <code value="b1300.9"/>
        <display value="Energy level"/>
        <equivalence value="equivalent"/>
      </target>
    </element>
  </group>
</ConceptMap>