<?xml version="1.0" encoding="UTF-8"?>

<Patient xmlns="http://hl7.org/fhir">
  <id value="hiv-e-de26-example"/>
  <meta>
    <profile value="http://fhir.org/guides/itech-uw/StructureDefinition/hiv-e-de26"/>
  </meta>
  <text>
    <status value="generated"/><div xmlns="http://www.w3.org/1999/xhtml"><p style="border: 1px #661aff solid; background-color: #e6e6ff; padding: 10px;"><b>Asdf </b> (no stated gender), DoB Unknown</p><hr/><table class="grid"><tr><td style="background-color: #f3f5da" title="Patient Links">Links:</td><td colspan="3"><ul><li>General Practitioner: <a href="http://fhir.org/packages/us.nlm.vsac/PractitionerRole/null-practitionerrole-example">PractitionerRole/null-practitionerrole-example</a></li></ul></td></tr></table></div>
  </text>
  <name>
    <family value="Asdf"/>
  </name>
  <generalPractitioner>
    <reference value="PractitionerRole/null-practitionerrole-example"/>
  </generalPractitioner>
</Patient>