<?xml version="1.0" encoding="UTF-8"?>

<ValueSet xmlns="http://hl7.org/fhir">
  <id value="hiv-b-de6"/>
  <text>
    <status value="extensions"/><div xmlns="http://www.w3.org/1999/xhtml"><ul><li>Include these codes as defined in <a href="CodeSystem-concept-codes.html"><code>http://fhir.org/guides/itech-uw/who-smart-hiv-dak/CodeSystem/concept-codes</code></a><table class="none"><tr><td style="white-space:nowrap"><b>Code</b></td><td><b>Display</b></td><td><b>Definition</b></td></tr><tr><td><a href="CodeSystem-concept-codes.html#concept-codes-HIV.46B.46DE6">HIV.B.DE6</a></td><td>Partner or contact of an index case</td><td>Referred through partner services - Partner or contact of an index case</td></tr><tr><td><a href="CodeSystem-concept-codes.html#concept-codes-HIV.46B.46DE7">HIV.B.DE7</a></td><td>Partner or contact of an HIV testing client (non-index case)</td><td>Referred through partner services - Partner or contact of an HIV testing client (non-index case)</td></tr></table></li></ul></div>
  </text>
  <url value="http://fhir.org/guides/itech-uw/ValueSet/hiv-b-de6"/>
  <version value="0.3.0"/>
  <name value="ReferredthroughpartnerservicesCodes"/>
  <title value="Referred through partner services Codes"/>
  <status value="draft"/>
  <experimental value="false"/>
  <date value="2024-05-28T18:56:02+00:00"/>
  <publisher value="World Health Organization (WHO) "/>
  <contact>
    <telecom>
      <system value="url"/>
      <value value="https://www.who.int"/>
    </telecom>
  </contact>
  <description value="Codes representing possible values for the Referred through partner services element"/>
  <jurisdiction>
    <coding>
      <system value="http://unstats.un.org/unsd/methods/m49/m49.htm"/>
      <code value="001"/>
    </coding>
  </jurisdiction>
  <immutable value="true"/>
  <compose>
    <include>
      <system value="http://fhir.org/guides/itech-uw/who-smart-hiv-dak/CodeSystem/concept-codes"/>
      <concept>
        <code value="HIV.B.DE6"/>
        <display value="Partner or contact of an index case"/>
      </concept>
      <concept>
        <code value="HIV.B.DE7"/>
        <display value="Partner or contact of an HIV testing client (non-index case)"/>
      </concept>
    </include>
  </compose>
</ValueSet>