<?xml version="1.0" encoding="UTF-8"?>

<ValueSet xmlns="http://hl7.org/fhir">
  <id value="hiv-d-de538"/>
  <text>
    <status value="extensions"/><div xmlns="http://www.w3.org/1999/xhtml"><ul><li>Include these codes as defined in <a href="CodeSystem-concept-codes.html"><code>http://fhir.org/guides/itech-uw/who-smart-hiv-dak/CodeSystem/concept-codes</code></a><table class="none"><tr><td style="white-space:nowrap"><b>Code</b></td><td><b>Display</b></td><td><b>Definition</b></td></tr><tr><td><a href="CodeSystem-concept-codes.html#concept-codes-HIV.46D.46DE538">HIV.D.DE538</a></td><td>No medications</td><td>Current medications - No medications</td></tr><tr><td><a href="CodeSystem-concept-codes.html#concept-codes-HIV.46D.46DE539">HIV.D.DE539</a></td><td>Don't know of any current medications</td><td>Current medications - Don't know of any current medications</td></tr><tr><td><a href="CodeSystem-concept-codes.html#concept-codes-HIV.46D.46DE540">HIV.D.DE540</a></td><td>Analgesic</td><td>Current medications - Analgesic</td></tr><tr><td><a href="CodeSystem-concept-codes.html#concept-codes-HIV.46D.46DE541">HIV.D.DE541</a></td><td>Antacids</td><td>Current medications - Antacids</td></tr><tr><td><a href="CodeSystem-concept-codes.html#concept-codes-HIV.46D.46DE542">HIV.D.DE542</a></td><td>Antibiotics (broad-spectrum)</td><td>Current medications - Antibiotics (broad-spectrum)</td></tr><tr><td><a href="CodeSystem-concept-codes.html#concept-codes-HIV.46D.46DE543">HIV.D.DE543</a></td><td>Anticonvulsive</td><td>Current medications - Anticonvulsive</td></tr><tr><td><a href="CodeSystem-concept-codes.html#concept-codes-HIV.46D.46DE544">HIV.D.DE544</a></td><td>Antidiabetic</td><td>Current medications - Antidiabetic</td></tr><tr><td><a href="CodeSystem-concept-codes.html#concept-codes-HIV.46D.46DE545">HIV.D.DE545</a></td><td>Antifungals</td><td>Current medications - Antifungals</td></tr><tr><td><a href="CodeSystem-concept-codes.html#concept-codes-HIV.46D.46DE546">HIV.D.DE546</a></td><td>Antihelmintic</td><td>Current medications - Antihelmintic</td></tr><tr><td><a href="CodeSystem-concept-codes.html#concept-codes-HIV.46D.46DE547">HIV.D.DE547</a></td><td>Antihypertensive</td><td>Current medications - Antihypertensive</td></tr><tr><td><a href="CodeSystem-concept-codes.html#concept-codes-HIV.46D.46DE548">HIV.D.DE548</a></td><td>Antimalarials</td><td>Current medications - Antimalarials</td></tr><tr><td><a href="CodeSystem-concept-codes.html#concept-codes-HIV.46D.46DE549">HIV.D.DE549</a></td><td>Antiretrovirals (ARVs)</td><td>Current medications - Antiretrovirals (ARVs)</td></tr><tr><td><a href="CodeSystem-concept-codes.html#concept-codes-HIV.46D.46DE550">HIV.D.DE550</a></td><td>Antiparasitics</td><td>Current medications - Antiparasitics</td></tr><tr><td><a href="CodeSystem-concept-codes.html#concept-codes-HIV.46D.46DE551">HIV.D.DE551</a></td><td>Antivirals</td><td>Current medications - Antivirals</td></tr><tr><td><a href="CodeSystem-concept-codes.html#concept-codes-HIV.46D.46DE552">HIV.D.DE552</a></td><td>Buprenorphine</td><td>Current medications - Buprenorphine</td></tr><tr><td><a href="CodeSystem-concept-codes.html#concept-codes-HIV.46D.46DE553">HIV.D.DE553</a></td><td>Co-trimoxazole preventive therapy (CPT)</td><td>Current medications - Co-trimoxazole preventive therapy (CPT)</td></tr><tr><td><a href="CodeSystem-concept-codes.html#concept-codes-HIV.46D.46DE554">HIV.D.DE554</a></td><td>Hormonal family planning method</td><td>Current medications - Hormonal family planning method</td></tr><tr><td><a href="CodeSystem-concept-codes.html#concept-codes-HIV.46D.46DE555">HIV.D.DE555</a></td><td>Methadone</td><td>Current medications - Methadone</td></tr><tr><td><a href="CodeSystem-concept-codes.html#concept-codes-HIV.46D.46DE556">HIV.D.DE556</a></td><td>PrEP to prevent HIV</td><td>Current medications - PrEP to prevent HIV</td></tr><tr><td><a href="CodeSystem-concept-codes.html#concept-codes-HIV.46D.46DE557">HIV.D.DE557</a></td><td>Other antibiotics</td><td>Current medications - Other antibiotics</td></tr><tr><td><a href="CodeSystem-concept-codes.html#concept-codes-HIV.46D.46DE558">HIV.D.DE558</a></td><td>Other medications</td><td>Current medications - Other medications</td></tr></table></li></ul></div>
  </text>
  <url value="http://fhir.org/guides/itech-uw/ValueSet/hiv-d-de538"/>
  <version value="0.3.0"/>
  <name value="CurrentmedicationsCodes"/>
  <title value="Current medications Codes"/>
  <status value="draft"/>
  <experimental value="false"/>
  <date value="2024-05-29T20:05:57+00:00"/>
  <publisher value="World Health Organization (WHO) "/>
  <contact>
    <telecom>
      <system value="url"/>
      <value value="https://www.who.int"/>
    </telecom>
  </contact>
  <description value="Codes representing possible values for the Current medications element"/>
  <jurisdiction>
    <coding>
      <system value="http://unstats.un.org/unsd/methods/m49/m49.htm"/>
      <code value="001"/>
    </coding>
  </jurisdiction>
  <immutable value="true"/>
  <compose>
    <include>
      <system value="http://fhir.org/guides/itech-uw/who-smart-hiv-dak/CodeSystem/concept-codes"/>
      <concept>
        <code value="HIV.D.DE538"/>
        <display value="No medications"/>
      </concept>
      <concept>
        <code value="HIV.D.DE539"/>
        <display value="Don't know of any current medications"/>
      </concept>
      <concept>
        <code value="HIV.D.DE540"/>
        <display value="Analgesic"/>
      </concept>
      <concept>
        <code value="HIV.D.DE541"/>
        <display value="Antacids"/>
      </concept>
      <concept>
        <code value="HIV.D.DE542"/>
        <display value="Antibiotics (broad-spectrum)"/>
      </concept>
      <concept>
        <code value="HIV.D.DE543"/>
        <display value="Anticonvulsive"/>
      </concept>
      <concept>
        <code value="HIV.D.DE544"/>
        <display value="Antidiabetic"/>
      </concept>
      <concept>
        <code value="HIV.D.DE545"/>
        <display value="Antifungals"/>
      </concept>
      <concept>
        <code value="HIV.D.DE546"/>
        <display value="Antihelmintic"/>
      </concept>
      <concept>
        <code value="HIV.D.DE547"/>
        <display value="Antihypertensive"/>
      </concept>
      <concept>
        <code value="HIV.D.DE548"/>
        <display value="Antimalarials"/>
      </concept>
      <concept>
        <code value="HIV.D.DE549"/>
        <display value="Antiretrovirals (ARVs)"/>
      </concept>
      <concept>
        <code value="HIV.D.DE550"/>
        <display value="Antiparasitics"/>
      </concept>
      <concept>
        <code value="HIV.D.DE551"/>
        <display value="Antivirals"/>
      </concept>
      <concept>
        <code value="HIV.D.DE552"/>
        <display value="Buprenorphine"/>
      </concept>
      <concept>
        <code value="HIV.D.DE553"/>
        <display value="Co-trimoxazole preventive therapy (CPT)"/>
      </concept>
      <concept>
        <code value="HIV.D.DE554"/>
        <display value="Hormonal family planning method"/>
      </concept>
      <concept>
        <code value="HIV.D.DE555"/>
        <display value="Methadone"/>
      </concept>
      <concept>
        <code value="HIV.D.DE556"/>
        <display value="PrEP to prevent HIV"/>
      </concept>
      <concept>
        <code value="HIV.D.DE557"/>
        <display value="Other antibiotics"/>
      </concept>
      <concept>
        <code value="HIV.D.DE558"/>
        <display value="Other medications"/>
      </concept>
    </include>
  </compose>
</ValueSet>