<?xml version="1.0" encoding="UTF-8"?>

<ValueSet xmlns="http://hl7.org/fhir">
  <id value="hiv-d-de86"/>
  <text>
    <status value="extensions"/><div xmlns="http://www.w3.org/1999/xhtml"><ul><li>Include these codes as defined in <a href="CodeSystem-concept-codes.html"><code>http://fhir.org/guides/itech-uw/who-smart-hiv-dak/CodeSystem/concept-codes</code></a><table class="none"><tr><td style="white-space:nowrap"><b>Code</b></td><td><b>Display</b></td><td><b>Definition</b></td></tr><tr><td><a href="CodeSystem-concept-codes.html#concept-codes-HIV.46D.46DE86">HIV.D.DE86</a></td><td>ATV/r</td><td>Protease inhibitors (PIs) - ATV/r</td></tr><tr><td><a href="CodeSystem-concept-codes.html#concept-codes-HIV.46D.46DE87">HIV.D.DE87</a></td><td>LPV/r</td><td>Protease inhibitors (PIs) - LPV/r</td></tr><tr><td><a href="CodeSystem-concept-codes.html#concept-codes-HIV.46D.46DE88">HIV.D.DE88</a></td><td>DRV/r</td><td>Protease inhibitors (PIs) - DRV/r</td></tr><tr><td><a href="CodeSystem-concept-codes.html#concept-codes-HIV.46D.46DE89">HIV.D.DE89</a></td><td>RTV</td><td>Protease inhibitors (PIs) - RTV</td></tr></table></li></ul></div>
  </text>
  <url value="http://fhir.org/guides/itech-uw/ValueSet/hiv-d-de86"/>
  <version value="0.3.0"/>
  <name value="ProteaseinhibitorsPIsCodes"/>
  <title value="Protease inhibitors (PIs) Codes"/>
  <status value="draft"/>
  <experimental value="false"/>
  <date value="2024-03-05T18:24:53+00:00"/>
  <publisher value="World Health Organization (WHO) "/>
  <contact>
    <telecom>
      <system value="url"/>
      <value value="https://www.who.int"/>
    </telecom>
  </contact>
  <description value="Codes representing possible values for the Protease inhibitors (PIs) element"/>
  <jurisdiction>
    <coding>
      <system value="http://unstats.un.org/unsd/methods/m49/m49.htm"/>
      <code value="001"/>
    </coding>
  </jurisdiction>
  <immutable value="true"/>
  <compose>
    <include>
      <system value="http://fhir.org/guides/itech-uw/who-smart-hiv-dak/CodeSystem/concept-codes"/>
      <concept>
        <code value="HIV.D.DE86"/>
        <display value="ATV/r"/>
      </concept>
      <concept>
        <code value="HIV.D.DE87"/>
        <display value="LPV/r"/>
      </concept>
      <concept>
        <code value="HIV.D.DE88"/>
        <display value="DRV/r"/>
      </concept>
      <concept>
        <code value="HIV.D.DE89"/>
        <display value="RTV"/>
      </concept>
    </include>
  </compose>
</ValueSet>