<?xml version="1.0" encoding="UTF-8"?>

<ValueSet xmlns="http://hl7.org/fhir">
  <id value="hiv-b-de99"/>
  <text>
    <status value="extensions"/><div xmlns="http://www.w3.org/1999/xhtml"><ul><li>Include these codes as defined in <a href="CodeSystem-concept-codes.html"><code>http://fhir.org/guides/itech-uw/who-smart-hiv-dak/CodeSystem/concept-codes</code></a><table class="none"><tr><td style="white-space:nowrap"><b>Code</b></td><td><b>Display</b></td><td><b>Definition</b></td></tr><tr><td><a href="CodeSystem-concept-codes.html#concept-codes-HIV.46B.46DE99">HIV.B.DE99</a></td><td>Reactive</td><td>Test result of HIV assay 2 - Reactive</td></tr><tr><td><a href="CodeSystem-concept-codes.html#concept-codes-HIV.46B.46DE100">HIV.B.DE100</a></td><td>Non-reactive</td><td>Test result of HIV assay 2 - Non-reactive</td></tr><tr><td><a href="CodeSystem-concept-codes.html#concept-codes-HIV.46B.46DE101">HIV.B.DE101</a></td><td>Invalid</td><td>Test result of HIV assay 2 - Invalid</td></tr><tr><td><a href="CodeSystem-concept-codes.html#concept-codes-HIV.46E.46DE205">HIV.E.DE205</a></td><td>Reactive</td><td>Test result of HIV assay 2 - Reactive</td></tr><tr><td><a href="CodeSystem-concept-codes.html#concept-codes-HIV.46E.46DE206">HIV.E.DE206</a></td><td>Non-reactive</td><td>Test result of HIV assay 2 - Non-reactive</td></tr><tr><td><a href="CodeSystem-concept-codes.html#concept-codes-HIV.46E.46DE207">HIV.E.DE207</a></td><td>Invalid</td><td>Test result of HIV assay 2 - Invalid</td></tr></table></li></ul></div>
  </text>
  <url value="http://fhir.org/guides/itech-uw/ValueSet/hiv-b-de99"/>
  <version value="0.3.0"/>
  <name value="TestresultofHIVassay2Codes"/>
  <title value="Test result of HIV assay 2 Codes"/>
  <status value="draft"/>
  <experimental value="false"/>
  <date value="2024-05-28T18:56:02+00:00"/>
  <publisher value="World Health Organization (WHO) "/>
  <contact>
    <telecom>
      <system value="url"/>
      <value value="https://www.who.int"/>
    </telecom>
  </contact>
  <description value="Codes representing possible values for the Test result of HIV assay 2 element"/>
  <jurisdiction>
    <coding>
      <system value="http://unstats.un.org/unsd/methods/m49/m49.htm"/>
      <code value="001"/>
    </coding>
  </jurisdiction>
  <immutable value="true"/>
  <compose>
    <include>
      <system value="http://fhir.org/guides/itech-uw/who-smart-hiv-dak/CodeSystem/concept-codes"/>
      <concept>
        <code value="HIV.B.DE99"/>
        <display value="Reactive"/>
      </concept>
      <concept>
        <code value="HIV.B.DE100"/>
        <display value="Non-reactive"/>
      </concept>
      <concept>
        <code value="HIV.B.DE101"/>
        <display value="Invalid"/>
      </concept>
      <concept>
        <code value="HIV.E.DE205"/>
        <display value="Reactive"/>
      </concept>
      <concept>
        <code value="HIV.E.DE206"/>
        <display value="Non-reactive"/>
      </concept>
      <concept>
        <code value="HIV.E.DE207"/>
        <display value="Invalid"/>
      </concept>
    </include>
  </compose>
</ValueSet>