<?xml version="1.0" encoding="UTF-8"?>

<ValueSet xmlns="http://hl7.org/fhir">
  <id value="hiv-d-de665"/>
  <text>
    <status value="extensions"/><div xmlns="http://www.w3.org/1999/xhtml"><ul><li>Include these codes as defined in <a href="CodeSystem-concept-codes.html"><code>http://fhir.org/guides/itech-uw/who-smart-hiv-dak/CodeSystem/concept-codes</code></a><table class="none"><tr><td style="white-space:nowrap"><b>Code</b></td><td><b>Display</b></td><td><b>Definition</b></td></tr><tr><td><a href="CodeSystem-concept-codes.html#concept-codes-HIV.46D.46DE665">HIV.D.DE665</a></td><td>Negative</td><td>HPV-DNA cervical cancer screening test result - Negative</td></tr><tr><td><a href="CodeSystem-concept-codes.html#concept-codes-HIV.46D.46DE666">HIV.D.DE666</a></td><td>Positive</td><td>HPV-DNA cervical cancer screening test result - Positive</td></tr><tr><td><a href="CodeSystem-concept-codes.html#concept-codes-HIV.46D.46DE667">HIV.D.DE667</a></td><td>Invalid</td><td>HPV-DNA cervical cancer screening test result - Invalid</td></tr></table></li></ul></div>
  </text>
  <url value="http://fhir.org/guides/itech-uw/ValueSet/hiv-d-de665"/>
  <version value="0.3.0"/>
  <name value="HPVDNAcervicalcancerscreeningtestresultCodes"/>
  <title value="HPV-DNA cervical cancer screening test result Codes"/>
  <status value="draft"/>
  <experimental value="false"/>
  <date value="2024-05-28T18:56:02+00:00"/>
  <publisher value="World Health Organization (WHO) "/>
  <contact>
    <telecom>
      <system value="url"/>
      <value value="https://www.who.int"/>
    </telecom>
  </contact>
  <description value="Codes representing possible values for the HPV-DNA cervical cancer screening test result element"/>
  <jurisdiction>
    <coding>
      <system value="http://unstats.un.org/unsd/methods/m49/m49.htm"/>
      <code value="001"/>
    </coding>
  </jurisdiction>
  <immutable value="true"/>
  <compose>
    <include>
      <system value="http://fhir.org/guides/itech-uw/who-smart-hiv-dak/CodeSystem/concept-codes"/>
      <concept>
        <code value="HIV.D.DE665"/>
        <display value="Negative"/>
      </concept>
      <concept>
        <code value="HIV.D.DE666"/>
        <display value="Positive"/>
      </concept>
      <concept>
        <code value="HIV.D.DE667"/>
        <display value="Invalid"/>
      </concept>
    </include>
  </compose>
</ValueSet>