<?xml version="1.0" encoding="UTF-8"?>

<ValueSet xmlns="http://hl7.org/fhir">
  <id value="hiv-h-de24"/>
  <text>
    <status value="extensions"/><div xmlns="http://www.w3.org/1999/xhtml"><ul><li>Include these codes as defined in <a href="CodeSystem-concept-codes.html"><code>http://fhir.org/guides/itech-uw/who-smart-hiv-dak/CodeSystem/concept-codes</code></a><table class="none"><tr><td style="white-space:nowrap"><b>Code</b></td><td><b>Display</b></td><td><b>Definition</b></td></tr><tr><td><a href="CodeSystem-concept-codes.html#concept-codes-HIV.46H.46DE24">HIV.H.DE24</a></td><td>Returning to clinic</td><td>Outcome from outreach attempt - Returning to clinic</td></tr><tr><td><a href="CodeSystem-concept-codes.html#concept-codes-HIV.46H.46DE25">HIV.H.DE25</a></td><td>Self-transferred out</td><td>Outcome from outreach attempt - Self-transferred out</td></tr><tr><td><a href="CodeSystem-concept-codes.html#concept-codes-HIV.46H.46DE26">HIV.H.DE26</a></td><td>Hospitalized</td><td>Outcome from outreach attempt - Hospitalized</td></tr><tr><td><a href="CodeSystem-concept-codes.html#concept-codes-HIV.46H.46DE27">HIV.H.DE27</a></td><td>Refused to return</td><td>Outcome from outreach attempt - Refused to return</td></tr><tr><td><a href="CodeSystem-concept-codes.html#concept-codes-HIV.46H.46DE28">HIV.H.DE28</a></td><td>Not located</td><td>Outcome from outreach attempt - Not located</td></tr><tr><td><a href="CodeSystem-concept-codes.html#concept-codes-HIV.46H.46DE29">HIV.H.DE29</a></td><td>Died (reported)</td><td>Outcome from outreach attempt - Died (reported)</td></tr></table></li></ul></div>
  </text>
  <url value="http://fhir.org/guides/itech-uw/ValueSet/hiv-h-de24"/>
  <version value="0.3.0"/>
  <name value="OutcomefromoutreachattemptCodes"/>
  <title value="Outcome from outreach attempt Codes"/>
  <status value="draft"/>
  <experimental value="false"/>
  <date value="2024-05-29T20:05:57+00:00"/>
  <publisher value="World Health Organization (WHO) "/>
  <contact>
    <telecom>
      <system value="url"/>
      <value value="https://www.who.int"/>
    </telecom>
  </contact>
  <description value="Codes representing possible values for the Outcome from outreach attempt element"/>
  <jurisdiction>
    <coding>
      <system value="http://unstats.un.org/unsd/methods/m49/m49.htm"/>
      <code value="001"/>
    </coding>
  </jurisdiction>
  <immutable value="true"/>
  <compose>
    <include>
      <system value="http://fhir.org/guides/itech-uw/who-smart-hiv-dak/CodeSystem/concept-codes"/>
      <concept>
        <code value="HIV.H.DE24"/>
        <display value="Returning to clinic"/>
      </concept>
      <concept>
        <code value="HIV.H.DE25"/>
        <display value="Self-transferred out"/>
      </concept>
      <concept>
        <code value="HIV.H.DE26"/>
        <display value="Hospitalized"/>
      </concept>
      <concept>
        <code value="HIV.H.DE27"/>
        <display value="Refused to return"/>
      </concept>
      <concept>
        <code value="HIV.H.DE28"/>
        <display value="Not located"/>
      </concept>
      <concept>
        <code value="HIV.H.DE29"/>
        <display value="Died (reported)"/>
      </concept>
    </include>
  </compose>
</ValueSet>