<?xml version="1.0" encoding="UTF-8"?>

<ValueSet xmlns="http://hl7.org/fhir">
  <id value="hiv-b-de115"/>
  <text>
    <status value="extensions"/><div xmlns="http://www.w3.org/1999/xhtml"><ul><li>Include these codes as defined in <a href="CodeSystem-concept-codes.html"><code>http://fhir.org/guides/itech-uw/who-smart-hiv-dak/CodeSystem/concept-codes</code></a><table class="none"><tr><td style="white-space:nowrap"><b>Code</b></td><td><b>Display</b></td><td><b>Definition</b></td></tr><tr><td><a href="CodeSystem-concept-codes.html#concept-codes-HIV.46B.46DE115">HIV.B.DE115</a></td><td>Sexual transmission</td><td>HIV probable route of transmission* - Sexual transmission</td></tr><tr><td><a href="CodeSystem-concept-codes.html#concept-codes-HIV.46B.46DE116">HIV.B.DE116</a></td><td>Transmission through sharing of needles and syringes</td><td>HIV probable route of transmission* - Transmission through sharing of needles and syringes</td></tr><tr><td><a href="CodeSystem-concept-codes.html#concept-codes-HIV.46B.46DE117">HIV.B.DE117</a></td><td>Mother-to-child transmission</td><td>HIV probable route of transmission* - Mother-to-child transmission</td></tr><tr><td><a href="CodeSystem-concept-codes.html#concept-codes-HIV.46B.46DE118">HIV.B.DE118</a></td><td>Transmission through blood transfusion</td><td>HIV probable route of transmission* - Transmission through blood transfusion</td></tr></table></li></ul></div>
  </text>
  <url value="http://fhir.org/guides/itech-uw/ValueSet/hiv-b-de115"/>
  <version value="0.3.0"/>
  <name value="HIVprobablerouteoftransmission*Codes"/>
  <title value="HIV probable route of transmission* Codes"/>
  <status value="draft"/>
  <experimental value="false"/>
  <date value="2024-03-05T18:24:53+00:00"/>
  <publisher value="World Health Organization (WHO) "/>
  <contact>
    <telecom>
      <system value="url"/>
      <value value="https://www.who.int"/>
    </telecom>
  </contact>
  <description value="Codes representing possible values for the HIV probable route of transmission* element"/>
  <jurisdiction>
    <coding>
      <system value="http://unstats.un.org/unsd/methods/m49/m49.htm"/>
      <code value="001"/>
    </coding>
  </jurisdiction>
  <immutable value="true"/>
  <compose>
    <include>
      <system value="http://fhir.org/guides/itech-uw/who-smart-hiv-dak/CodeSystem/concept-codes"/>
      <concept>
        <code value="HIV.B.DE115"/>
        <display value="Sexual transmission"/>
      </concept>
      <concept>
        <code value="HIV.B.DE116"/>
        <display value="Transmission through sharing of needles and syringes"/>
      </concept>
      <concept>
        <code value="HIV.B.DE117"/>
        <display value="Mother-to-child transmission"/>
      </concept>
      <concept>
        <code value="HIV.B.DE118"/>
        <display value="Transmission through blood transfusion"/>
      </concept>
    </include>
  </compose>
</ValueSet>