<?xml version="1.0" encoding="UTF-8"?>

<ValueSet xmlns="http://hl7.org/fhir">
  <id value="hiv-d-de707"/>
  <text>
    <status value="extensions"/><div xmlns="http://www.w3.org/1999/xhtml"><p>This value set includes codes based on the following rules:</p><ul><li>Include these codes as defined in <a href="http://www.snomed.org/"><code>http://snomed.info/sct</code></a><table class="none"><tr><td style="white-space:nowrap"><b>Code</b></td><td><b>Display</b></td></tr><tr><td><a href="http://snomed.info/id/3457005">3457005</a></td><td style="color: #cccccc">Patient referral</td></tr></table></li><li>Include these codes as defined in <a href="CodeSystem-concept-codes.html"><code>http://fhir.org/guides/itech-uw/who-smart-hiv-dak/CodeSystem/concept-codes</code></a><table class="none"><tr><td style="white-space:nowrap"><b>Code</b></td><td><b>Display</b></td><td><b>Definition</b></td></tr><tr><td><a href="CodeSystem-concept-codes.html#concept-codes-QB14">QB14</a></td><td>Stock out</td><td>Reason malaria prophylaxis not provided - Stock out</td></tr><tr><td><a href="CodeSystem-concept-codes.html#concept-codes-notclassifiable">not classifiable</a></td><td>Other reason not prescribed (specify)</td><td>Reason malaria prophylaxis not provided - Other reason not prescribed (specify)</td></tr></table></li></ul></div>
  </text>
  <url value="http://fhir.org/guides/itech-uw/ValueSet/hiv-d-de707"/>
  <version value="0.3.0"/>
  <name value="ReasonmalariaprophylaxisnotprovidedCodes"/>
  <title value="Reason malaria prophylaxis not provided Codes"/>
  <status value="draft"/>
  <experimental value="false"/>
  <date value="2024-03-05T18:24:53+00:00"/>
  <publisher value="World Health Organization (WHO) "/>
  <contact>
    <telecom>
      <system value="url"/>
      <value value="https://www.who.int"/>
    </telecom>
  </contact>
  <description value="Codes representing possible values for the Reason malaria prophylaxis not provided element"/>
  <jurisdiction>
    <coding>
      <system value="http://unstats.un.org/unsd/methods/m49/m49.htm"/>
      <code value="001"/>
    </coding>
  </jurisdiction>
  <immutable value="true"/>
  <compose>
    <include>
      <system value="http://snomed.info/sct"/>
      <concept>
        <code value="3457005"/>
      </concept>
    </include>
    <include>
      <system value="http://fhir.org/guides/itech-uw/who-smart-hiv-dak/CodeSystem/concept-codes"/>
      <concept>
        <code value="QB14"/>
        <display value="Stock out"/>
      </concept>
      <concept>
        <code value="not classifiable"/>
        <display value="Other reason not prescribed (specify)"/>
      </concept>
    </include>
  </compose>
</ValueSet>