<?xml version="1.0" encoding="UTF-8"?>

<ValueSet xmlns="http://hl7.org/fhir">
  <id value="hiv-d-de72"/>
  <text>
    <status value="extensions"/><div xmlns="http://www.w3.org/1999/xhtml"><ul><li>Include these codes as defined in <a href="CodeSystem-concept-codes.html"><code>http://fhir.org/guides/itech-uw/who-smart-hiv-dak/CodeSystem/concept-codes</code></a><table class="none"><tr><td style="white-space:nowrap"><b>Code</b></td><td><b>Display</b></td><td><b>Definition</b></td></tr><tr><td><a href="CodeSystem-concept-codes.html#concept-codes-HIV.46D.46DE72">HIV.D.DE72</a></td><td>ABC</td><td>Nucleoside reverse transcriptase inhibitors (NRTIs) - ABC</td></tr><tr><td><a href="CodeSystem-concept-codes.html#concept-codes-HIV.46D.46DE73">HIV.D.DE73</a></td><td>FTC</td><td>Nucleoside reverse transcriptase inhibitors (NRTIs) - FTC</td></tr><tr><td><a href="CodeSystem-concept-codes.html#concept-codes-HIV.46D.46DE74">HIV.D.DE74</a></td><td>3TC</td><td>Nucleoside reverse transcriptase inhibitors (NRTIs) - 3TC</td></tr><tr><td><a href="CodeSystem-concept-codes.html#concept-codes-HIV.46D.46DE75">HIV.D.DE75</a></td><td>AZT</td><td>Nucleoside reverse transcriptase inhibitors (NRTIs) - AZT</td></tr><tr><td><a href="CodeSystem-concept-codes.html#concept-codes-HIV.46D.46DE76">HIV.D.DE76</a></td><td>DDI</td><td>Nucleoside reverse transcriptase inhibitors (NRTIs) - DDI</td></tr><tr><td><a href="CodeSystem-concept-codes.html#concept-codes-HIV.46D.46DE77">HIV.D.DE77</a></td><td>D4T</td><td>Nucleoside reverse transcriptase inhibitors (NRTIs) - D4T</td></tr></table></li></ul></div>
  </text>
  <url value="http://fhir.org/guides/itech-uw/ValueSet/hiv-d-de72"/>
  <version value="0.3.0"/>
  <name value="NucleosidereversetranscriptaseinhibitorsNRTIsCodes"/>
  <title value="Nucleoside reverse transcriptase inhibitors (NRTIs) Codes"/>
  <status value="draft"/>
  <experimental value="false"/>
  <date value="2024-03-05T18:24:53+00:00"/>
  <publisher value="World Health Organization (WHO) "/>
  <contact>
    <telecom>
      <system value="url"/>
      <value value="https://www.who.int"/>
    </telecom>
  </contact>
  <description value="Codes representing possible values for the Nucleoside reverse transcriptase inhibitors (NRTIs) element"/>
  <jurisdiction>
    <coding>
      <system value="http://unstats.un.org/unsd/methods/m49/m49.htm"/>
      <code value="001"/>
    </coding>
  </jurisdiction>
  <immutable value="true"/>
  <compose>
    <include>
      <system value="http://fhir.org/guides/itech-uw/who-smart-hiv-dak/CodeSystem/concept-codes"/>
      <concept>
        <code value="HIV.D.DE72"/>
        <display value="ABC"/>
      </concept>
      <concept>
        <code value="HIV.D.DE73"/>
        <display value="FTC"/>
      </concept>
      <concept>
        <code value="HIV.D.DE74"/>
        <display value="3TC"/>
      </concept>
      <concept>
        <code value="HIV.D.DE75"/>
        <display value="AZT"/>
      </concept>
      <concept>
        <code value="HIV.D.DE76"/>
        <display value="DDI"/>
      </concept>
      <concept>
        <code value="HIV.D.DE77"/>
        <display value="D4T"/>
      </concept>
    </include>
  </compose>
</ValueSet>