<?xml version="1.0" encoding="UTF-8"?>

<ValueSet xmlns="http://hl7.org/fhir">
  <id value="hiv-b-de302"/>
  <text>
    <status value="extensions"/><div xmlns="http://www.w3.org/1999/xhtml"><ul><li>Include these codes as defined in <a href="CodeSystem-concept-codes.html"><code>http://fhir.org/guides/itech-uw/who-smart-hiv-dak/CodeSystem/concept-codes</code></a><table class="none"><tr><td style="white-space:nowrap"><b>Code</b></td><td><b>Display</b></td><td><b>Definition</b></td></tr><tr><td><a href="CodeSystem-concept-codes.html#concept-codes-HIV.46B.46DE302">HIV.B.DE302</a></td><td>NAAT</td><td>Herpes simplex virus (HSV) test type - NAAT</td></tr><tr><td><a href="CodeSystem-concept-codes.html#concept-codes-HIV.46B.46DE303">HIV.B.DE303</a></td><td>Antibody test</td><td>Herpes simplex virus (HSV) test type - Antibody test</td></tr><tr><td><a href="CodeSystem-concept-codes.html#concept-codes-HIV.46B.46DE304">HIV.B.DE304</a></td><td>Other</td><td>Herpes simplex virus (HSV) test type - Other</td></tr><tr><td><a href="CodeSystem-concept-codes.html#concept-codes-HIV.46D.46DE854">HIV.D.DE854</a></td><td>NAAT</td><td>Herpes simplex virus (HSV) test type - NAAT</td></tr><tr><td><a href="CodeSystem-concept-codes.html#concept-codes-HIV.46D.46DE855">HIV.D.DE855</a></td><td>Antibody test</td><td>Herpes simplex virus (HSV) test type - Antibody test</td></tr><tr><td><a href="CodeSystem-concept-codes.html#concept-codes-HIV.46D.46DE856">HIV.D.DE856</a></td><td>Other</td><td>Herpes simplex virus (HSV) test type - Other</td></tr></table></li></ul></div>
  </text>
  <url value="http://fhir.org/guides/itech-uw/ValueSet/hiv-b-de302"/>
  <version value="0.3.0"/>
  <name value="HerpessimplexvirusHSVtesttypeCodes"/>
  <title value="Herpes simplex virus (HSV) test type Codes"/>
  <status value="draft"/>
  <experimental value="false"/>
  <date value="2024-05-29T20:05:57+00:00"/>
  <publisher value="World Health Organization (WHO) "/>
  <contact>
    <telecom>
      <system value="url"/>
      <value value="https://www.who.int"/>
    </telecom>
  </contact>
  <description value="Codes representing possible values for the Herpes simplex virus (HSV) test type element"/>
  <jurisdiction>
    <coding>
      <system value="http://unstats.un.org/unsd/methods/m49/m49.htm"/>
      <code value="001"/>
    </coding>
  </jurisdiction>
  <immutable value="true"/>
  <compose>
    <include>
      <system value="http://fhir.org/guides/itech-uw/who-smart-hiv-dak/CodeSystem/concept-codes"/>
      <concept>
        <code value="HIV.B.DE302"/>
        <display value="NAAT"/>
      </concept>
      <concept>
        <code value="HIV.B.DE303"/>
        <display value="Antibody test"/>
      </concept>
      <concept>
        <code value="HIV.B.DE304"/>
        <display value="Other"/>
      </concept>
      <concept>
        <code value="HIV.D.DE854"/>
        <display value="NAAT"/>
      </concept>
      <concept>
        <code value="HIV.D.DE855"/>
        <display value="Antibody test"/>
      </concept>
      <concept>
        <code value="HIV.D.DE856"/>
        <display value="Other"/>
      </concept>
    </include>
  </compose>
</ValueSet>