<?xml version="1.0" encoding="UTF-8"?>

<ValueSet xmlns="http://hl7.org/fhir">
  <id value="hiv-e-de260"/>
  <text>
    <status value="extensions"/><div xmlns="http://www.w3.org/1999/xhtml"><ul><li>Include these codes as defined in <a href="CodeSystem-concept-codes.html"><code>http://fhir.org/guides/itech-uw/who-smart-hiv-dak/CodeSystem/concept-codes</code></a><table class="none"><tr><td style="white-space:nowrap"><b>Code</b></td><td><b>Display</b></td><td><b>Definition</b></td></tr><tr><td><a href="CodeSystem-concept-codes.html#concept-codes-HIV.46E.46DE260">HIV.E.DE260</a></td><td>0</td><td>Urine protein test result - 0</td></tr><tr><td><a href="CodeSystem-concept-codes.html#concept-codes-HIV.46E.46DE261">HIV.E.DE261</a></td><td>+</td><td>Urine protein test result - +</td></tr><tr><td><a href="CodeSystem-concept-codes.html#concept-codes-HIV.46E.46DE262">HIV.E.DE262</a></td><td>++</td><td>Urine protein test result - ++</td></tr><tr><td><a href="CodeSystem-concept-codes.html#concept-codes-HIV.46E.46DE263">HIV.E.DE263</a></td><td>+++</td><td>Urine protein test result - +++</td></tr></table></li></ul></div>
  </text>
  <url value="http://fhir.org/guides/itech-uw/ValueSet/hiv-e-de260"/>
  <version value="0.3.0"/>
  <name value="UrineproteintestresultCodes"/>
  <title value="Urine protein test result Codes"/>
  <status value="draft"/>
  <experimental value="false"/>
  <date value="2024-05-28T18:56:02+00:00"/>
  <publisher value="World Health Organization (WHO) "/>
  <contact>
    <telecom>
      <system value="url"/>
      <value value="https://www.who.int"/>
    </telecom>
  </contact>
  <description value="Codes representing possible values for the Urine protein test result element"/>
  <jurisdiction>
    <coding>
      <system value="http://unstats.un.org/unsd/methods/m49/m49.htm"/>
      <code value="001"/>
    </coding>
  </jurisdiction>
  <immutable value="true"/>
  <compose>
    <include>
      <system value="http://fhir.org/guides/itech-uw/who-smart-hiv-dak/CodeSystem/concept-codes"/>
      <concept>
        <code value="HIV.E.DE260"/>
        <display value="0"/>
      </concept>
      <concept>
        <code value="HIV.E.DE261"/>
        <display value="+"/>
      </concept>
      <concept>
        <code value="HIV.E.DE262"/>
        <display value="++"/>
      </concept>
      <concept>
        <code value="HIV.E.DE263"/>
        <display value="+++"/>
      </concept>
    </include>
  </compose>
</ValueSet>