<?xml version="1.0" encoding="UTF-8"?>

<ValueSet xmlns="http://hl7.org/fhir">
  <id value="hiv-d-de18"/>
  <text>
    <status value="extensions"/><div xmlns="http://www.w3.org/1999/xhtml"><ul><li>Include these codes as defined in <a href="CodeSystem-concept-codes.html"><code>http://fhir.org/guides/itech-uw/who-smart-hiv-dak/CodeSystem/concept-codes</code></a><table class="none"><tr><td style="white-space:nowrap"><b>Code</b></td><td><b>Display</b></td><td><b>Definition</b></td></tr><tr><td><a href="CodeSystem-concept-codes.html#concept-codes-HIV.46D.46DE18">HIV.D.DE18</a></td><td>Fever of 39 C or greater</td><td>Signs of serious illness - Fever of 39 C or greater</td></tr><tr><td><a href="CodeSystem-concept-codes.html#concept-codes-HIV.46D.46DE19">HIV.D.DE19</a></td><td>Tachycardia</td><td>Signs of serious illness - Tachycardia</td></tr><tr><td><a href="CodeSystem-concept-codes.html#concept-codes-HIV.46D.46DE20">HIV.D.DE20</a></td><td>Tachypnea</td><td>Signs of serious illness - Tachypnea</td></tr><tr><td><a href="CodeSystem-concept-codes.html#concept-codes-HIV.46D.46DE21">HIV.D.DE21</a></td><td>Unable to walk unaided</td><td>Signs of serious illness - Unable to walk unaided</td></tr><tr><td><a href="CodeSystem-concept-codes.html#concept-codes-HIV.46D.46DE22">HIV.D.DE22</a></td><td>Lethargy</td><td>Signs of serious illness - Lethargy</td></tr><tr><td><a href="CodeSystem-concept-codes.html#concept-codes-HIV.46D.46DE23">HIV.D.DE23</a></td><td>Unconsciousness</td><td>Signs of serious illness - Unconsciousness</td></tr><tr><td><a href="CodeSystem-concept-codes.html#concept-codes-HIV.46D.46DE24">HIV.D.DE24</a></td><td>Convulsions</td><td>Signs of serious illness - Convulsions</td></tr><tr><td><a href="CodeSystem-concept-codes.html#concept-codes-HIV.46D.46DE25">HIV.D.DE25</a></td><td>Unable to drink</td><td>Signs of serious illness - Unable to drink</td></tr><tr><td><a href="CodeSystem-concept-codes.html#concept-codes-HIV.46D.46DE26">HIV.D.DE26</a></td><td>Unable to breastfeed</td><td>Signs of serious illness - Unable to breastfeed</td></tr><tr><td><a href="CodeSystem-concept-codes.html#concept-codes-HIV.46D.46DE27">HIV.D.DE27</a></td><td>Repeated vomiting</td><td>Signs of serious illness - Repeated vomiting</td></tr><tr><td><a href="CodeSystem-concept-codes.html#concept-codes-HIV.46D.46DE28">HIV.D.DE28</a></td><td>Headache</td><td>Signs of serious illness - Headache</td></tr><tr><td><a href="CodeSystem-concept-codes.html#concept-codes-HIV.46D.46DE29">HIV.D.DE29</a></td><td>Other sign of serious illness</td><td>Signs of serious illness - Other sign of serious illness</td></tr></table></li></ul></div>
  </text>
  <url value="http://fhir.org/guides/itech-uw/ValueSet/hiv-d-de18"/>
  <version value="0.3.0"/>
  <name value="SignsofseriousillnessCodes"/>
  <title value="Signs of serious illness Codes"/>
  <status value="draft"/>
  <experimental value="false"/>
  <date value="2024-05-29T19:37:49+00:00"/>
  <publisher value="World Health Organization (WHO) "/>
  <contact>
    <telecom>
      <system value="url"/>
      <value value="https://www.who.int"/>
    </telecom>
  </contact>
  <description value="Codes representing possible values for the Signs of serious illness element"/>
  <jurisdiction>
    <coding>
      <system value="http://unstats.un.org/unsd/methods/m49/m49.htm"/>
      <code value="001"/>
    </coding>
  </jurisdiction>
  <immutable value="true"/>
  <compose>
    <include>
      <system value="http://fhir.org/guides/itech-uw/who-smart-hiv-dak/CodeSystem/concept-codes"/>
      <concept>
        <code value="HIV.D.DE18"/>
        <display value="Fever of 39 C or greater"/>
      </concept>
      <concept>
        <code value="HIV.D.DE19"/>
        <display value="Tachycardia"/>
      </concept>
      <concept>
        <code value="HIV.D.DE20"/>
        <display value="Tachypnea"/>
      </concept>
      <concept>
        <code value="HIV.D.DE21"/>
        <display value="Unable to walk unaided"/>
      </concept>
      <concept>
        <code value="HIV.D.DE22"/>
        <display value="Lethargy"/>
      </concept>
      <concept>
        <code value="HIV.D.DE23"/>
        <display value="Unconsciousness"/>
      </concept>
      <concept>
        <code value="HIV.D.DE24"/>
        <display value="Convulsions"/>
      </concept>
      <concept>
        <code value="HIV.D.DE25"/>
        <display value="Unable to drink"/>
      </concept>
      <concept>
        <code value="HIV.D.DE26"/>
        <display value="Unable to breastfeed"/>
      </concept>
      <concept>
        <code value="HIV.D.DE27"/>
        <display value="Repeated vomiting"/>
      </concept>
      <concept>
        <code value="HIV.D.DE28"/>
        <display value="Headache"/>
      </concept>
      <concept>
        <code value="HIV.D.DE29"/>
        <display value="Other sign of serious illness"/>
      </concept>
    </include>
  </compose>
</ValueSet>