{
  "resourceType" : "CodeSystem",
  "id" : "HIV.A",
  "text" : {
    "status" : "generated",
    "div" : "<div xmlns=\"http://www.w3.org/1999/xhtml\"><p>This case-insensitive code system <code>http://worldhealthorganization.github.io/smart/CodeSystem/HIV.A</code> defines the following codes:</p><table class=\"codes\"><tr><td style=\"white-space:nowrap\"><b>Code</b></td><td><b>Display</b></td><td><b>Definition</b></td></tr><tr><td style=\"white-space:nowrap\">DE1<a name=\"HIV.A-DE1\"> </a></td><td>First name</td><td>Client's first or given name</td></tr><tr><td style=\"white-space:nowrap\">DE2<a name=\"HIV.A-DE2\"> </a></td><td>Family name</td><td>Client's family name or last name</td></tr><tr><td style=\"white-space:nowrap\">DE3<a name=\"HIV.A-DE3\"> </a></td><td>Visit date</td><td>The date and time of the client's visit</td></tr><tr><td style=\"white-space:nowrap\">DE4<a name=\"HIV.A-DE4\"> </a></td><td>Referral</td><td>If client was referred for care</td></tr><tr><td style=\"white-space:nowrap\">DE5<a name=\"HIV.A-DE5\"> </a></td><td>Referred by</td><td>How the client was referred</td></tr><tr><td style=\"white-space:nowrap\">DE6<a name=\"HIV.A-DE6\"> </a></td><td>Community</td><td>Referred by the community level services</td></tr><tr><td style=\"white-space:nowrap\">DE7<a name=\"HIV.A-DE7\"> </a></td><td>Facility</td><td>Referred by the health facility</td></tr><tr><td style=\"white-space:nowrap\">DE8<a name=\"HIV.A-DE8\"> </a></td><td>Unique identifier</td><td>Unique identifier generated for new clients or a universal ID, if used in the country</td></tr><tr><td style=\"white-space:nowrap\">DE9<a name=\"HIV.A-DE9\"> </a></td><td>National ID</td><td>National unique identifier assigned to the client, if used in the country</td></tr><tr><td style=\"white-space:nowrap\">DE10<a name=\"HIV.A-DE10\"> </a></td><td>National health ID</td><td>National health unique identifier assigned to the client, if used in the country</td></tr><tr><td style=\"white-space:nowrap\">DE11<a name=\"HIV.A-DE11\"> </a></td><td>National programme ID</td><td>National programme unique identifier assigned to the client, if used in the country</td></tr><tr><td style=\"white-space:nowrap\">DE12<a name=\"HIV.A-DE12\"> </a></td><td>National health insurance ID</td><td>National health insurance unique identifier assigned to the client, if used in the country</td></tr><tr><td style=\"white-space:nowrap\">DE13<a name=\"HIV.A-DE13\"> </a></td><td>Country of birth</td><td>Country where the client was born</td></tr><tr><td style=\"white-space:nowrap\">DE14<a name=\"HIV.A-DE14\"> </a></td><td>Date of birth</td><td>The client's date of birth (DOB) if known</td></tr><tr><td style=\"white-space:nowrap\">DE15<a name=\"HIV.A-DE15\"> </a></td><td>Date of birth unknown</td><td>Is the client's DOB is unknown?</td></tr><tr><td style=\"white-space:nowrap\">DE16<a name=\"HIV.A-DE16\"> </a></td><td>Estimated age</td><td>If DOB is unknown, enter the client's estimated age. Display client's age in number of years.</td></tr><tr><td style=\"white-space:nowrap\">DE17<a name=\"HIV.A-DE17\"> </a></td><td>Age</td><td>Calculated age (number of years) of the client based on date of birth</td></tr><tr><td style=\"white-space:nowrap\">DE18<a name=\"HIV.A-DE18\"> </a></td><td>Gender*</td><td>Gender of the client*</td></tr><tr><td style=\"white-space:nowrap\">DE19<a name=\"HIV.A-DE19\"> </a></td><td>Female</td><td>Client identifies as female</td></tr><tr><td style=\"white-space:nowrap\">DE20<a name=\"HIV.A-DE20\"> </a></td><td>Male</td><td>Client identifies as male</td></tr><tr><td style=\"white-space:nowrap\">DE21<a name=\"HIV.A-DE21\"> </a></td><td>Transgender male</td><td>Client identifies as transgender male</td></tr><tr><td style=\"white-space:nowrap\">DE22<a name=\"HIV.A-DE22\"> </a></td><td>Transgender female</td><td>Client identifies as transgender female</td></tr><tr><td style=\"white-space:nowrap\">DE23<a name=\"HIV.A-DE23\"> </a></td><td>Other</td><td>Additional category</td></tr><tr><td style=\"white-space:nowrap\">DE24<a name=\"HIV.A-DE24\"> </a></td><td>Other (specify)</td><td>Additional category (please specify)</td></tr><tr><td style=\"white-space:nowrap\">DE25<a name=\"HIV.A-DE25\"> </a></td><td>Sex</td><td>Sex of the client assigned at birth</td></tr><tr><td style=\"white-space:nowrap\">DE26<a name=\"HIV.A-DE26\"> </a></td><td>Female</td><td>Client identifies as female</td></tr><tr><td style=\"white-space:nowrap\">DE27<a name=\"HIV.A-DE27\"> </a></td><td>Male</td><td>Client identifies as male</td></tr><tr><td style=\"white-space:nowrap\">DE28<a name=\"HIV.A-DE28\"> </a></td><td>Other</td><td>Client identifies in non-binary way or as a sexual and gender minority (or minorities)</td></tr><tr><td style=\"white-space:nowrap\">DE29<a name=\"HIV.A-DE29\"> </a></td><td>Address</td><td>Client's home address or address which the client is consenting to disclose</td></tr><tr><td style=\"white-space:nowrap\">DE30<a name=\"HIV.A-DE30\"> </a></td><td>Marital Status</td><td>Client's current marital status </td></tr><tr><td style=\"white-space:nowrap\">DE31<a name=\"HIV.A-DE31\"> </a></td><td>Unmarried</td><td>Client does not have an active marriage contract</td></tr><tr><td style=\"white-space:nowrap\">DE32<a name=\"HIV.A-DE32\"> </a></td><td>Never married</td><td>Client has never entered into a marriage contract</td></tr><tr><td style=\"white-space:nowrap\">DE33<a name=\"HIV.A-DE33\"> </a></td><td>Married</td><td>A current marriage contract is active</td></tr><tr><td style=\"white-space:nowrap\">DE34<a name=\"HIV.A-DE34\"> </a></td><td>Polygamous</td><td>Client is in a polygamous union</td></tr><tr><td style=\"white-space:nowrap\">DE35<a name=\"HIV.A-DE35\"> </a></td><td>Divorced </td><td>Client is divorced, whereby marriage contract has been declared dissolved and inactive</td></tr><tr><td style=\"white-space:nowrap\">DE36<a name=\"HIV.A-DE36\"> </a></td><td>Widowed</td><td>Client's spouse has died</td></tr><tr><td style=\"white-space:nowrap\">DE37<a name=\"HIV.A-DE37\"> </a></td><td>Unknown</td><td>Client does not wish to disclose marital status</td></tr><tr><td style=\"white-space:nowrap\">DE38<a name=\"HIV.A-DE38\"> </a></td><td>Domestic partner</td><td>Client reports that they are in a domestic partnership</td></tr><tr><td style=\"white-space:nowrap\">DE39<a name=\"HIV.A-DE39\"> </a></td><td>Annulled</td><td>Client's marriage contract has been declared null and to have not existed</td></tr><tr><td style=\"white-space:nowrap\">DE40<a name=\"HIV.A-DE40\"> </a></td><td>Legally separated</td><td>Client is legally separated from their spouse</td></tr><tr><td style=\"white-space:nowrap\">DE41<a name=\"HIV.A-DE41\"> </a></td><td>Interlocutory</td><td>Client is subject to an interlocutory decree</td></tr><tr><td style=\"white-space:nowrap\">DE42<a name=\"HIV.A-DE42\"> </a></td><td>Telephone number</td><td>Client's telephone number (a landline or a mobile phone number)</td></tr><tr><td style=\"white-space:nowrap\">DE43<a name=\"HIV.A-DE43\"> </a></td><td>[Administrative Area]</td><td>This should be a context-specific list of administrative areas, such as villages, districts, etc. The purpose of this data element is to allow for grouping and flagging of client data to a particular facility's catchment area. This can be input into the system by the end user OR it can be automated in the database based on the end user's attributes.</td></tr><tr><td style=\"white-space:nowrap\">DE44<a name=\"HIV.A-DE44\"> </a></td><td>Communication consent</td><td>Indication that client gave consent to be contacted</td></tr><tr><td style=\"white-space:nowrap\">DE45<a name=\"HIV.A-DE45\"> </a></td><td>Reminder messages</td><td>Whether client wants to receive text or other messages as follow-up for HIV services</td></tr><tr><td style=\"white-space:nowrap\">DE46<a name=\"HIV.A-DE46\"> </a></td><td>Communication preference(s)</td><td>How the client would like to receive family planning communications</td></tr><tr><td style=\"white-space:nowrap\">DE47<a name=\"HIV.A-DE47\"> </a></td><td>Text message/SMS</td><td>The client would like to receive communications via Text message/SMS</td></tr><tr><td style=\"white-space:nowrap\">DE48<a name=\"HIV.A-DE48\"> </a></td><td>Voice call</td><td>Client would like to receive communications via voice call</td></tr><tr><td style=\"white-space:nowrap\">DE49<a name=\"HIV.A-DE49\"> </a></td><td>Client's email</td><td>Client's primary email account where the client can be contacted</td></tr><tr><td style=\"white-space:nowrap\">DE50<a name=\"HIV.A-DE50\"> </a></td><td>Alternate contact's name</td><td>Name of an alternate contact, which could be next of kin (e.g. partner, husband, mother, sibling, etc.). The alternate contact would be used in the case of an emergency situation.</td></tr><tr><td style=\"white-space:nowrap\">DE51<a name=\"HIV.A-DE51\"> </a></td><td>Alternate contact's phone number</td><td>Phone number of the alternate contact</td></tr><tr><td style=\"white-space:nowrap\">DE52<a name=\"HIV.A-DE52\"> </a></td><td>Alternate contact's address</td><td>Alternate contact's home address or address which the client is consenting to disclose</td></tr><tr><td style=\"white-space:nowrap\">DE53<a name=\"HIV.A-DE53\"> </a></td><td>Alternate contact relationship</td><td>The alternate contact's relationship to the client (e.g. partner, husband, mother, sibling, etc.)</td></tr></table></div>"
  },
  "url" : "http://worldhealthorganization.github.io/smart/CodeSystem/HIV.A",
  "version" : "0.1.0",
  "name" : "HIV_A",
  "title" : "HIV.A  Registration CodeSystem",
  "status" : "draft",
  "experimental" : false,
  "date" : "2023-12-10T23:19:38+00:00",
  "publisher" : "WHO",
  "contact" : [{
    "name" : "WHO",
    "telecom" : [{
      "system" : "url",
      "value" : "http://who.int"
    }]
  }],
  "description" : "CodeSystem for HIV.A  Registration Data Elements",
  "caseSensitive" : false,
  "content" : "complete",
  "count" : 53,
  "concept" : [{
    "code" : "DE1",
    "display" : "First name",
    "definition" : "Client's first or given name"
  },
  {
    "code" : "DE2",
    "display" : "Family name",
    "definition" : "Client's family name or last name"
  },
  {
    "code" : "DE3",
    "display" : "Visit date",
    "definition" : "The date and time of the client's visit"
  },
  {
    "code" : "DE4",
    "display" : "Referral",
    "definition" : "If client was referred for care"
  },
  {
    "code" : "DE5",
    "display" : "Referred by",
    "definition" : "How the client was referred"
  },
  {
    "code" : "DE6",
    "display" : "Community",
    "definition" : "Referred by the community level services"
  },
  {
    "code" : "DE7",
    "display" : "Facility",
    "definition" : "Referred by the health facility"
  },
  {
    "code" : "DE8",
    "display" : "Unique identifier",
    "definition" : "Unique identifier generated for new clients or a universal ID, if used in the country"
  },
  {
    "code" : "DE9",
    "display" : "National ID",
    "definition" : "National unique identifier assigned to the client, if used in the country"
  },
  {
    "code" : "DE10",
    "display" : "National health ID",
    "definition" : "National health unique identifier assigned to the client, if used in the country"
  },
  {
    "code" : "DE11",
    "display" : "National programme ID",
    "definition" : "National programme unique identifier assigned to the client, if used in the country"
  },
  {
    "code" : "DE12",
    "display" : "National health insurance ID",
    "definition" : "National health insurance unique identifier assigned to the client, if used in the country"
  },
  {
    "code" : "DE13",
    "display" : "Country of birth",
    "definition" : "Country where the client was born"
  },
  {
    "code" : "DE14",
    "display" : "Date of birth",
    "definition" : "The client's date of birth (DOB) if known"
  },
  {
    "code" : "DE15",
    "display" : "Date of birth unknown",
    "definition" : "Is the client's DOB is unknown?"
  },
  {
    "code" : "DE16",
    "display" : "Estimated age",
    "definition" : "If DOB is unknown, enter the client's estimated age. Display client's age in number of years."
  },
  {
    "code" : "DE17",
    "display" : "Age",
    "definition" : "Calculated age (number of years) of the client based on date of birth"
  },
  {
    "code" : "DE18",
    "display" : "Gender*",
    "definition" : "Gender of the client*"
  },
  {
    "code" : "DE19",
    "display" : "Female",
    "definition" : "Client identifies as female"
  },
  {
    "code" : "DE20",
    "display" : "Male",
    "definition" : "Client identifies as male"
  },
  {
    "code" : "DE21",
    "display" : "Transgender male",
    "definition" : "Client identifies as transgender male"
  },
  {
    "code" : "DE22",
    "display" : "Transgender female",
    "definition" : "Client identifies as transgender female"
  },
  {
    "code" : "DE23",
    "display" : "Other",
    "definition" : "Additional category"
  },
  {
    "code" : "DE24",
    "display" : "Other (specify)",
    "definition" : "Additional category (please specify)"
  },
  {
    "code" : "DE25",
    "display" : "Sex",
    "definition" : "Sex of the client assigned at birth"
  },
  {
    "code" : "DE26",
    "display" : "Female",
    "definition" : "Client identifies as female"
  },
  {
    "code" : "DE27",
    "display" : "Male",
    "definition" : "Client identifies as male"
  },
  {
    "code" : "DE28",
    "display" : "Other",
    "definition" : "Client identifies in non-binary way or as a sexual and gender minority (or minorities)"
  },
  {
    "code" : "DE29",
    "display" : "Address",
    "definition" : "Client's home address or address which the client is consenting to disclose"
  },
  {
    "code" : "DE30",
    "display" : "Marital Status",
    "definition" : "Client's current marital status "
  },
  {
    "code" : "DE31",
    "display" : "Unmarried",
    "definition" : "Client does not have an active marriage contract"
  },
  {
    "code" : "DE32",
    "display" : "Never married",
    "definition" : "Client has never entered into a marriage contract"
  },
  {
    "code" : "DE33",
    "display" : "Married",
    "definition" : "A current marriage contract is active"
  },
  {
    "code" : "DE34",
    "display" : "Polygamous",
    "definition" : "Client is in a polygamous union"
  },
  {
    "code" : "DE35",
    "display" : "Divorced ",
    "definition" : "Client is divorced, whereby marriage contract has been declared dissolved and inactive"
  },
  {
    "code" : "DE36",
    "display" : "Widowed",
    "definition" : "Client's spouse has died"
  },
  {
    "code" : "DE37",
    "display" : "Unknown",
    "definition" : "Client does not wish to disclose marital status"
  },
  {
    "code" : "DE38",
    "display" : "Domestic partner",
    "definition" : "Client reports that they are in a domestic partnership"
  },
  {
    "code" : "DE39",
    "display" : "Annulled",
    "definition" : "Client's marriage contract has been declared null and to have not existed"
  },
  {
    "code" : "DE40",
    "display" : "Legally separated",
    "definition" : "Client is legally separated from their spouse"
  },
  {
    "code" : "DE41",
    "display" : "Interlocutory",
    "definition" : "Client is subject to an interlocutory decree"
  },
  {
    "code" : "DE42",
    "display" : "Telephone number",
    "definition" : "Client's telephone number (a landline or a mobile phone number)"
  },
  {
    "code" : "DE43",
    "display" : "[Administrative Area]",
    "definition" : "This should be a context-specific list of administrative areas, such as villages, districts, etc. The purpose of this data element is to allow for grouping and flagging of client data to a particular facility's catchment area. This can be input into the system by the end user OR it can be automated in the database based on the end user's attributes."
  },
  {
    "code" : "DE44",
    "display" : "Communication consent",
    "definition" : "Indication that client gave consent to be contacted"
  },
  {
    "code" : "DE45",
    "display" : "Reminder messages",
    "definition" : "Whether client wants to receive text or other messages as follow-up for HIV services"
  },
  {
    "code" : "DE46",
    "display" : "Communication preference(s)",
    "definition" : "How the client would like to receive family planning communications"
  },
  {
    "code" : "DE47",
    "display" : "Text message/SMS",
    "definition" : "The client would like to receive communications via Text message/SMS"
  },
  {
    "code" : "DE48",
    "display" : "Voice call",
    "definition" : "Client would like to receive communications via voice call"
  },
  {
    "code" : "DE49",
    "display" : "Client's email",
    "definition" : "Client's primary email account where the client can be contacted"
  },
  {
    "code" : "DE50",
    "display" : "Alternate contact's name",
    "definition" : "Name of an alternate contact, which could be next of kin (e.g. partner, husband, mother, sibling, etc.). The alternate contact would be used in the case of an emergency situation."
  },
  {
    "code" : "DE51",
    "display" : "Alternate contact's phone number",
    "definition" : "Phone number of the alternate contact"
  },
  {
    "code" : "DE52",
    "display" : "Alternate contact's address",
    "definition" : "Alternate contact's home address or address which the client is consenting to disclose"
  },
  {
    "code" : "DE53",
    "display" : "Alternate contact relationship",
    "definition" : "The alternate contact's relationship to the client (e.g. partner, husband, mother, sibling, etc.)"
  }]
}