<?xml version="1.0" encoding="UTF-8"?>

<CodeSystem xmlns="http://hl7.org/fhir">
  <id value="HIV.A"/>
  <text>
    <status value="generated"/><div xmlns="http://www.w3.org/1999/xhtml"><p>This case-insensitive code system <code>http://worldhealthorganization.github.io/smart/CodeSystem/HIV.A</code> defines the following codes:</p><table class="codes"><tr><td style="white-space:nowrap"><b>Code</b></td><td><b>Display</b></td><td><b>Definition</b></td></tr><tr><td style="white-space:nowrap">DE1<a name="HIV.A-DE1"> </a></td><td>First name</td><td>Client's first or given name</td></tr><tr><td style="white-space:nowrap">DE2<a name="HIV.A-DE2"> </a></td><td>Family name</td><td>Client's family name or last name</td></tr><tr><td style="white-space:nowrap">DE3<a name="HIV.A-DE3"> </a></td><td>Visit date</td><td>The date and time of the client's visit</td></tr><tr><td style="white-space:nowrap">DE4<a name="HIV.A-DE4"> </a></td><td>Referral</td><td>If client was referred for care</td></tr><tr><td style="white-space:nowrap">DE5<a name="HIV.A-DE5"> </a></td><td>Referred by</td><td>How the client was referred</td></tr><tr><td style="white-space:nowrap">DE6<a name="HIV.A-DE6"> </a></td><td>Community</td><td>Referred by the community level services</td></tr><tr><td style="white-space:nowrap">DE7<a name="HIV.A-DE7"> </a></td><td>Facility</td><td>Referred by the health facility</td></tr><tr><td style="white-space:nowrap">DE8<a name="HIV.A-DE8"> </a></td><td>Unique identifier</td><td>Unique identifier generated for new clients or a universal ID, if used in the country</td></tr><tr><td style="white-space:nowrap">DE9<a name="HIV.A-DE9"> </a></td><td>National ID</td><td>National unique identifier assigned to the client, if used in the country</td></tr><tr><td style="white-space:nowrap">DE10<a name="HIV.A-DE10"> </a></td><td>National health ID</td><td>National health unique identifier assigned to the client, if used in the country</td></tr><tr><td style="white-space:nowrap">DE11<a name="HIV.A-DE11"> </a></td><td>National programme ID</td><td>National programme unique identifier assigned to the client, if used in the country</td></tr><tr><td style="white-space:nowrap">DE12<a name="HIV.A-DE12"> </a></td><td>National health insurance ID</td><td>National health insurance unique identifier assigned to the client, if used in the country</td></tr><tr><td style="white-space:nowrap">DE13<a name="HIV.A-DE13"> </a></td><td>Country of birth</td><td>Country where the client was born</td></tr><tr><td style="white-space:nowrap">DE14<a name="HIV.A-DE14"> </a></td><td>Date of birth</td><td>The client's date of birth (DOB) if known</td></tr><tr><td style="white-space:nowrap">DE15<a name="HIV.A-DE15"> </a></td><td>Date of birth unknown</td><td>Is the client's DOB is unknown?</td></tr><tr><td style="white-space:nowrap">DE16<a name="HIV.A-DE16"> </a></td><td>Estimated age</td><td>If DOB is unknown, enter the client's estimated age. Display client's age in number of years.</td></tr><tr><td style="white-space:nowrap">DE17<a name="HIV.A-DE17"> </a></td><td>Age</td><td>Calculated age (number of years) of the client based on date of birth</td></tr><tr><td style="white-space:nowrap">DE18<a name="HIV.A-DE18"> </a></td><td>Gender*</td><td>Gender of the client*</td></tr><tr><td style="white-space:nowrap">DE19<a name="HIV.A-DE19"> </a></td><td>Female</td><td>Client identifies as female</td></tr><tr><td style="white-space:nowrap">DE20<a name="HIV.A-DE20"> </a></td><td>Male</td><td>Client identifies as male</td></tr><tr><td style="white-space:nowrap">DE21<a name="HIV.A-DE21"> </a></td><td>Transgender male</td><td>Client identifies as transgender male</td></tr><tr><td style="white-space:nowrap">DE22<a name="HIV.A-DE22"> </a></td><td>Transgender female</td><td>Client identifies as transgender female</td></tr><tr><td style="white-space:nowrap">DE23<a name="HIV.A-DE23"> </a></td><td>Other</td><td>Additional category</td></tr><tr><td style="white-space:nowrap">DE24<a name="HIV.A-DE24"> </a></td><td>Other (specify)</td><td>Additional category (please specify)</td></tr><tr><td style="white-space:nowrap">DE25<a name="HIV.A-DE25"> </a></td><td>Sex</td><td>Sex of the client assigned at birth</td></tr><tr><td style="white-space:nowrap">DE26<a name="HIV.A-DE26"> </a></td><td>Female</td><td>Client identifies as female</td></tr><tr><td style="white-space:nowrap">DE27<a name="HIV.A-DE27"> </a></td><td>Male</td><td>Client identifies as male</td></tr><tr><td style="white-space:nowrap">DE28<a name="HIV.A-DE28"> </a></td><td>Other</td><td>Client identifies in non-binary way or as a sexual and gender minority (or minorities)</td></tr><tr><td style="white-space:nowrap">DE29<a name="HIV.A-DE29"> </a></td><td>Address</td><td>Client's home address or address which the client is consenting to disclose</td></tr><tr><td style="white-space:nowrap">DE30<a name="HIV.A-DE30"> </a></td><td>Marital Status</td><td>Client's current marital status </td></tr><tr><td style="white-space:nowrap">DE31<a name="HIV.A-DE31"> </a></td><td>Unmarried</td><td>Client does not have an active marriage contract</td></tr><tr><td style="white-space:nowrap">DE32<a name="HIV.A-DE32"> </a></td><td>Never married</td><td>Client has never entered into a marriage contract</td></tr><tr><td style="white-space:nowrap">DE33<a name="HIV.A-DE33"> </a></td><td>Married</td><td>A current marriage contract is active</td></tr><tr><td style="white-space:nowrap">DE34<a name="HIV.A-DE34"> </a></td><td>Polygamous</td><td>Client is in a polygamous union</td></tr><tr><td style="white-space:nowrap">DE35<a name="HIV.A-DE35"> </a></td><td>Divorced </td><td>Client is divorced, whereby marriage contract has been declared dissolved and inactive</td></tr><tr><td style="white-space:nowrap">DE36<a name="HIV.A-DE36"> </a></td><td>Widowed</td><td>Client's spouse has died</td></tr><tr><td style="white-space:nowrap">DE37<a name="HIV.A-DE37"> </a></td><td>Unknown</td><td>Client does not wish to disclose marital status</td></tr><tr><td style="white-space:nowrap">DE38<a name="HIV.A-DE38"> </a></td><td>Domestic partner</td><td>Client reports that they are in a domestic partnership</td></tr><tr><td style="white-space:nowrap">DE39<a name="HIV.A-DE39"> </a></td><td>Annulled</td><td>Client's marriage contract has been declared null and to have not existed</td></tr><tr><td style="white-space:nowrap">DE40<a name="HIV.A-DE40"> </a></td><td>Legally separated</td><td>Client is legally separated from their spouse</td></tr><tr><td style="white-space:nowrap">DE41<a name="HIV.A-DE41"> </a></td><td>Interlocutory</td><td>Client is subject to an interlocutory decree</td></tr><tr><td style="white-space:nowrap">DE42<a name="HIV.A-DE42"> </a></td><td>Telephone number</td><td>Client's telephone number (a landline or a mobile phone number)</td></tr><tr><td style="white-space:nowrap">DE43<a name="HIV.A-DE43"> </a></td><td>[Administrative Area]</td><td>This should be a context-specific list of administrative areas, such as villages, districts, etc. The purpose of this data element is to allow for grouping and flagging of client data to a particular facility's catchment area. This can be input into the system by the end user OR it can be automated in the database based on the end user's attributes.</td></tr><tr><td style="white-space:nowrap">DE44<a name="HIV.A-DE44"> </a></td><td>Communication consent</td><td>Indication that client gave consent to be contacted</td></tr><tr><td style="white-space:nowrap">DE45<a name="HIV.A-DE45"> </a></td><td>Reminder messages</td><td>Whether client wants to receive text or other messages as follow-up for HIV services</td></tr><tr><td style="white-space:nowrap">DE46<a name="HIV.A-DE46"> </a></td><td>Communication preference(s)</td><td>How the client would like to receive family planning communications</td></tr><tr><td style="white-space:nowrap">DE47<a name="HIV.A-DE47"> </a></td><td>Text message/SMS</td><td>The client would like to receive communications via Text message/SMS</td></tr><tr><td style="white-space:nowrap">DE48<a name="HIV.A-DE48"> </a></td><td>Voice call</td><td>Client would like to receive communications via voice call</td></tr><tr><td style="white-space:nowrap">DE49<a name="HIV.A-DE49"> </a></td><td>Client's email</td><td>Client's primary email account where the client can be contacted</td></tr><tr><td style="white-space:nowrap">DE50<a name="HIV.A-DE50"> </a></td><td>Alternate contact's name</td><td>Name of an alternate contact, which could be next of kin (e.g. partner, husband, mother, sibling, etc.). The alternate contact would be used in the case of an emergency situation.</td></tr><tr><td style="white-space:nowrap">DE51<a name="HIV.A-DE51"> </a></td><td>Alternate contact's phone number</td><td>Phone number of the alternate contact</td></tr><tr><td style="white-space:nowrap">DE52<a name="HIV.A-DE52"> </a></td><td>Alternate contact's address</td><td>Alternate contact's home address or address which the client is consenting to disclose</td></tr><tr><td style="white-space:nowrap">DE53<a name="HIV.A-DE53"> </a></td><td>Alternate contact relationship</td><td>The alternate contact's relationship to the client (e.g. partner, husband, mother, sibling, etc.)</td></tr></table></div>
  </text>
  <url value="http://worldhealthorganization.github.io/smart/CodeSystem/HIV.A"/>
  <version value="0.1.0"/>
  <name value="HIV_A"/>
  <title value="HIV.A  Registration CodeSystem"/>
  <status value="draft"/>
  <experimental value="false"/>
  <date value="2023-12-10T23:19:38+00:00"/>
  <publisher value="WHO"/>
  <contact>
    <name value="WHO"/>
    <telecom>
      <system value="url"/>
      <value value="http://who.int"/>
    </telecom>
  </contact>
  <description value="CodeSystem for HIV.A  Registration Data Elements"/>
  <caseSensitive value="false"/>
  <content value="complete"/>
  <count value="53"/>
  <concept>
    <code value="DE1"/>
    <display value="First name"/>
    <definition value="Client's first or given name"/>
  </concept>
  <concept>
    <code value="DE2"/>
    <display value="Family name"/>
    <definition value="Client's family name or last name"/>
  </concept>
  <concept>
    <code value="DE3"/>
    <display value="Visit date"/>
    <definition value="The date and time of the client's visit"/>
  </concept>
  <concept>
    <code value="DE4"/>
    <display value="Referral"/>
    <definition value="If client was referred for care"/>
  </concept>
  <concept>
    <code value="DE5"/>
    <display value="Referred by"/>
    <definition value="How the client was referred"/>
  </concept>
  <concept>
    <code value="DE6"/>
    <display value="Community"/>
    <definition value="Referred by the community level services"/>
  </concept>
  <concept>
    <code value="DE7"/>
    <display value="Facility"/>
    <definition value="Referred by the health facility"/>
  </concept>
  <concept>
    <code value="DE8"/>
    <display value="Unique identifier"/>
    <definition value="Unique identifier generated for new clients or a universal ID, if used in the country"/>
  </concept>
  <concept>
    <code value="DE9"/>
    <display value="National ID"/>
    <definition value="National unique identifier assigned to the client, if used in the country"/>
  </concept>
  <concept>
    <code value="DE10"/>
    <display value="National health ID"/>
    <definition value="National health unique identifier assigned to the client, if used in the country"/>
  </concept>
  <concept>
    <code value="DE11"/>
    <display value="National programme ID"/>
    <definition value="National programme unique identifier assigned to the client, if used in the country"/>
  </concept>
  <concept>
    <code value="DE12"/>
    <display value="National health insurance ID"/>
    <definition value="National health insurance unique identifier assigned to the client, if used in the country"/>
  </concept>
  <concept>
    <code value="DE13"/>
    <display value="Country of birth"/>
    <definition value="Country where the client was born"/>
  </concept>
  <concept>
    <code value="DE14"/>
    <display value="Date of birth"/>
    <definition value="The client's date of birth (DOB) if known"/>
  </concept>
  <concept>
    <code value="DE15"/>
    <display value="Date of birth unknown"/>
    <definition value="Is the client's DOB is unknown?"/>
  </concept>
  <concept>
    <code value="DE16"/>
    <display value="Estimated age"/>
    <definition value="If DOB is unknown, enter the client's estimated age. Display client's age in number of years."/>
  </concept>
  <concept>
    <code value="DE17"/>
    <display value="Age"/>
    <definition value="Calculated age (number of years) of the client based on date of birth"/>
  </concept>
  <concept>
    <code value="DE18"/>
    <display value="Gender*"/>
    <definition value="Gender of the client*"/>
  </concept>
  <concept>
    <code value="DE19"/>
    <display value="Female"/>
    <definition value="Client identifies as female"/>
  </concept>
  <concept>
    <code value="DE20"/>
    <display value="Male"/>
    <definition value="Client identifies as male"/>
  </concept>
  <concept>
    <code value="DE21"/>
    <display value="Transgender male"/>
    <definition value="Client identifies as transgender male"/>
  </concept>
  <concept>
    <code value="DE22"/>
    <display value="Transgender female"/>
    <definition value="Client identifies as transgender female"/>
  </concept>
  <concept>
    <code value="DE23"/>
    <display value="Other"/>
    <definition value="Additional category"/>
  </concept>
  <concept>
    <code value="DE24"/>
    <display value="Other (specify)"/>
    <definition value="Additional category (please specify)"/>
  </concept>
  <concept>
    <code value="DE25"/>
    <display value="Sex"/>
    <definition value="Sex of the client assigned at birth"/>
  </concept>
  <concept>
    <code value="DE26"/>
    <display value="Female"/>
    <definition value="Client identifies as female"/>
  </concept>
  <concept>
    <code value="DE27"/>
    <display value="Male"/>
    <definition value="Client identifies as male"/>
  </concept>
  <concept>
    <code value="DE28"/>
    <display value="Other"/>
    <definition value="Client identifies in non-binary way or as a sexual and gender minority (or minorities)"/>
  </concept>
  <concept>
    <code value="DE29"/>
    <display value="Address"/>
    <definition value="Client's home address or address which the client is consenting to disclose"/>
  </concept>
  <concept>
    <code value="DE30"/>
    <display value="Marital Status"/>
    <definition value="Client's current marital status "/>
  </concept>
  <concept>
    <code value="DE31"/>
    <display value="Unmarried"/>
    <definition value="Client does not have an active marriage contract"/>
  </concept>
  <concept>
    <code value="DE32"/>
    <display value="Never married"/>
    <definition value="Client has never entered into a marriage contract"/>
  </concept>
  <concept>
    <code value="DE33"/>
    <display value="Married"/>
    <definition value="A current marriage contract is active"/>
  </concept>
  <concept>
    <code value="DE34"/>
    <display value="Polygamous"/>
    <definition value="Client is in a polygamous union"/>
  </concept>
  <concept>
    <code value="DE35"/>
    <display value="Divorced "/>
    <definition value="Client is divorced, whereby marriage contract has been declared dissolved and inactive"/>
  </concept>
  <concept>
    <code value="DE36"/>
    <display value="Widowed"/>
    <definition value="Client's spouse has died"/>
  </concept>
  <concept>
    <code value="DE37"/>
    <display value="Unknown"/>
    <definition value="Client does not wish to disclose marital status"/>
  </concept>
  <concept>
    <code value="DE38"/>
    <display value="Domestic partner"/>
    <definition value="Client reports that they are in a domestic partnership"/>
  </concept>
  <concept>
    <code value="DE39"/>
    <display value="Annulled"/>
    <definition value="Client's marriage contract has been declared null and to have not existed"/>
  </concept>
  <concept>
    <code value="DE40"/>
    <display value="Legally separated"/>
    <definition value="Client is legally separated from their spouse"/>
  </concept>
  <concept>
    <code value="DE41"/>
    <display value="Interlocutory"/>
    <definition value="Client is subject to an interlocutory decree"/>
  </concept>
  <concept>
    <code value="DE42"/>
    <display value="Telephone number"/>
    <definition value="Client's telephone number (a landline or a mobile phone number)"/>
  </concept>
  <concept>
    <code value="DE43"/>
    <display value="[Administrative Area]"/>
    <definition value="This should be a context-specific list of administrative areas, such as villages, districts, etc. The purpose of this data element is to allow for grouping and flagging of client data to a particular facility's catchment area. This can be input into the system by the end user OR it can be automated in the database based on the end user's attributes."/>
  </concept>
  <concept>
    <code value="DE44"/>
    <display value="Communication consent"/>
    <definition value="Indication that client gave consent to be contacted"/>
  </concept>
  <concept>
    <code value="DE45"/>
    <display value="Reminder messages"/>
    <definition value="Whether client wants to receive text or other messages as follow-up for HIV services"/>
  </concept>
  <concept>
    <code value="DE46"/>
    <display value="Communication preference(s)"/>
    <definition value="How the client would like to receive family planning communications"/>
  </concept>
  <concept>
    <code value="DE47"/>
    <display value="Text message/SMS"/>
    <definition value="The client would like to receive communications via Text message/SMS"/>
  </concept>
  <concept>
    <code value="DE48"/>
    <display value="Voice call"/>
    <definition value="Client would like to receive communications via voice call"/>
  </concept>
  <concept>
    <code value="DE49"/>
    <display value="Client's email"/>
    <definition value="Client's primary email account where the client can be contacted"/>
  </concept>
  <concept>
    <code value="DE50"/>
    <display value="Alternate contact's name"/>
    <definition value="Name of an alternate contact, which could be next of kin (e.g. partner, husband, mother, sibling, etc.). The alternate contact would be used in the case of an emergency situation."/>
  </concept>
  <concept>
    <code value="DE51"/>
    <display value="Alternate contact's phone number"/>
    <definition value="Phone number of the alternate contact"/>
  </concept>
  <concept>
    <code value="DE52"/>
    <display value="Alternate contact's address"/>
    <definition value="Alternate contact's home address or address which the client is consenting to disclose"/>
  </concept>
  <concept>
    <code value="DE53"/>
    <display value="Alternate contact relationship"/>
    <definition value="The alternate contact's relationship to the client (e.g. partner, husband, mother, sibling, etc.)"/>
  </concept>
</CodeSystem>