{"resourceType":"CodeSystem","id":"HIV.I","text":{"status":"generated","div":"<div xmlns=\"http://www.w3.org/1999/xhtml\"><p>This case-insensitive code system <code>http://worldhealthorganization.github.io/smart/CodeSystem/HIV.I</code> defines the following codes:</p><table class=\"codes\"><tr><td style=\"white-space:nowrap\"><b>Code</b></td><td><b>Display</b></td><td><b>Definition</b></td></tr><tr><td style=\"white-space:nowrap\">DE1<a name=\"HIV.I-DE1\"> </a></td><td>Emergency referral</td><td>Referral for urgent care</td></tr><tr><td style=\"white-space:nowrap\">DE2<a name=\"HIV.I-DE2\"> </a></td><td>Reason for referral</td><td>Reason why the client is being referred. If diagnosed, this may include the reason for the diagnosis.</td></tr><tr><td style=\"white-space:nowrap\">DE3<a name=\"HIV.I-DE3\"> </a></td><td>Hospital</td><td>Client's clinical status warrants hospitalization</td></tr><tr><td style=\"white-space:nowrap\">DE4<a name=\"HIV.I-DE4\"> </a></td><td>Referral for screening including diagnostics and lab testing</td><td>The client is referred because they need a lab test done and/or diagnostics done, but those services are unavailable at the current health facility or providers. This includes referral for TB screening (is symptomatic of TB, has had close contact with confirmed TB case, etc.) and other comorbidities or coinfections. </td></tr><tr><td style=\"white-space:nowrap\">DE5<a name=\"HIV.I-DE5\"> </a></td><td>TB referral</td><td>Referral for TB care</td></tr><tr><td style=\"white-space:nowrap\">DE6<a name=\"HIV.I-DE6\"> </a></td><td>Antenatal care referral</td><td>Client was referred because the client is pregnant</td></tr><tr><td style=\"white-space:nowrap\">DE7<a name=\"HIV.I-DE7\"> </a></td><td>Referral for other general services</td><td>If none of the reasons above apply, this should be selected</td></tr><tr><td style=\"white-space:nowrap\">DE8<a name=\"HIV.I-DE8\"> </a></td><td>Referral for other general services (specify)</td><td>If none of the reasons above apply, specify the reason(s)</td></tr><tr><td style=\"white-space:nowrap\">DE9<a name=\"HIV.I-DE9\"> </a></td><td>Any treatment given before referral?</td><td>If client was referred, was any treatment provided before referral?</td></tr><tr><td style=\"white-space:nowrap\">DE10<a name=\"HIV.I-DE10\"> </a></td><td>Date of scheduled referral appointment</td><td>When the referral is scheduled</td></tr><tr><td style=\"white-space:nowrap\">DE11<a name=\"HIV.I-DE11\"> </a></td><td>Location of scheduled referral appointment</td><td>Where the client is being referred to</td></tr><tr><td style=\"white-space:nowrap\">DE12<a name=\"HIV.I-DE12\"> </a></td><td>Date referral was made</td><td>The date the referral was made</td></tr><tr><td style=\"white-space:nowrap\">DE13<a name=\"HIV.I-DE13\"> </a></td><td>Provider who made referral</td><td>The name of the provider who made the referral</td></tr><tr><td style=\"white-space:nowrap\">DE14<a name=\"HIV.I-DE14\"> </a></td><td>Provider's facility</td><td>Facility client is being referred from</td></tr><tr><td style=\"white-space:nowrap\">DE15<a name=\"HIV.I-DE15\"> </a></td><td>Provider's telephone number</td><td>The contact details of the provider making the referral</td></tr><tr><td style=\"white-space:nowrap\">DE16<a name=\"HIV.I-DE16\"> </a></td><td>Referral notes</td><td>Any additional relevant details of clinical significance for the referral facility to provide quality care</td></tr><tr><td style=\"white-space:nowrap\">DE17<a name=\"HIV.I-DE17\"> </a></td><td>Client history summary</td><td>With interoperable systems, the provider receiving the referral should be able to access the client's health record digitally. However, in the absence of this, the referral provider should receive a summary of the client's health records that includes the client's history, medications, medications prescribed or dispensed, reported issues and concerns, and any other relevant clinical information the health care provider had already obtained.</td></tr></table></div>"},"url":"http://worldhealthorganization.github.io/smart/CodeSystem/HIV.I","version":"0.1.0","name":"HIV_I","title":"HIV.I Referral  CodeSystem","status":"draft","experimental":false,"date":"2023-12-10T23:25:54+00:00","publisher":"WHO","contact":[{"name":"WHO","telecom":[{"system":"url","value":"http://who.int"}]}],"description":"CodeSystem for HIV.I Referral Data Elements","caseSensitive":false,"content":"complete","count":17,"concept":[{"code":"DE1","display":"Emergency referral","definition":"Referral for urgent care"},{"code":"DE2","display":"Reason for referral","definition":"Reason why the client is being referred. If diagnosed, this may include the reason for the diagnosis."},{"code":"DE3","display":"Hospital","definition":"Client's clinical status warrants hospitalization"},{"code":"DE4","display":"Referral for screening including diagnostics and lab testing","definition":"The client is referred because they need a lab test done and/or diagnostics done, but those services are unavailable at the current health facility or providers. This includes referral for TB screening (is symptomatic of TB, has had close contact with confirmed TB case, etc.) and other comorbidities or coinfections. "},{"code":"DE5","display":"TB referral","definition":"Referral for TB care"},{"code":"DE6","display":"Antenatal care referral","definition":"Client was referred because the client is pregnant"},{"code":"DE7","display":"Referral for other general services","definition":"If none of the reasons above apply, this should be selected"},{"code":"DE8","display":"Referral for other general services (specify)","definition":"If none of the reasons above apply, specify the reason(s)"},{"code":"DE9","display":"Any treatment given before referral?","definition":"If client was referred, was any treatment provided before referral?"},{"code":"DE10","display":"Date of scheduled referral appointment","definition":"When the referral is scheduled"},{"code":"DE11","display":"Location of scheduled referral appointment","definition":"Where the client is being referred to"},{"code":"DE12","display":"Date referral was made","definition":"The date the referral was made"},{"code":"DE13","display":"Provider who made referral","definition":"The name of the provider who made the referral"},{"code":"DE14","display":"Provider's facility","definition":"Facility client is being referred from"},{"code":"DE15","display":"Provider's telephone number","definition":"The contact details of the provider making the referral"},{"code":"DE16","display":"Referral notes","definition":"Any additional relevant details of clinical significance for the referral facility to provide quality care"},{"code":"DE17","display":"Client history summary","definition":"With interoperable systems, the provider receiving the referral should be able to access the client's health record digitally. However, in the absence of this, the referral provider should receive a summary of the client's health records that includes the client's history, medications, medications prescribed or dispensed, reported issues and concerns, and any other relevant clinical information the health care provider had already obtained."}]}