<?xml version="1.0" encoding="UTF-8"?><CodeSystem xmlns="http://hl7.org/fhir"><id value="HIV.G"/><text><status value="generated"/><div xmlns="http://www.w3.org/1999/xhtml"><p>This case-insensitive code system <code>http://worldhealthorganization.github.io/smart-hiv/CodeSystem/HIV.G</code> defines the following codes:</p><table class="codes"><tr><td style="white-space:nowrap"><b>Code</b></td><td><b>Display</b></td><td><b>Definition</b></td></tr><tr><td style="white-space:nowrap">DE1<a name="HIV.G-DE1"> </a></td><td>CD4 count</td><td>CD4 cell count in cells/mm^3</td></tr><tr><td style="white-space:nowrap">DE2<a name="HIV.G-DE2"> </a></td><td>CD4 cell percentage</td><td>CD4 cell percentage</td></tr><tr><td style="white-space:nowrap">DE3<a name="HIV.G-DE3"> </a></td><td>Baseline CD4 count</td><td>CD4 result from first CD4 test performed (such as at treatment initiation), also may be called CD4 at ART initiation or at ART start</td></tr><tr><td style="white-space:nowrap">DE4<a name="HIV.G-DE4"> </a></td><td>Date of baseline CD4 count sample collection</td><td>Date and time when baseline CD4 count test sample was collected</td></tr><tr><td style="white-space:nowrap">DE5<a name="HIV.G-DE5"> </a></td><td>Late ART initiation</td><td>The client's first CD4 count from baseline CD4 test performed (such as at treatment initiation) was a count of &lt;200 cells/mm3</td></tr><tr><td style="white-space:nowrap">DE6<a name="HIV.G-DE6"> </a></td><td>Date of CD4 sample collection</td><td>Date sample to be used for CD4 count was collected</td></tr><tr><td style="white-space:nowrap">DE7<a name="HIV.G-DE7"> </a></td><td>Viral load test conducted</td><td>A viral load test was performed</td></tr><tr><td style="white-space:nowrap">DE8<a name="HIV.G-DE8"> </a></td><td>Date of viral load sample collection</td><td>Date and time when the sample was collected to test the client's HIV viral load</td></tr><tr><td style="white-space:nowrap">DE9<a name="HIV.G-DE9"> </a></td><td>Date of first viral load sample collection</td><td>Date and time when the sample was collected to test the client's HIV viral load for the first time</td></tr><tr><td style="white-space:nowrap">DE10<a name="HIV.G-DE10"> </a></td><td>Date viral load sample sent</td><td>Date viral load sample sent to the lab</td></tr><tr><td style="white-space:nowrap">DE11<a name="HIV.G-DE11"> </a></td><td>First viral load test result</td><td>Result from the initial viral load test in number of copies/mL</td></tr><tr><td style="white-space:nowrap">DE12<a name="HIV.G-DE12"> </a></td><td>Viral load test result</td><td>Result from the viral load test in number of copies/mL</td></tr><tr><td style="white-space:nowrap">DE13<a name="HIV.G-DE13"> </a></td><td>HIV viral load specimen type</td><td>The type of specimen to be used to test viral load</td></tr><tr><td style="white-space:nowrap">DE14<a name="HIV.G-DE14"> </a></td><td>Liquid plasma specimen for viral load testing</td><td>Liquid plasma and using ethylenediaminetetraacetic acid (EDTA) or plasma preparation tubes for viral load test</td></tr><tr><td style="white-space:nowrap">DE15<a name="HIV.G-DE15"> </a></td><td>Dried blood spot specimen</td><td>Dried blood spot specimen (DBS) for viral load test</td></tr><tr><td style="white-space:nowrap">DE16<a name="HIV.G-DE16"> </a></td><td>Dried plasma spot from a plasma separation card</td><td>Dried plasma spot from a plasma separation card for viral load test</td></tr><tr><td style="white-space:nowrap">DE17<a name="HIV.G-DE17"> </a></td><td>HBsAg test date</td><td>Date client was tested for hepatitis B virus (HBV)</td></tr><tr><td style="white-space:nowrap">DE18<a name="HIV.G-DE18"> </a></td><td>HBsAg test result</td><td>Hepatitis B virus test result (HBsAg)</td></tr><tr><td style="white-space:nowrap">DE19<a name="HIV.G-DE19"> </a></td><td>Positive</td><td>HBsAg test result was positive</td></tr><tr><td style="white-space:nowrap">DE20<a name="HIV.G-DE20"> </a></td><td>Negative</td><td>HBsAg test result was negative</td></tr><tr><td style="white-space:nowrap">DE21<a name="HIV.G-DE21"> </a></td><td>Indeterminate</td><td>HBsAg test result was indeterminate</td></tr><tr><td style="white-space:nowrap">DE22<a name="HIV.G-DE22"> </a></td><td>Reason Hepatitis B test not conducted</td><td>Reason why a hepatitis B test was not done</td></tr><tr><td style="white-space:nowrap">DE23<a name="HIV.G-DE23"> </a></td><td>Test delayed to next contact or referred</td><td>Test has been delayed to the next contact or client was referred to another provider/facility</td></tr><tr><td style="white-space:nowrap">DE24<a name="HIV.G-DE24"> </a></td><td>Stock-out or expired</td><td>Test out of stock or stock present but expired</td></tr><tr><td style="white-space:nowrap">DE25<a name="HIV.G-DE25"> </a></td><td>Machine or technician not available or machine not functioning</td><td>Test machine or technician is unavailable, or machine is not functioning</td></tr><tr><td style="white-space:nowrap">DE26<a name="HIV.G-DE26"> </a></td><td>Client declined / refused test</td><td>Client declined or refused test being undertaken</td></tr><tr><td style="white-space:nowrap">DE27<a name="HIV.G-DE27"> </a></td><td>Other</td><td>Other reason test not performed</td></tr><tr><td style="white-space:nowrap">DE28<a name="HIV.G-DE28"> </a></td><td>Other (specify)</td><td>Other reason test not performed (specify)</td></tr><tr><td style="white-space:nowrap">DE29<a name="HIV.G-DE29"> </a></td><td>Hepatitis B diagnosis</td><td>Client's hepatitis B diagnosis</td></tr><tr><td style="white-space:nowrap">DE30<a name="HIV.G-DE30"> </a></td><td>Hepatitis B positive</td><td>Client is positive for Hepatitis B</td></tr><tr><td style="white-space:nowrap">DE31<a name="HIV.G-DE31"> </a></td><td>Hepatitis B negative</td><td>Client is negative for Hepatitis B</td></tr><tr><td style="white-space:nowrap">DE32<a name="HIV.G-DE32"> </a></td><td>Hepatitis C screening date</td><td>Date when client was screened for HCV</td></tr><tr><td style="white-space:nowrap">DE33<a name="HIV.G-DE33"> </a></td><td>Hepatitis C test ordered</td><td>Hepatitis C test has been ordered</td></tr><tr><td style="white-space:nowrap">DE34<a name="HIV.G-DE34"> </a></td><td>Hepatitis C test conducted</td><td>Whether a hepatitis C test was conducted</td></tr><tr><td style="white-space:nowrap">DE35<a name="HIV.G-DE35"> </a></td><td>Reason Hepatitis C test not done</td><td>Reason why a hepatitis C test was not done</td></tr><tr><td style="white-space:nowrap">DE36<a name="HIV.G-DE36"> </a></td><td>Test delayed to next contact or referred</td><td>Test has been delayed to the next contact or client was referred to another provider/facility</td></tr><tr><td style="white-space:nowrap">DE37<a name="HIV.G-DE37"> </a></td><td>Stock-out or expired</td><td>Test out of stock or stock present but expired</td></tr><tr><td style="white-space:nowrap">DE38<a name="HIV.G-DE38"> </a></td><td>Machine or technician not available or machine not functioning</td><td>Test machine or technician is unavailable, or machine is not functioning</td></tr><tr><td style="white-space:nowrap">DE39<a name="HIV.G-DE39"> </a></td><td>Client declined / refused test</td><td>Client declined or refused test being undertaken</td></tr><tr><td style="white-space:nowrap">DE40<a name="HIV.G-DE40"> </a></td><td>Other</td><td>Other reason test not performed</td></tr><tr><td style="white-space:nowrap">DE41<a name="HIV.G-DE41"> </a></td><td>Other (specify)</td><td>Other reason test not performed (specify)</td></tr><tr><td style="white-space:nowrap">DE42<a name="HIV.G-DE42"> </a></td><td>HCV test date</td><td>Date client was tested for hepatitis C virus (HCV antibody, HCV RNA or HCV core antigen)</td></tr><tr><td style="white-space:nowrap">DE43<a name="HIV.G-DE43"> </a></td><td>HCV test result</td><td>Hepatitis C virus test result (HCV antibody, HCV RNA or HCV core antigen)</td></tr><tr><td style="white-space:nowrap">DE44<a name="HIV.G-DE44"> </a></td><td>Positive</td><td>HCV test result was positive</td></tr><tr><td style="white-space:nowrap">DE45<a name="HIV.G-DE45"> </a></td><td>Negative</td><td>HCV test result was negative</td></tr><tr><td style="white-space:nowrap">DE46<a name="HIV.G-DE46"> </a></td><td>Indeterminate</td><td>HCV test result was indeterminate</td></tr><tr><td style="white-space:nowrap">DE47<a name="HIV.G-DE47"> </a></td><td>HCV viral load test date</td><td>Hepatitis C viral load test date</td></tr><tr><td style="white-space:nowrap">DE48<a name="HIV.G-DE48"> </a></td><td>HCV viral load test result</td><td>Hepatitis C viral load test result (qualitative)</td></tr><tr><td style="white-space:nowrap">DE49<a name="HIV.G-DE49"> </a></td><td>Detected</td><td>HCV was detected</td></tr><tr><td style="white-space:nowrap">DE50<a name="HIV.G-DE50"> </a></td><td>Not detected</td><td>HCV was not detected</td></tr><tr><td style="white-space:nowrap">DE51<a name="HIV.G-DE51"> </a></td><td>Hepatitis C diagnosis</td><td>Client's hepatitis C diagnosis</td></tr><tr><td style="white-space:nowrap">DE52<a name="HIV.G-DE52"> </a></td><td>Hepatitis C positive</td><td>Client is positive for hepatitis C</td></tr><tr><td style="white-space:nowrap">DE53<a name="HIV.G-DE53"> </a></td><td>Hepatitis C negative</td><td>Client is negative for hepatitis C</td></tr><tr><td style="white-space:nowrap">DE54<a name="HIV.G-DE54"> </a></td><td>Syphilis test required</td><td>Syphilis test is required</td></tr><tr><td style="white-space:nowrap">DE55<a name="HIV.G-DE55"> </a></td><td>Syphilis test type</td><td>Type of diagnostic test used for syphilis (treponema pallidum)</td></tr><tr><td style="white-space:nowrap">DE56<a name="HIV.G-DE56"> </a></td><td>Treponemal</td><td>Treponemal test used </td></tr><tr><td style="white-space:nowrap">DE57<a name="HIV.G-DE57"> </a></td><td>Non-treponemal</td><td>Non-treponemal test used</td></tr><tr><td style="white-space:nowrap">DE58<a name="HIV.G-DE58"> </a></td><td>POC Test</td><td>Point-of-care (POC) test used</td></tr><tr><td style="white-space:nowrap">DE59<a name="HIV.G-DE59"> </a></td><td>NAAT</td><td>Nucleic Acid Amplification Test (NAAT) used</td></tr><tr><td style="white-space:nowrap">DE60<a name="HIV.G-DE60"> </a></td><td>Other</td><td>Other test used</td></tr><tr><td style="white-space:nowrap">DE61<a name="HIV.G-DE61"> </a></td><td>Other syphilis test type (specify)</td><td>Other test used (specify)</td></tr><tr><td style="white-space:nowrap">DE62<a name="HIV.G-DE62"> </a></td><td>Reason syphilis test not done</td><td>Reason why a syphilis test was not done</td></tr><tr><td style="white-space:nowrap">DE63<a name="HIV.G-DE63"> </a></td><td>Test delayed to next contact or referred</td><td>Test has been delayed to the next contact or client was referred to another provider/facility</td></tr><tr><td style="white-space:nowrap">DE64<a name="HIV.G-DE64"> </a></td><td>Stock-out or expired</td><td>Test out of stock or stock present but expired</td></tr><tr><td style="white-space:nowrap">DE65<a name="HIV.G-DE65"> </a></td><td>Machine or technician not available or machine not functioning</td><td>Test machine or technician is unavailable, or machine is not functioning</td></tr><tr><td style="white-space:nowrap">DE66<a name="HIV.G-DE66"> </a></td><td>Client declined / refused test</td><td>Client declined or refused test being undertaken</td></tr><tr><td style="white-space:nowrap">DE67<a name="HIV.G-DE67"> </a></td><td>Other</td><td>Other reason test not performed</td></tr><tr><td style="white-space:nowrap">DE68<a name="HIV.G-DE68"> </a></td><td>Other (specify)</td><td>Other reason test not performed (specify)</td></tr><tr><td style="white-space:nowrap">DE69<a name="HIV.G-DE69"> </a></td><td>Syphilis test date</td><td>Date of syphilis test</td></tr><tr><td style="white-space:nowrap">DE70<a name="HIV.G-DE70"> </a></td><td>Syphilis test result</td><td>Result from syphilis test</td></tr><tr><td style="white-space:nowrap">DE71<a name="HIV.G-DE71"> </a></td><td>Positive</td><td>Test result is positive for syphilis</td></tr><tr><td style="white-space:nowrap">DE72<a name="HIV.G-DE72"> </a></td><td>Negative</td><td>Test result is negative for syphilis</td></tr><tr><td style="white-space:nowrap">DE73<a name="HIV.G-DE73"> </a></td><td>Inconclusive</td><td>Test result is inconclusive</td></tr><tr><td style="white-space:nowrap">DE74<a name="HIV.G-DE74"> </a></td><td>Syphilis diagnosis</td><td>Client's syphilis diagnosis</td></tr><tr><td style="white-space:nowrap">DE75<a name="HIV.G-DE75"> </a></td><td>Syphilis positive</td><td>Client is positive for syphilis</td></tr><tr><td style="white-space:nowrap">DE76<a name="HIV.G-DE76"> </a></td><td>Syphilis negative</td><td>Client is negative for syphilis</td></tr><tr><td style="white-space:nowrap">DE77<a name="HIV.G-DE77"> </a></td><td>Other tests conducted</td><td>If the health worker performed other tests on the woman that are not explicitly listed in the application, select &quot;yes&quot; here and fill in the details below.</td></tr><tr><td style="white-space:nowrap">DE78<a name="HIV.G-DE78"> </a></td><td>Other test(s) name</td><td>Input the name of other test(s) that were done.</td></tr><tr><td style="white-space:nowrap">DE79<a name="HIV.G-DE79"> </a></td><td>Other test(s) date</td><td>Input the date of other test(s) that were done.</td></tr><tr><td style="white-space:nowrap">DE80<a name="HIV.G-DE80"> </a></td><td>Other test(s) result(s)</td><td>Input the result from the test(s).</td></tr></table></div></text><url value="http://worldhealthorganization.github.io/smart-hiv/CodeSystem/HIV.G"/><version value="0.1.0"/><name value="HIV_G"/><title value="HIV.G Diagnostics  CodeSystem"/><status value="draft"/><experimental value="false"/><date value="2024-05-28T18:52:50+00:00"/><publisher value="WHO"/><contact><name value="WHO"/><telecom><system value="url"/><value value="http://who.int"/></telecom></contact><description value="CodeSystem for HIV.G Diagnostics  Data Elements"/><caseSensitive value="false"/><content value="complete"/><count value="80"/><concept><code value="DE1"/><display value="CD4 count"/><definition value="CD4 cell count in cells/mm^3"/></concept><concept><code value="DE2"/><display value="CD4 cell percentage"/><definition value="CD4 cell percentage"/></concept><concept><code value="DE3"/><display value="Baseline CD4 count"/><definition value="CD4 result from first CD4 test performed (such as at treatment initiation), also may be called CD4 at ART initiation or at ART start"/></concept><concept><code value="DE4"/><display value="Date of baseline CD4 count sample collection"/><definition value="Date and time when baseline CD4 count test sample was collected"/></concept><concept><code value="DE5"/><display value="Late ART initiation"/><definition value="The client's first CD4 count from baseline CD4 test performed (such as at treatment initiation) was a count of &lt;200 cells/mm3"/></concept><concept><code value="DE6"/><display value="Date of CD4 sample collection"/><definition value="Date sample to be used for CD4 count was collected"/></concept><concept><code value="DE7"/><display value="Viral load test conducted"/><definition value="A viral load test was performed"/></concept><concept><code value="DE8"/><display value="Date of viral load sample collection"/><definition value="Date and time when the sample was collected to test the client's HIV viral load"/></concept><concept><code value="DE9"/><display value="Date of first viral load sample collection"/><definition value="Date and time when the sample was collected to test the client's HIV viral load for the first time"/></concept><concept><code value="DE10"/><display value="Date viral load sample sent"/><definition value="Date viral load sample sent to the lab"/></concept><concept><code value="DE11"/><display value="First viral load test result"/><definition value="Result from the initial viral load test in number of copies/mL"/></concept><concept><code value="DE12"/><display value="Viral load test result"/><definition value="Result from the viral load test in number of copies/mL"/></concept><concept><code value="DE13"/><display value="HIV viral load specimen type"/><definition value="The type of specimen to be used to test viral load"/></concept><concept><code value="DE14"/><display value="Liquid plasma specimen for viral load testing"/><definition value="Liquid plasma and using ethylenediaminetetraacetic acid (EDTA) or plasma preparation tubes for viral load test"/></concept><concept><code value="DE15"/><display value="Dried blood spot specimen"/><definition value="Dried blood spot specimen (DBS) for viral load test"/></concept><concept><code value="DE16"/><display value="Dried plasma spot from a plasma separation card"/><definition value="Dried plasma spot from a plasma separation card for viral load test"/></concept><concept><code value="DE17"/><display value="HBsAg test date"/><definition value="Date client was tested for hepatitis B virus (HBV)"/></concept><concept><code value="DE18"/><display value="HBsAg test result"/><definition value="Hepatitis B virus test result (HBsAg)"/></concept><concept><code value="DE19"/><display value="Positive"/><definition value="HBsAg test result was positive"/></concept><concept><code value="DE20"/><display value="Negative"/><definition value="HBsAg test result was negative"/></concept><concept><code value="DE21"/><display value="Indeterminate"/><definition value="HBsAg test result was indeterminate"/></concept><concept><code value="DE22"/><display value="Reason Hepatitis B test not conducted"/><definition value="Reason why a hepatitis B test was not done"/></concept><concept><code value="DE23"/><display value="Test delayed to next contact or referred"/><definition value="Test has been delayed to the next contact or client was referred to another provider/facility"/></concept><concept><code value="DE24"/><display value="Stock-out or expired"/><definition value="Test out of stock or stock present but expired"/></concept><concept><code value="DE25"/><display value="Machine or technician not available or machine not functioning"/><definition value="Test machine or technician is unavailable, or machine is not functioning"/></concept><concept><code value="DE26"/><display value="Client declined / refused test"/><definition value="Client declined or refused test being undertaken"/></concept><concept><code value="DE27"/><display value="Other"/><definition value="Other reason test not performed"/></concept><concept><code value="DE28"/><display value="Other (specify)"/><definition value="Other reason test not performed (specify)"/></concept><concept><code value="DE29"/><display value="Hepatitis B diagnosis"/><definition value="Client's hepatitis B diagnosis"/></concept><concept><code value="DE30"/><display value="Hepatitis B positive"/><definition value="Client is positive for Hepatitis B"/></concept><concept><code value="DE31"/><display value="Hepatitis B negative"/><definition value="Client is negative for Hepatitis B"/></concept><concept><code value="DE32"/><display value="Hepatitis C screening date"/><definition value="Date when client was screened for HCV"/></concept><concept><code value="DE33"/><display value="Hepatitis C test ordered"/><definition value="Hepatitis C test has been ordered"/></concept><concept><code value="DE34"/><display value="Hepatitis C test conducted"/><definition value="Whether a hepatitis C test was conducted"/></concept><concept><code value="DE35"/><display value="Reason Hepatitis C test not done"/><definition value="Reason why a hepatitis C test was not done"/></concept><concept><code value="DE36"/><display value="Test delayed to next contact or referred"/><definition value="Test has been delayed to the next contact or client was referred to another provider/facility"/></concept><concept><code value="DE37"/><display value="Stock-out or expired"/><definition value="Test out of stock or stock present but expired"/></concept><concept><code value="DE38"/><display value="Machine or technician not available or machine not functioning"/><definition value="Test machine or technician is unavailable, or machine is not functioning"/></concept><concept><code value="DE39"/><display value="Client declined / refused test"/><definition value="Client declined or refused test being undertaken"/></concept><concept><code value="DE40"/><display value="Other"/><definition value="Other reason test not performed"/></concept><concept><code value="DE41"/><display value="Other (specify)"/><definition value="Other reason test not performed (specify)"/></concept><concept><code value="DE42"/><display value="HCV test date"/><definition value="Date client was tested for hepatitis C virus (HCV antibody, HCV RNA or HCV core antigen)"/></concept><concept><code value="DE43"/><display value="HCV test result"/><definition value="Hepatitis C virus test result (HCV antibody, HCV RNA or HCV core antigen)"/></concept><concept><code value="DE44"/><display value="Positive"/><definition value="HCV test result was positive"/></concept><concept><code value="DE45"/><display value="Negative"/><definition value="HCV test result was negative"/></concept><concept><code value="DE46"/><display value="Indeterminate"/><definition value="HCV test result was indeterminate"/></concept><concept><code value="DE47"/><display value="HCV viral load test date"/><definition value="Hepatitis C viral load test date"/></concept><concept><code value="DE48"/><display value="HCV viral load test result"/><definition value="Hepatitis C viral load test result (qualitative)"/></concept><concept><code value="DE49"/><display value="Detected"/><definition value="HCV was detected"/></concept><concept><code value="DE50"/><display value="Not detected"/><definition value="HCV was not detected"/></concept><concept><code value="DE51"/><display value="Hepatitis C diagnosis"/><definition value="Client's hepatitis C diagnosis"/></concept><concept><code value="DE52"/><display value="Hepatitis C positive"/><definition value="Client is positive for hepatitis C"/></concept><concept><code value="DE53"/><display value="Hepatitis C negative"/><definition value="Client is negative for hepatitis C"/></concept><concept><code value="DE54"/><display value="Syphilis test required"/><definition value="Syphilis test is required"/></concept><concept><code value="DE55"/><display value="Syphilis test type"/><definition value="Type of diagnostic test used for syphilis (treponema pallidum)"/></concept><concept><code value="DE56"/><display value="Treponemal"/><definition value="Treponemal test used "/></concept><concept><code value="DE57"/><display value="Non-treponemal"/><definition value="Non-treponemal test used"/></concept><concept><code value="DE58"/><display value="POC Test"/><definition value="Point-of-care (POC) test used"/></concept><concept><code value="DE59"/><display value="NAAT"/><definition value="Nucleic Acid Amplification Test (NAAT) used"/></concept><concept><code value="DE60"/><display value="Other"/><definition value="Other test used"/></concept><concept><code value="DE61"/><display value="Other syphilis test type (specify)"/><definition value="Other test used (specify)"/></concept><concept><code value="DE62"/><display value="Reason syphilis test not done"/><definition value="Reason why a syphilis test was not done"/></concept><concept><code value="DE63"/><display value="Test delayed to next contact or referred"/><definition value="Test has been delayed to the next contact or client was referred to another provider/facility"/></concept><concept><code value="DE64"/><display value="Stock-out or expired"/><definition value="Test out of stock or stock present but expired"/></concept><concept><code value="DE65"/><display value="Machine or technician not available or machine not functioning"/><definition value="Test machine or technician is unavailable, or machine is not functioning"/></concept><concept><code value="DE66"/><display value="Client declined / refused test"/><definition value="Client declined or refused test being undertaken"/></concept><concept><code value="DE67"/><display value="Other"/><definition value="Other reason test not performed"/></concept><concept><code value="DE68"/><display value="Other (specify)"/><definition value="Other reason test not performed (specify)"/></concept><concept><code value="DE69"/><display value="Syphilis test date"/><definition value="Date of syphilis test"/></concept><concept><code value="DE70"/><display value="Syphilis test result"/><definition value="Result from syphilis test"/></concept><concept><code value="DE71"/><display value="Positive"/><definition value="Test result is positive for syphilis"/></concept><concept><code value="DE72"/><display value="Negative"/><definition value="Test result is negative for syphilis"/></concept><concept><code value="DE73"/><display value="Inconclusive"/><definition value="Test result is inconclusive"/></concept><concept><code value="DE74"/><display value="Syphilis diagnosis"/><definition value="Client's syphilis diagnosis"/></concept><concept><code value="DE75"/><display value="Syphilis positive"/><definition value="Client is positive for syphilis"/></concept><concept><code value="DE76"/><display value="Syphilis negative"/><definition value="Client is negative for syphilis"/></concept><concept><code value="DE77"/><display value="Other tests conducted"/><definition value="If the health worker performed other tests on the woman that are not explicitly listed in the application, select &quot;yes&quot; here and fill in the details below."/></concept><concept><code value="DE78"/><display value="Other test(s) name"/><definition value="Input the name of other test(s) that were done."/></concept><concept><code value="DE79"/><display value="Other test(s) date"/><definition value="Input the date of other test(s) that were done."/></concept><concept><code value="DE80"/><display value="Other test(s) result(s)"/><definition value="Input the result from the test(s)."/></concept></CodeSystem>