{"resourceType":"ConceptMap","id":"HIVConfiguration","text":{"status":"extensions","div":"<div xmlns=\"http://www.w3.org/1999/xhtml\"><p>Mapping from (not specified) to (not specified)</p><p>ACTIVE. Published on 2023-12-09 by WHO (WHO: <a href=\"http://who.int\">http://who.int</a>). </p><div><p>Mapping to and from HIV.Configuration Data Dictionary to other codesystems.</p>\n</div><br/><p><b>Group 1</b>Mapping from <a href=\"CodeSystem-HIV.Configuration.html\">HIV.Configuration CodeSystem</a> to <a href=\"http://hl7.org/fhir/R4B/codesystem-snomedct.html\">SNOMED CT (all versions)</a></p><table class=\"grid\"><tr><td><b>Source Code</b></td><td><b>Relationship</b></td><td><b>Target Code</b></td></tr><tr><td>DE17 (Health facility ID)</td><td><a href=\"http://hl7.org/fhir/extensions/5.1.0-ballot/CodeSystem-concept-map-equivalence.html#equivalent\" title=\"equivalent\">is equivalent to</a></td><td>118522005 (ID)</td></tr><tr><td>DE18 (TB treating facility ID)</td><td><a href=\"http://hl7.org/fhir/extensions/5.1.0-ballot/CodeSystem-concept-map-equivalence.html#equivalent\" title=\"equivalent\">is equivalent to</a></td><td>118522005 (ID)</td></tr></table></div>"},"url":"http://worldhealthorganization.github.io/smart-hiv/ConceptMap/HIVConfiguration","version":"0.1.0","name":"HIV_Configuration","title":"ConceptMap to and from HIV.Configuration DataElements","status":"active","experimental":false,"date":"2023-12-09","publisher":"WHO","contact":[{"name":"WHO","telecom":[{"system":"url","value":"http://who.int"}]}],"description":"Mapping to and from HIV.Configuration Data Dictionary to other codesystems.","group":[{"source":"http://worldhealthorganization.github.io/smart-hiv/CodeSystem/HIV.Configuration","target":"http://snomed.info/sct","element":[{"code":"DE17","target":[{"modifierExtension":[{"url":"http://hl7.org/fhir/1.0/StructureDefinition/extension-ConceptMap.element.target.equivalence","valueCode":"equivalent"}],"code":"118522005","equivalence":"equivalent"}]},{"code":"DE18","target":[{"modifierExtension":[{"url":"http://hl7.org/fhir/1.0/StructureDefinition/extension-ConceptMap.element.target.equivalence","valueCode":"equivalent"}],"code":"118522005","equivalence":"equivalent"}]}]}]}