<?xml version="1.0" encoding="UTF-8"?><ConceptMap xmlns="http://hl7.org/fhir"><id value="HIVConfiguration"/><text><status value="extensions"/><div xmlns="http://www.w3.org/1999/xhtml"><p>Mapping from (not specified) to (not specified)</p><p>ACTIVE. Published on 2023-12-09 by WHO (WHO: <a href="http://who.int">http://who.int</a>). </p><div><p>Mapping to and from HIV.Configuration Data Dictionary to other codesystems.</p>
</div><br/><p><b>Group 1</b>Mapping from <a href="CodeSystem-HIV.Configuration.html">HIV.Configuration CodeSystem</a> to <a href="http://hl7.org/fhir/R4B/codesystem-snomedct.html">SNOMED CT (all versions)</a></p><table class="grid"><tr><td><b>Source Code</b></td><td><b>Relationship</b></td><td><b>Target Code</b></td></tr><tr><td>DE17 (Health facility ID)</td><td><a href="http://hl7.org/fhir/R4B/codesystem-concept-map-equivalence.html#null"/></td><td>118522005 (ID)</td></tr><tr><td>DE18 (TB treating facility ID)</td><td><a href="http://hl7.org/fhir/R4B/codesystem-concept-map-equivalence.html#null"/></td><td>118522005 (ID)</td></tr></table></div></text><url value="http://worldhealthorganization.github.io/smart/ConceptMap/HIVConfiguration"/><version value="0.1.0"/><name value="HIV_Configuration"/><title value="ConceptMap to and from HIV.Configuration DataElements"/><status value="active"/><experimental value="false"/><date value="2023-12-09"/><publisher value="WHO"/><contact><name value="WHO"/><telecom><system value="url"/><value value="http://who.int"/></telecom></contact><description value="Mapping to and from HIV.Configuration Data Dictionary to other codesystems."/><group><source value="http://worldhealthorganization.github.io/smart/CodeSystem/HIV.Configuration"/><target value="http://snomed.info/sct"/><element><code value="DE17"/><target><modifierExtension url="http://hl7.org/fhir/1.0/StructureDefinition/extension-ConceptMap.element.target.equivalence"><valueCode value="equivalent"/></modifierExtension><code value="118522005"/><equivalence value="equivalent"/></target></element><element><code value="DE18"/><target><modifierExtension url="http://hl7.org/fhir/1.0/StructureDefinition/extension-ConceptMap.element.target.equivalence"><valueCode value="equivalent"/></modifierExtension><code value="118522005"/><equivalence value="equivalent"/></target></element></group></ConceptMap>