<?xml version="1.0" encoding="UTF-8"?><CodeSystem xmlns="http://hl7.org/fhir"><id value="HIV.H"/><text><status value="generated"/><div xmlns="http://www.w3.org/1999/xhtml"><p>This case-insensitive code system <code>http://worldhealthorganization.github.io/smart/CodeSystem/HIV.H</code> defines the following codes:</p><table class="codes"><tr><td style="white-space:nowrap"><b>Code</b></td><td><b>Display</b></td><td><b>Definition</b></td></tr><tr><td style="white-space:nowrap">DE1<a name="HIV.H-DE1"> </a></td><td>Reason for follow-up</td><td>The reason why the client is being followed up</td></tr><tr><td style="white-space:nowrap">DE2<a name="HIV.H-DE2"> </a></td><td>Missed care visit</td><td>Client did not present for a care appointment as scheduled / as expected</td></tr><tr><td style="white-space:nowrap">DE3<a name="HIV.H-DE3"> </a></td><td>Missed medication pickup</td><td>Client did not pick up medication as scheduled from pharmacy or other drug distribution point</td></tr><tr><td style="white-space:nowrap">DE4<a name="HIV.H-DE4"> </a></td><td>Did not initiate ART</td><td>Client did not initiate ART at the same time as diagnosis (e.g., because they required additional counselling) and required follow-up for ART initiation</td></tr><tr><td style="white-space:nowrap">DE5<a name="HIV.H-DE5"> </a></td><td>Incomplete visit</td><td>Client presented for care, but left before services were completed, e.g., due to long wait times or not staying to have labs taken</td></tr><tr><td style="white-space:nowrap">DE6<a name="HIV.H-DE6"> </a></td><td>Inconclusive HIV status</td><td>Client has not returned for a follow-up test after an inconclusive test result</td></tr><tr><td style="white-space:nowrap">DE7<a name="HIV.H-DE7"> </a></td><td>Test results received</td><td>Client needs to be informed of test results (e.g., viral load)</td></tr><tr><td style="white-space:nowrap">DE8<a name="HIV.H-DE8"> </a></td><td>Other follow-up reason</td><td>Client was followed up for another reason</td></tr><tr><td style="white-space:nowrap">DE9<a name="HIV.H-DE9"> </a></td><td>Other follow-up reason (specify)</td><td>Client was followed up for another reason (specify)</td></tr><tr><td style="white-space:nowrap">DE10<a name="HIV.H-DE10"> </a></td><td>Client contact attempted</td><td>An attempt to locate the client was made</td></tr><tr><td style="white-space:nowrap">DE11<a name="HIV.H-DE11"> </a></td><td>Date of contact attempt</td><td>Date of attempt to contact client</td></tr><tr><td style="white-space:nowrap">DE12<a name="HIV.H-DE12"> </a></td><td>Contact attempted by</td><td>Who attempted to reach out to the client</td></tr><tr><td style="white-space:nowrap">DE13<a name="HIV.H-DE13"> </a></td><td>Contact method</td><td>Method used to try to reach out to the client</td></tr><tr><td style="white-space:nowrap">DE14<a name="HIV.H-DE14"> </a></td><td>Home visit</td><td>Contacted client at home</td></tr><tr><td style="white-space:nowrap">DE15<a name="HIV.H-DE15"> </a></td><td>Text message</td><td>Contacted client by short message service (SMS) text</td></tr><tr><td style="white-space:nowrap">DE16<a name="HIV.H-DE16"> </a></td><td>Phone</td><td>Contacted client by phone call</td></tr><tr><td style="white-space:nowrap">DE17<a name="HIV.H-DE17"> </a></td><td>Source of information</td><td>Source of information about the client</td></tr><tr><td style="white-space:nowrap">DE18<a name="HIV.H-DE18"> </a></td><td>Client</td><td>The client was the source of information</td></tr><tr><td style="white-space:nowrap">DE19<a name="HIV.H-DE19"> </a></td><td>Informed by treatment provider</td><td>Source of information was a treatment provider of the client</td></tr><tr><td style="white-space:nowrap">DE20<a name="HIV.H-DE20"> </a></td><td>Informed by family or partner</td><td>Source of information was a family member of partner</td></tr><tr><td style="white-space:nowrap">DE21<a name="HIV.H-DE21"> </a></td><td>Other source of information</td><td>Information about the client's status was provided by someone else</td></tr><tr><td style="white-space:nowrap">DE22<a name="HIV.H-DE22"> </a></td><td>Other source of information (specify)</td><td>Information about the client's status was provided by someone else (specify)</td></tr><tr><td style="white-space:nowrap">DE23<a name="HIV.H-DE23"> </a></td><td>Outcome from outreach attempt</td><td>Detailed outcome from the attempt to locate the client</td></tr><tr><td style="white-space:nowrap">DE24<a name="HIV.H-DE24"> </a></td><td>Returning to clinic</td><td>Client was located and agreed to return to clinic</td></tr><tr><td style="white-space:nowrap">DE25<a name="HIV.H-DE25"> </a></td><td>Self-transferred out</td><td>Client transferred to another facility for care (client-initiated transfer, not provider-initiated transfer)</td></tr><tr><td style="white-space:nowrap">DE26<a name="HIV.H-DE26"> </a></td><td>Hospitalized</td><td>Client was hospitalized</td></tr><tr><td style="white-space:nowrap">DE27<a name="HIV.H-DE27"> </a></td><td>Refused to return</td><td>Client was found but declined to return to treatment</td></tr><tr><td style="white-space:nowrap">DE28<a name="HIV.H-DE28"> </a></td><td>Not located </td><td>Attempt was made to locate client, but client was not found</td></tr><tr><td style="white-space:nowrap">DE29<a name="HIV.H-DE29"> </a></td><td>Died (reported)</td><td>The client was reported as having died</td></tr><tr><td style="white-space:nowrap">DE30<a name="HIV.H-DE30"> </a></td><td>Moved from catchment area</td><td>The client moved from the catchment area (may be reported from the community level)</td></tr><tr><td style="white-space:nowrap">DE31<a name="HIV.H-DE31"> </a></td><td>Date client moved from catchment area</td><td>The date on which the client moved from the catchment area, if known</td></tr><tr><td style="white-space:nowrap">DE32<a name="HIV.H-DE32"> </a></td><td>New catchment area</td><td>New catchment area where the client resides</td></tr><tr><td style="white-space:nowrap">DE33<a name="HIV.H-DE33"> </a></td><td>Partner or contact of index case</td><td>The client was identified by an index case as a partner or contact</td></tr><tr><td style="white-space:nowrap">DE34<a name="HIV.H-DE34"> </a></td><td>HIV status of partner or contact</td><td>HIV status of the partner or contact given by the index case</td></tr><tr><td style="white-space:nowrap">DE35<a name="HIV.H-DE35"> </a></td><td>Already knew positive</td><td>The partner or contact of the index case already knew they are HIV-positive</td></tr><tr><td style="white-space:nowrap">DE36<a name="HIV.H-DE36"> </a></td><td>Newly diagnosed</td><td>The partner or contact of the index case is newly diagnosed as HIV-positive</td></tr><tr><td style="white-space:nowrap">DE37<a name="HIV.H-DE37"> </a></td><td>Negative</td><td>The partner or contact of the index case is newly diagnosed is HIV-negative</td></tr><tr><td style="white-space:nowrap">DE38<a name="HIV.H-DE38"> </a></td><td>Date of death </td><td>If deceased, the date that the client died</td></tr><tr><td style="white-space:nowrap">DE39<a name="HIV.H-DE39"> </a></td><td>Cause of death</td><td>Cause of death, if known</td></tr><tr><td style="white-space:nowrap">DE40<a name="HIV.H-DE40"> </a></td><td>Place of death</td><td>Where the client died, if known</td></tr><tr><td style="white-space:nowrap">DE41<a name="HIV.H-DE41"> </a></td><td>HIV treatment outcome</td><td>The outcome for the client which is used for reporting retention/attrition.</td></tr><tr><td style="white-space:nowrap">DE42<a name="HIV.H-DE42"> </a></td><td>Lost to follow-up</td><td>Twenty-eight days or more since last missed appointment </td></tr><tr><td style="white-space:nowrap">DE43<a name="HIV.H-DE43"> </a></td><td>Transferred out</td><td>The client transferred to another facility</td></tr><tr><td style="white-space:nowrap">DE44<a name="HIV.H-DE44"> </a></td><td>Death (documented)</td><td>People living with HIV previously on ART who are confirmed to have died from any cause</td></tr><tr><td style="white-space:nowrap">DE45<a name="HIV.H-DE45"> </a></td><td>Refused (stopped) treatment</td><td>Client was contacted and confirmed to have stopped ART (reasons may include stigma and discrimination, faith healing, etc.)</td></tr><tr><td style="white-space:nowrap">DE46<a name="HIV.H-DE46"> </a></td><td>Date patient lost to follow-up</td><td>Date patient was lost to follow-up (LTFU)</td></tr><tr><td style="white-space:nowrap">DE47<a name="HIV.H-DE47"> </a></td><td>On ART</td><td>Client is currently taking ART </td></tr><tr><td style="white-space:nowrap">DE48<a name="HIV.H-DE48"> </a></td><td>Date HIV treatment outcome changed</td><td>The date on which the client's outcome (lost to follow-up, transferred out, death (documented), or refused (stopped) treatment) changed</td></tr><tr><td style="white-space:nowrap">DE49<a name="HIV.H-DE49"> </a></td><td>Transfer confirmed</td><td>Select if transfer to another facility is confirmed</td></tr><tr><td style="white-space:nowrap">DE50<a name="HIV.H-DE50"> </a></td><td>Transfer to facility</td><td>Name of health facility client was transferred to</td></tr><tr><td style="white-space:nowrap">DE51<a name="HIV.H-DE51"> </a></td><td>Date of transfer out</td><td>The date the client transferred out of the facility to be provided with care at another facility</td></tr><tr><td style="white-space:nowrap">DE52<a name="HIV.H-DE52"> </a></td><td>Adherence assessment</td><td>Whether client is adherent or not to ART regimen per national guidelines (immunological or virological monitoring)</td></tr><tr><td style="white-space:nowrap">DE53<a name="HIV.H-DE53"> </a></td><td>Reason(s) for adherence problem</td><td>Reason why client is not adherent</td></tr><tr><td style="white-space:nowrap">DE54<a name="HIV.H-DE54"> </a></td><td>Forgot</td><td>Client reported not being adherent because they forgot</td></tr><tr><td style="white-space:nowrap">DE55<a name="HIV.H-DE55"> </a></td><td>Toxicity/side effects</td><td>Client reported not being adherent because of toxicity/side effects</td></tr><tr><td style="white-space:nowrap">DE56<a name="HIV.H-DE56"> </a></td><td>Busy</td><td>Client reported not being adherent because they were busy</td></tr><tr><td style="white-space:nowrap">DE57<a name="HIV.H-DE57"> </a></td><td>Change of routine</td><td>Client reported not being adherent because of a change of routine</td></tr><tr><td style="white-space:nowrap">DE58<a name="HIV.H-DE58"> </a></td><td>Travel cost</td><td>Client reported not being adherent because of travel cost</td></tr><tr><td style="white-space:nowrap">DE59<a name="HIV.H-DE59"> </a></td><td>Distance to clinic</td><td>Client reported not being adherent because of distance to clinic </td></tr><tr><td style="white-space:nowrap">DE60<a name="HIV.H-DE60"> </a></td><td>Client lost/ran out of pills</td><td>Client reported not being adherent because of client lost/ran out of pills</td></tr><tr><td style="white-space:nowrap">DE61<a name="HIV.H-DE61"> </a></td><td>Stock-out</td><td>Client reported not being adherent because of a stock-out</td></tr><tr><td style="white-space:nowrap">DE62<a name="HIV.H-DE62"> </a></td><td>Too ill</td><td>Client reported not being adherent because of being too ill</td></tr><tr><td style="white-space:nowrap">DE63<a name="HIV.H-DE63"> </a></td><td>Pill burden</td><td>Client reported not being adherent because of the pill burden</td></tr><tr><td style="white-space:nowrap">DE64<a name="HIV.H-DE64"> </a></td><td>Felt well</td><td>Client reported not being adherent because they felt well</td></tr><tr><td style="white-space:nowrap">DE65<a name="HIV.H-DE65"> </a></td><td>Depression</td><td>Client reported not being adherent because of depression</td></tr><tr><td style="white-space:nowrap">DE66<a name="HIV.H-DE66"> </a></td><td>Alcohol use</td><td>Client reported not being adherent because of alcohol use</td></tr><tr><td style="white-space:nowrap">DE67<a name="HIV.H-DE67"> </a></td><td>Substance use</td><td>Client reported not being adherent because of substance use (i.e., drugs)</td></tr><tr><td style="white-space:nowrap">DE68<a name="HIV.H-DE68"> </a></td><td>Stigma/disclosure concerns</td><td>Client reported not being adherent because of stigma/disclosure concerns</td></tr><tr><td style="white-space:nowrap">DE69<a name="HIV.H-DE69"> </a></td><td>Lack of food</td><td>Client reported not being adherent because of a lack of food</td></tr><tr><td style="white-space:nowrap">DE70<a name="HIV.H-DE70"> </a></td><td>Poor palatability</td><td>Client reported not being adherent because of poor palatability</td></tr><tr><td style="white-space:nowrap">DE71<a name="HIV.H-DE71"> </a></td><td>Other</td><td>Client reported not being adherent because of other reason</td></tr><tr><td style="white-space:nowrap">DE72<a name="HIV.H-DE72"> </a></td><td>Other (specify)</td><td>Client reported not being adherent because of other reason (specify)</td></tr><tr><td style="white-space:nowrap">DE73<a name="HIV.H-DE73"> </a></td><td>Date ART stopped</td><td>Date on which client stopped ART</td></tr><tr><td style="white-space:nowrap">DE74<a name="HIV.H-DE74"> </a></td><td>Reason ART stopped</td><td>Reason why client intentionally stopped ART</td></tr><tr><td style="white-space:nowrap">DE75<a name="HIV.H-DE75"> </a></td><td>Toxicity/side effects</td><td>Client stopped ART because of toxicity/side effects</td></tr><tr><td style="white-space:nowrap">DE76<a name="HIV.H-DE76"> </a></td><td>Severe illness, hospitalization</td><td>Client stopped ART because of severe illness, hospitalization</td></tr><tr><td style="white-space:nowrap">DE77<a name="HIV.H-DE77"> </a></td><td>Drugs out of stock </td><td>Client stopped ART because of drugs being out of stock </td></tr><tr><td style="white-space:nowrap">DE78<a name="HIV.H-DE78"> </a></td><td>Client lacks finances </td><td>Client stopped ART because client lacked finances </td></tr><tr><td style="white-space:nowrap">DE79<a name="HIV.H-DE79"> </a></td><td>Excluded HIV infection in infant</td><td>Client stopped ART because the infant was determined to not have HIV</td></tr><tr><td style="white-space:nowrap">DE80<a name="HIV.H-DE80"> </a></td><td>Other reason for stopping ART</td><td>Client stopped ART for other reason</td></tr><tr><td style="white-space:nowrap">DE81<a name="HIV.H-DE81"> </a></td><td>Other reason for stopping ART (specify)</td><td>Client stopped ART for other reason (specify)</td></tr></table></div></text><url value="http://worldhealthorganization.github.io/smart/CodeSystem/HIV.H"/><version value="0.1.0"/><name value="HIV_M"/><title value="HIV.H Follow-up  CodeSystem"/><status value="draft"/><experimental value="false"/><date value="2023-12-10T23:49:26+00:00"/><publisher value="WHO"/><contact><name value="WHO"/><telecom><system value="url"/><value value="http://who.int"/></telecom></contact><description value="CodeSystem for HIV.H Follow-up  Data Elements"/><caseSensitive value="false"/><content value="complete"/><count value="81"/><concept><code value="DE1"/><display value="Reason for follow-up"/><definition value="The reason why the client is being followed up"/></concept><concept><code value="DE2"/><display value="Missed care visit"/><definition value="Client did not present for a care appointment as scheduled / as expected"/></concept><concept><code value="DE3"/><display value="Missed medication pickup"/><definition value="Client did not pick up medication as scheduled from pharmacy or other drug distribution point"/></concept><concept><code value="DE4"/><display value="Did not initiate ART"/><definition value="Client did not initiate ART at the same time as diagnosis (e.g., because they required additional counselling) and required follow-up for ART initiation"/></concept><concept><code value="DE5"/><display value="Incomplete visit"/><definition value="Client presented for care, but left before services were completed, e.g., due to long wait times or not staying to have labs taken"/></concept><concept><code value="DE6"/><display value="Inconclusive HIV status"/><definition value="Client has not returned for a follow-up test after an inconclusive test result"/></concept><concept><code value="DE7"/><display value="Test results received"/><definition value="Client needs to be informed of test results (e.g., viral load)"/></concept><concept><code value="DE8"/><display value="Other follow-up reason"/><definition value="Client was followed up for another reason"/></concept><concept><code value="DE9"/><display value="Other follow-up reason (specify)"/><definition value="Client was followed up for another reason (specify)"/></concept><concept><code value="DE10"/><display value="Client contact attempted"/><definition value="An attempt to locate the client was made"/></concept><concept><code value="DE11"/><display value="Date of contact attempt"/><definition value="Date of attempt to contact client"/></concept><concept><code value="DE12"/><display value="Contact attempted by"/><definition value="Who attempted to reach out to the client"/></concept><concept><code value="DE13"/><display value="Contact method"/><definition value="Method used to try to reach out to the client"/></concept><concept><code value="DE14"/><display value="Home visit"/><definition value="Contacted client at home"/></concept><concept><code value="DE15"/><display value="Text message"/><definition value="Contacted client by short message service (SMS) text"/></concept><concept><code value="DE16"/><display value="Phone"/><definition value="Contacted client by phone call"/></concept><concept><code value="DE17"/><display value="Source of information"/><definition value="Source of information about the client"/></concept><concept><code value="DE18"/><display value="Client"/><definition value="The client was the source of information"/></concept><concept><code value="DE19"/><display value="Informed by treatment provider"/><definition value="Source of information was a treatment provider of the client"/></concept><concept><code value="DE20"/><display value="Informed by family or partner"/><definition value="Source of information was a family member of partner"/></concept><concept><code value="DE21"/><display value="Other source of information"/><definition value="Information about the client's status was provided by someone else"/></concept><concept><code value="DE22"/><display value="Other source of information (specify)"/><definition value="Information about the client's status was provided by someone else (specify)"/></concept><concept><code value="DE23"/><display value="Outcome from outreach attempt"/><definition value="Detailed outcome from the attempt to locate the client"/></concept><concept><code value="DE24"/><display value="Returning to clinic"/><definition value="Client was located and agreed to return to clinic"/></concept><concept><code value="DE25"/><display value="Self-transferred out"/><definition value="Client transferred to another facility for care (client-initiated transfer, not provider-initiated transfer)"/></concept><concept><code value="DE26"/><display value="Hospitalized"/><definition value="Client was hospitalized"/></concept><concept><code value="DE27"/><display value="Refused to return"/><definition value="Client was found but declined to return to treatment"/></concept><concept><code value="DE28"/><display value="Not located "/><definition value="Attempt was made to locate client, but client was not found"/></concept><concept><code value="DE29"/><display value="Died (reported)"/><definition value="The client was reported as having died"/></concept><concept><code value="DE30"/><display value="Moved from catchment area"/><definition value="The client moved from the catchment area (may be reported from the community level)"/></concept><concept><code value="DE31"/><display value="Date client moved from catchment area"/><definition value="The date on which the client moved from the catchment area, if known"/></concept><concept><code value="DE32"/><display value="New catchment area"/><definition value="New catchment area where the client resides"/></concept><concept><code value="DE33"/><display value="Partner or contact of index case"/><definition value="The client was identified by an index case as a partner or contact"/></concept><concept><code value="DE34"/><display value="HIV status of partner or contact"/><definition value="HIV status of the partner or contact given by the index case"/></concept><concept><code value="DE35"/><display value="Already knew positive"/><definition value="The partner or contact of the index case already knew they are HIV-positive"/></concept><concept><code value="DE36"/><display value="Newly diagnosed"/><definition value="The partner or contact of the index case is newly diagnosed as HIV-positive"/></concept><concept><code value="DE37"/><display value="Negative"/><definition value="The partner or contact of the index case is newly diagnosed is HIV-negative"/></concept><concept><code value="DE38"/><display value="Date of death "/><definition value="If deceased, the date that the client died"/></concept><concept><code value="DE39"/><display value="Cause of death"/><definition value="Cause of death, if known"/></concept><concept><code value="DE40"/><display value="Place of death"/><definition value="Where the client died, if known"/></concept><concept><code value="DE41"/><display value="HIV treatment outcome"/><definition value="The outcome for the client which is used for reporting retention/attrition."/></concept><concept><code value="DE42"/><display value="Lost to follow-up"/><definition value="Twenty-eight days or more since last missed appointment "/></concept><concept><code value="DE43"/><display value="Transferred out"/><definition value="The client transferred to another facility"/></concept><concept><code value="DE44"/><display value="Death (documented)"/><definition value="People living with HIV previously on ART who are confirmed to have died from any cause"/></concept><concept><code value="DE45"/><display value="Refused (stopped) treatment"/><definition value="Client was contacted and confirmed to have stopped ART (reasons may include stigma and discrimination, faith healing, etc.)"/></concept><concept><code value="DE46"/><display value="Date patient lost to follow-up"/><definition value="Date patient was lost to follow-up (LTFU)"/></concept><concept><code value="DE47"/><display value="On ART"/><definition value="Client is currently taking ART "/></concept><concept><code value="DE48"/><display value="Date HIV treatment outcome changed"/><definition value="The date on which the client's outcome (lost to follow-up, transferred out, death (documented), or refused (stopped) treatment) changed"/></concept><concept><code value="DE49"/><display value="Transfer confirmed"/><definition value="Select if transfer to another facility is confirmed"/></concept><concept><code value="DE50"/><display value="Transfer to facility"/><definition value="Name of health facility client was transferred to"/></concept><concept><code value="DE51"/><display value="Date of transfer out"/><definition value="The date the client transferred out of the facility to be provided with care at another facility"/></concept><concept><code value="DE52"/><display value="Adherence assessment"/><definition value="Whether client is adherent or not to ART regimen per national guidelines (immunological or virological monitoring)"/></concept><concept><code value="DE53"/><display value="Reason(s) for adherence problem"/><definition value="Reason why client is not adherent"/></concept><concept><code value="DE54"/><display value="Forgot"/><definition value="Client reported not being adherent because they forgot"/></concept><concept><code value="DE55"/><display value="Toxicity/side effects"/><definition value="Client reported not being adherent because of toxicity/side effects"/></concept><concept><code value="DE56"/><display value="Busy"/><definition value="Client reported not being adherent because they were busy"/></concept><concept><code value="DE57"/><display value="Change of routine"/><definition value="Client reported not being adherent because of a change of routine"/></concept><concept><code value="DE58"/><display value="Travel cost"/><definition value="Client reported not being adherent because of travel cost"/></concept><concept><code value="DE59"/><display value="Distance to clinic"/><definition value="Client reported not being adherent because of distance to clinic "/></concept><concept><code value="DE60"/><display value="Client lost/ran out of pills"/><definition value="Client reported not being adherent because of client lost/ran out of pills"/></concept><concept><code value="DE61"/><display value="Stock-out"/><definition value="Client reported not being adherent because of a stock-out"/></concept><concept><code value="DE62"/><display value="Too ill"/><definition value="Client reported not being adherent because of being too ill"/></concept><concept><code value="DE63"/><display value="Pill burden"/><definition value="Client reported not being adherent because of the pill burden"/></concept><concept><code value="DE64"/><display value="Felt well"/><definition value="Client reported not being adherent because they felt well"/></concept><concept><code value="DE65"/><display value="Depression"/><definition value="Client reported not being adherent because of depression"/></concept><concept><code value="DE66"/><display value="Alcohol use"/><definition value="Client reported not being adherent because of alcohol use"/></concept><concept><code value="DE67"/><display value="Substance use"/><definition value="Client reported not being adherent because of substance use (i.e., drugs)"/></concept><concept><code value="DE68"/><display value="Stigma/disclosure concerns"/><definition value="Client reported not being adherent because of stigma/disclosure concerns"/></concept><concept><code value="DE69"/><display value="Lack of food"/><definition value="Client reported not being adherent because of a lack of food"/></concept><concept><code value="DE70"/><display value="Poor palatability"/><definition value="Client reported not being adherent because of poor palatability"/></concept><concept><code value="DE71"/><display value="Other"/><definition value="Client reported not being adherent because of other reason"/></concept><concept><code value="DE72"/><display value="Other (specify)"/><definition value="Client reported not being adherent because of other reason (specify)"/></concept><concept><code value="DE73"/><display value="Date ART stopped"/><definition value="Date on which client stopped ART"/></concept><concept><code value="DE74"/><display value="Reason ART stopped"/><definition value="Reason why client intentionally stopped ART"/></concept><concept><code value="DE75"/><display value="Toxicity/side effects"/><definition value="Client stopped ART because of toxicity/side effects"/></concept><concept><code value="DE76"/><display value="Severe illness, hospitalization"/><definition value="Client stopped ART because of severe illness, hospitalization"/></concept><concept><code value="DE77"/><display value="Drugs out of stock "/><definition value="Client stopped ART because of drugs being out of stock "/></concept><concept><code value="DE78"/><display value="Client lacks finances "/><definition value="Client stopped ART because client lacked finances "/></concept><concept><code value="DE79"/><display value="Excluded HIV infection in infant"/><definition value="Client stopped ART because the infant was determined to not have HIV"/></concept><concept><code value="DE80"/><display value="Other reason for stopping ART"/><definition value="Client stopped ART for other reason"/></concept><concept><code value="DE81"/><display value="Other reason for stopping ART (specify)"/><definition value="Client stopped ART for other reason (specify)"/></concept></CodeSystem>