{"resourceType":"CodeSystem","id":"HIV.G","text":{"status":"generated","div":"<div xmlns=\"http://www.w3.org/1999/xhtml\"><p>This case-insensitive code system <code>http://worldhealthorganization.github.io/smart/CodeSystem/HIV.G</code> defines the following codes:</p><table class=\"codes\"><tr><td style=\"white-space:nowrap\"><b>Code</b></td><td><b>Display</b></td><td><b>Definition</b></td></tr><tr><td style=\"white-space:nowrap\">DE1<a name=\"HIV.G-DE1\"> </a></td><td>CD4 count</td><td>CD4 cell count in cells/mm^3</td></tr><tr><td style=\"white-space:nowrap\">DE2<a name=\"HIV.G-DE2\"> </a></td><td>CD4 cell percentage</td><td>CD4 cell percentage</td></tr><tr><td style=\"white-space:nowrap\">DE3<a name=\"HIV.G-DE3\"> </a></td><td>Baseline CD4 count</td><td>CD4 result from first CD4 test performed (such as at treatment initiation), also may be called CD4 at ART initiation or at ART start</td></tr><tr><td style=\"white-space:nowrap\">DE4<a name=\"HIV.G-DE4\"> </a></td><td>Date of baseline CD4 count sample collection</td><td>Date and time when baseline CD4 count test sample was collected</td></tr><tr><td style=\"white-space:nowrap\">DE5<a name=\"HIV.G-DE5\"> </a></td><td>Late ART initiation</td><td>The client's first CD4 count from baseline CD4 test performed (such as at treatment initiation) was a count of &lt;200 cells/mm3</td></tr><tr><td style=\"white-space:nowrap\">DE6<a name=\"HIV.G-DE6\"> </a></td><td>Date of CD4 sample collection</td><td>Date sample to be used for CD4 count was collected</td></tr><tr><td style=\"white-space:nowrap\">DE7<a name=\"HIV.G-DE7\"> </a></td><td>Viral load test conducted</td><td>A viral load test was performed</td></tr><tr><td style=\"white-space:nowrap\">DE8<a name=\"HIV.G-DE8\"> </a></td><td>Date of viral load sample collection</td><td>Date and time when the sample was collected to test the client's HIV viral load</td></tr><tr><td style=\"white-space:nowrap\">DE9<a name=\"HIV.G-DE9\"> </a></td><td>Date of first viral load sample collection</td><td>Date and time when the sample was collected to test the client's HIV viral load for the first time</td></tr><tr><td style=\"white-space:nowrap\">DE10<a name=\"HIV.G-DE10\"> </a></td><td>Date viral load sample sent</td><td>Date viral load sample sent to the lab</td></tr><tr><td style=\"white-space:nowrap\">DE11<a name=\"HIV.G-DE11\"> </a></td><td>First viral load test result</td><td>Result from the initial viral load test in number of copies/mL</td></tr><tr><td style=\"white-space:nowrap\">DE12<a name=\"HIV.G-DE12\"> </a></td><td>Viral load test result</td><td>Result from the viral load test in number of copies/mL</td></tr><tr><td style=\"white-space:nowrap\">DE13<a name=\"HIV.G-DE13\"> </a></td><td>HIV viral load specimen type</td><td>The type of specimen to be used to test viral load</td></tr><tr><td style=\"white-space:nowrap\">DE14<a name=\"HIV.G-DE14\"> </a></td><td>Liquid plasma specimen for viral load testing</td><td>Liquid plasma and using ethylenediaminetetraacetic acid (EDTA) or plasma preparation tubes for viral load test</td></tr><tr><td style=\"white-space:nowrap\">DE15<a name=\"HIV.G-DE15\"> </a></td><td>Dried blood spot specimen</td><td>Dried blood spot specimen (DBS) for viral load test</td></tr><tr><td style=\"white-space:nowrap\">DE16<a name=\"HIV.G-DE16\"> </a></td><td>Dried plasma spot from a plasma separation card</td><td>Dried plasma spot from a plasma separation card for viral load test</td></tr><tr><td style=\"white-space:nowrap\">DE17<a name=\"HIV.G-DE17\"> </a></td><td>HBsAg test date</td><td>Date client was tested for hepatitis B virus (HBV)</td></tr><tr><td style=\"white-space:nowrap\">DE18<a name=\"HIV.G-DE18\"> </a></td><td>HBsAg test result</td><td>Hepatitis B virus test result (HBsAg)</td></tr><tr><td style=\"white-space:nowrap\">DE19<a name=\"HIV.G-DE19\"> </a></td><td>Positive</td><td>HBsAg test result was positive</td></tr><tr><td style=\"white-space:nowrap\">DE20<a name=\"HIV.G-DE20\"> </a></td><td>Negative</td><td>HBsAg test result was negative</td></tr><tr><td style=\"white-space:nowrap\">DE21<a name=\"HIV.G-DE21\"> </a></td><td>Indeterminate</td><td>HBsAg test result was indeterminate</td></tr><tr><td style=\"white-space:nowrap\">DE22<a name=\"HIV.G-DE22\"> </a></td><td>Reason Hepatitis B test not conducted</td><td>Reason why a hepatitis B test was not done</td></tr><tr><td style=\"white-space:nowrap\">DE23<a name=\"HIV.G-DE23\"> </a></td><td>Test delayed to next contact or referred</td><td>Test has been delayed to the next contact or client was referred to another provider/facility</td></tr><tr><td style=\"white-space:nowrap\">DE24<a name=\"HIV.G-DE24\"> </a></td><td>Stock-out or expired</td><td>Test out of stock or stock present but expired</td></tr><tr><td style=\"white-space:nowrap\">DE25<a name=\"HIV.G-DE25\"> </a></td><td>Machine or technician not available or machine not functioning</td><td>Test machine or technician is unavailable, or machine is not functioning</td></tr><tr><td style=\"white-space:nowrap\">DE26<a name=\"HIV.G-DE26\"> </a></td><td>Client declined / refused test</td><td>Client declined or refused test being undertaken</td></tr><tr><td style=\"white-space:nowrap\">DE27<a name=\"HIV.G-DE27\"> </a></td><td>Other</td><td>Other reason test not performed</td></tr><tr><td style=\"white-space:nowrap\">DE28<a name=\"HIV.G-DE28\"> </a></td><td>Other (specify)</td><td>Other reason test not performed (specify)</td></tr><tr><td style=\"white-space:nowrap\">DE29<a name=\"HIV.G-DE29\"> </a></td><td>Hepatitis B diagnosis</td><td>Client's hepatitis B diagnosis</td></tr><tr><td style=\"white-space:nowrap\">DE30<a name=\"HIV.G-DE30\"> </a></td><td>Hepatitis B positive</td><td>Client is positive for Hepatitis B</td></tr><tr><td style=\"white-space:nowrap\">DE31<a name=\"HIV.G-DE31\"> </a></td><td>Hepatitis B negative</td><td>Client is negative for Hepatitis B</td></tr><tr><td style=\"white-space:nowrap\">DE32<a name=\"HIV.G-DE32\"> </a></td><td>Hepatitis C screening date</td><td>Date when client was screened for HCV</td></tr><tr><td style=\"white-space:nowrap\">DE33<a name=\"HIV.G-DE33\"> </a></td><td>Hepatitis C test ordered</td><td>Hepatitis C test has been ordered</td></tr><tr><td style=\"white-space:nowrap\">DE34<a name=\"HIV.G-DE34\"> </a></td><td>Hepatitis C test conducted</td><td>Whether a hepatitis C test was conducted</td></tr><tr><td style=\"white-space:nowrap\">DE35<a name=\"HIV.G-DE35\"> </a></td><td>Reason Hepatitis C test not done</td><td>Reason why a hepatitis C test was not done</td></tr><tr><td style=\"white-space:nowrap\">DE36<a name=\"HIV.G-DE36\"> </a></td><td>Test delayed to next contact or referred</td><td>Test has been delayed to the next contact or client was referred to another provider/facility</td></tr><tr><td style=\"white-space:nowrap\">DE37<a name=\"HIV.G-DE37\"> </a></td><td>Stock-out or expired</td><td>Test out of stock or stock present but expired</td></tr><tr><td style=\"white-space:nowrap\">DE38<a name=\"HIV.G-DE38\"> </a></td><td>Machine or technician not available or machine not functioning</td><td>Test machine or technician is unavailable, or machine is not functioning</td></tr><tr><td style=\"white-space:nowrap\">DE39<a name=\"HIV.G-DE39\"> </a></td><td>Client declined / refused test</td><td>Client declined or refused test being undertaken</td></tr><tr><td style=\"white-space:nowrap\">DE40<a name=\"HIV.G-DE40\"> </a></td><td>Other</td><td>Other reason test not performed</td></tr><tr><td style=\"white-space:nowrap\">DE41<a name=\"HIV.G-DE41\"> </a></td><td>Other (specify)</td><td>Other reason test not performed (specify)</td></tr><tr><td style=\"white-space:nowrap\">DE42<a name=\"HIV.G-DE42\"> </a></td><td>HCV test date</td><td>Date client was tested for hepatitis C virus (HCV antibody, HCV RNA or HCV core antigen)</td></tr><tr><td style=\"white-space:nowrap\">DE43<a name=\"HIV.G-DE43\"> </a></td><td>HCV test result</td><td>Hepatitis C virus test result (HCV antibody, HCV RNA or HCV core antigen)</td></tr><tr><td style=\"white-space:nowrap\">DE44<a name=\"HIV.G-DE44\"> </a></td><td>Positive</td><td>HCV test result was positive</td></tr><tr><td style=\"white-space:nowrap\">DE45<a name=\"HIV.G-DE45\"> </a></td><td>Negative</td><td>HCV test result was negative</td></tr><tr><td style=\"white-space:nowrap\">DE46<a name=\"HIV.G-DE46\"> </a></td><td>Indeterminate</td><td>HCV test result was indeterminate</td></tr><tr><td style=\"white-space:nowrap\">DE47<a name=\"HIV.G-DE47\"> </a></td><td>HCV viral load test date</td><td>Hepatitis C viral load test date</td></tr><tr><td style=\"white-space:nowrap\">DE48<a name=\"HIV.G-DE48\"> </a></td><td>HCV viral load test result</td><td>Hepatitis C viral load test result (qualitative)</td></tr><tr><td style=\"white-space:nowrap\">DE49<a name=\"HIV.G-DE49\"> </a></td><td>Detected</td><td>HCV was detected</td></tr><tr><td style=\"white-space:nowrap\">DE50<a name=\"HIV.G-DE50\"> </a></td><td>Not detected</td><td>HCV was not detected</td></tr><tr><td style=\"white-space:nowrap\">DE51<a name=\"HIV.G-DE51\"> </a></td><td>Hepatitis C diagnosis</td><td>Client's hepatitis C diagnosis</td></tr><tr><td style=\"white-space:nowrap\">DE52<a name=\"HIV.G-DE52\"> </a></td><td>Hepatitis C positive</td><td>Client is positive for hepatitis C</td></tr><tr><td style=\"white-space:nowrap\">DE53<a name=\"HIV.G-DE53\"> </a></td><td>Hepatitis C negative</td><td>Client is negative for hepatitis C</td></tr><tr><td style=\"white-space:nowrap\">DE54<a name=\"HIV.G-DE54\"> </a></td><td>Syphilis test required</td><td>Syphilis test is required</td></tr><tr><td style=\"white-space:nowrap\">DE55<a name=\"HIV.G-DE55\"> </a></td><td>Syphilis test type</td><td>Type of diagnostic test used for syphilis (treponema pallidum)</td></tr><tr><td style=\"white-space:nowrap\">DE56<a name=\"HIV.G-DE56\"> </a></td><td>Treponemal</td><td>Treponemal test used </td></tr><tr><td style=\"white-space:nowrap\">DE57<a name=\"HIV.G-DE57\"> </a></td><td>Non-treponemal</td><td>Non-treponemal test used</td></tr><tr><td style=\"white-space:nowrap\">DE58<a name=\"HIV.G-DE58\"> </a></td><td>POC Test</td><td>Point-of-care (POC) test used</td></tr><tr><td style=\"white-space:nowrap\">DE59<a name=\"HIV.G-DE59\"> </a></td><td>NAAT</td><td>Nucleic Acid Amplification Test (NAAT) used</td></tr><tr><td style=\"white-space:nowrap\">DE60<a name=\"HIV.G-DE60\"> </a></td><td>Other</td><td>Other test used</td></tr><tr><td style=\"white-space:nowrap\">DE61<a name=\"HIV.G-DE61\"> </a></td><td>Other syphilis test type (specify)</td><td>Other test used (specify)</td></tr><tr><td style=\"white-space:nowrap\">DE62<a name=\"HIV.G-DE62\"> </a></td><td>Reason syphilis test not done</td><td>Reason why a syphilis test was not done</td></tr><tr><td style=\"white-space:nowrap\">DE63<a name=\"HIV.G-DE63\"> </a></td><td>Test delayed to next contact or referred</td><td>Test has been delayed to the next contact or client was referred to another provider/facility</td></tr><tr><td style=\"white-space:nowrap\">DE64<a name=\"HIV.G-DE64\"> </a></td><td>Stock-out or expired</td><td>Test out of stock or stock present but expired</td></tr><tr><td style=\"white-space:nowrap\">DE65<a name=\"HIV.G-DE65\"> </a></td><td>Machine or technician not available or machine not functioning</td><td>Test machine or technician is unavailable, or machine is not functioning</td></tr><tr><td style=\"white-space:nowrap\">DE66<a name=\"HIV.G-DE66\"> </a></td><td>Client declined / refused test</td><td>Client declined or refused test being undertaken</td></tr><tr><td style=\"white-space:nowrap\">DE67<a name=\"HIV.G-DE67\"> </a></td><td>Other</td><td>Other reason test not performed</td></tr><tr><td style=\"white-space:nowrap\">DE68<a name=\"HIV.G-DE68\"> </a></td><td>Other (specify)</td><td>Other reason test not performed (specify)</td></tr><tr><td style=\"white-space:nowrap\">DE69<a name=\"HIV.G-DE69\"> </a></td><td>Syphilis test date</td><td>Date of syphilis test</td></tr><tr><td style=\"white-space:nowrap\">DE70<a name=\"HIV.G-DE70\"> </a></td><td>Syphilis test result</td><td>Result from syphilis test</td></tr><tr><td style=\"white-space:nowrap\">DE71<a name=\"HIV.G-DE71\"> </a></td><td>Positive</td><td>Test result is positive for syphilis</td></tr><tr><td style=\"white-space:nowrap\">DE72<a name=\"HIV.G-DE72\"> </a></td><td>Negative</td><td>Test result is negative for syphilis</td></tr><tr><td style=\"white-space:nowrap\">DE73<a name=\"HIV.G-DE73\"> </a></td><td>Inconclusive</td><td>Test result is inconclusive</td></tr><tr><td style=\"white-space:nowrap\">DE74<a name=\"HIV.G-DE74\"> </a></td><td>Syphilis diagnosis</td><td>Client's syphilis diagnosis</td></tr><tr><td style=\"white-space:nowrap\">DE75<a name=\"HIV.G-DE75\"> </a></td><td>Syphilis positive</td><td>Client is positive for syphilis</td></tr><tr><td style=\"white-space:nowrap\">DE76<a name=\"HIV.G-DE76\"> </a></td><td>Syphilis negative</td><td>Client is negative for syphilis</td></tr><tr><td style=\"white-space:nowrap\">DE77<a name=\"HIV.G-DE77\"> </a></td><td>Other tests conducted</td><td>If the health worker performed other tests on the woman that are not explicitly listed in the application, select &quot;yes&quot; here and fill in the details below.</td></tr><tr><td style=\"white-space:nowrap\">DE78<a name=\"HIV.G-DE78\"> </a></td><td>Other test(s) name</td><td>Input the name of other test(s) that were done.</td></tr><tr><td style=\"white-space:nowrap\">DE79<a name=\"HIV.G-DE79\"> </a></td><td>Other test(s) date</td><td>Input the date of other test(s) that were done.</td></tr><tr><td style=\"white-space:nowrap\">DE80<a name=\"HIV.G-DE80\"> </a></td><td>Other test(s) result(s)</td><td>Input the result from the test(s).</td></tr></table></div>"},"url":"http://worldhealthorganization.github.io/smart/CodeSystem/HIV.G","version":"0.1.0","name":"HIV_G","title":"HIV.G Diagnostics  CodeSystem","status":"draft","experimental":false,"date":"2023-12-10T22:15:09+00:00","publisher":"WHO","contact":[{"name":"WHO","telecom":[{"system":"url","value":"http://who.int"}]}],"description":"CodeSystem for HIV.G Diagnostics  Data Elements","caseSensitive":false,"content":"complete","count":80,"concept":[{"code":"DE1","display":"CD4 count","definition":"CD4 cell count in cells/mm^3"},{"code":"DE2","display":"CD4 cell percentage","definition":"CD4 cell percentage"},{"code":"DE3","display":"Baseline CD4 count","definition":"CD4 result from first CD4 test performed (such as at treatment initiation), also may be called CD4 at ART initiation or at ART start"},{"code":"DE4","display":"Date of baseline CD4 count sample collection","definition":"Date and time when baseline CD4 count test sample was collected"},{"code":"DE5","display":"Late ART initiation","definition":"The client's first CD4 count from baseline CD4 test performed (such as at treatment initiation) was a count of <200 cells/mm3"},{"code":"DE6","display":"Date of CD4 sample collection","definition":"Date sample to be used for CD4 count was collected"},{"code":"DE7","display":"Viral load test conducted","definition":"A viral load test was performed"},{"code":"DE8","display":"Date of viral load sample collection","definition":"Date and time when the sample was collected to test the client's HIV viral load"},{"code":"DE9","display":"Date of first viral load sample collection","definition":"Date and time when the sample was collected to test the client's HIV viral load for the first time"},{"code":"DE10","display":"Date viral load sample sent","definition":"Date viral load sample sent to the lab"},{"code":"DE11","display":"First viral load test result","definition":"Result from the initial viral load test in number of copies/mL"},{"code":"DE12","display":"Viral load test result","definition":"Result from the viral load test in number of copies/mL"},{"code":"DE13","display":"HIV viral load specimen type","definition":"The type of specimen to be used to test viral load"},{"code":"DE14","display":"Liquid plasma specimen for viral load testing","definition":"Liquid plasma and using ethylenediaminetetraacetic acid (EDTA) or plasma preparation tubes for viral load test"},{"code":"DE15","display":"Dried blood spot specimen","definition":"Dried blood spot specimen (DBS) for viral load test"},{"code":"DE16","display":"Dried plasma spot from a plasma separation card","definition":"Dried plasma spot from a plasma separation card for viral load test"},{"code":"DE17","display":"HBsAg test date","definition":"Date client was tested for hepatitis B virus (HBV)"},{"code":"DE18","display":"HBsAg test result","definition":"Hepatitis B virus test result (HBsAg)"},{"code":"DE19","display":"Positive","definition":"HBsAg test result was positive"},{"code":"DE20","display":"Negative","definition":"HBsAg test result was negative"},{"code":"DE21","display":"Indeterminate","definition":"HBsAg test result was indeterminate"},{"code":"DE22","display":"Reason Hepatitis B test not conducted","definition":"Reason why a hepatitis B test was not done"},{"code":"DE23","display":"Test delayed to next contact or referred","definition":"Test has been delayed to the next contact or client was referred to another provider/facility"},{"code":"DE24","display":"Stock-out or expired","definition":"Test out of stock or stock present but expired"},{"code":"DE25","display":"Machine or technician not available or machine not functioning","definition":"Test machine or technician is unavailable, or machine is not functioning"},{"code":"DE26","display":"Client declined / refused test","definition":"Client declined or refused test being undertaken"},{"code":"DE27","display":"Other","definition":"Other reason test not performed"},{"code":"DE28","display":"Other (specify)","definition":"Other reason test not performed (specify)"},{"code":"DE29","display":"Hepatitis B diagnosis","definition":"Client's hepatitis B diagnosis"},{"code":"DE30","display":"Hepatitis B positive","definition":"Client is positive for Hepatitis B"},{"code":"DE31","display":"Hepatitis B negative","definition":"Client is negative for Hepatitis B"},{"code":"DE32","display":"Hepatitis C screening date","definition":"Date when client was screened for HCV"},{"code":"DE33","display":"Hepatitis C test ordered","definition":"Hepatitis C test has been ordered"},{"code":"DE34","display":"Hepatitis C test conducted","definition":"Whether a hepatitis C test was conducted"},{"code":"DE35","display":"Reason Hepatitis C test not done","definition":"Reason why a hepatitis C test was not done"},{"code":"DE36","display":"Test delayed to next contact or referred","definition":"Test has been delayed to the next contact or client was referred to another provider/facility"},{"code":"DE37","display":"Stock-out or expired","definition":"Test out of stock or stock present but expired"},{"code":"DE38","display":"Machine or technician not available or machine not functioning","definition":"Test machine or technician is unavailable, or machine is not functioning"},{"code":"DE39","display":"Client declined / refused test","definition":"Client declined or refused test being undertaken"},{"code":"DE40","display":"Other","definition":"Other reason test not performed"},{"code":"DE41","display":"Other (specify)","definition":"Other reason test not performed (specify)"},{"code":"DE42","display":"HCV test date","definition":"Date client was tested for hepatitis C virus (HCV antibody, HCV RNA or HCV core antigen)"},{"code":"DE43","display":"HCV test result","definition":"Hepatitis C virus test result (HCV antibody, HCV RNA or HCV core antigen)"},{"code":"DE44","display":"Positive","definition":"HCV test result was positive"},{"code":"DE45","display":"Negative","definition":"HCV test result was negative"},{"code":"DE46","display":"Indeterminate","definition":"HCV test result was indeterminate"},{"code":"DE47","display":"HCV viral load test date","definition":"Hepatitis C viral load test date"},{"code":"DE48","display":"HCV viral load test result","definition":"Hepatitis C viral load test result (qualitative)"},{"code":"DE49","display":"Detected","definition":"HCV was detected"},{"code":"DE50","display":"Not detected","definition":"HCV was not detected"},{"code":"DE51","display":"Hepatitis C diagnosis","definition":"Client's hepatitis C diagnosis"},{"code":"DE52","display":"Hepatitis C positive","definition":"Client is positive for hepatitis C"},{"code":"DE53","display":"Hepatitis C negative","definition":"Client is negative for hepatitis C"},{"code":"DE54","display":"Syphilis test required","definition":"Syphilis test is required"},{"code":"DE55","display":"Syphilis test type","definition":"Type of diagnostic test used for syphilis (treponema pallidum)"},{"code":"DE56","display":"Treponemal","definition":"Treponemal test used "},{"code":"DE57","display":"Non-treponemal","definition":"Non-treponemal test used"},{"code":"DE58","display":"POC Test","definition":"Point-of-care (POC) test used"},{"code":"DE59","display":"NAAT","definition":"Nucleic Acid Amplification Test (NAAT) used"},{"code":"DE60","display":"Other","definition":"Other test used"},{"code":"DE61","display":"Other syphilis test type (specify)","definition":"Other test used (specify)"},{"code":"DE62","display":"Reason syphilis test not done","definition":"Reason why a syphilis test was not done"},{"code":"DE63","display":"Test delayed to next contact or referred","definition":"Test has been delayed to the next contact or client was referred to another provider/facility"},{"code":"DE64","display":"Stock-out or expired","definition":"Test out of stock or stock present but expired"},{"code":"DE65","display":"Machine or technician not available or machine not functioning","definition":"Test machine or technician is unavailable, or machine is not functioning"},{"code":"DE66","display":"Client declined / refused test","definition":"Client declined or refused test being undertaken"},{"code":"DE67","display":"Other","definition":"Other reason test not performed"},{"code":"DE68","display":"Other (specify)","definition":"Other reason test not performed (specify)"},{"code":"DE69","display":"Syphilis test date","definition":"Date of syphilis test"},{"code":"DE70","display":"Syphilis test result","definition":"Result from syphilis test"},{"code":"DE71","display":"Positive","definition":"Test result is positive for syphilis"},{"code":"DE72","display":"Negative","definition":"Test result is negative for syphilis"},{"code":"DE73","display":"Inconclusive","definition":"Test result is inconclusive"},{"code":"DE74","display":"Syphilis diagnosis","definition":"Client's syphilis diagnosis"},{"code":"DE75","display":"Syphilis positive","definition":"Client is positive for syphilis"},{"code":"DE76","display":"Syphilis negative","definition":"Client is negative for syphilis"},{"code":"DE77","display":"Other tests conducted","definition":"If the health worker performed other tests on the woman that are not explicitly listed in the application, select \"yes\" here and fill in the details below."},{"code":"DE78","display":"Other test(s) name","definition":"Input the name of other test(s) that were done."},{"code":"DE79","display":"Other test(s) date","definition":"Input the date of other test(s) that were done."},{"code":"DE80","display":"Other test(s) result(s)","definition":"Input the result from the test(s)."}]}