{
  "resourceType" : "ConceptMap",
  "id" : "HIV.Prevention",
  "text" : {
    "status" : "extensions",
    "div" : "<div xmlns=\"http://www.w3.org/1999/xhtml\"><p>Mapping from (not specified) to (not specified)</p><p>ACTIVE. Published on 2023-12-09 by WHO (WHO: <a href=\"http://who.int\">http://who.int</a>). </p><div><p>Mapping to and from HIV.Prevention Data Dictionary to other codesystems.</p>\n</div><br/><p><b>Group 1</b>Mapping from <a href=\"CodeSystem-HIV.Prevention.html\">HIV.Prevention  CodeSystem</a> to <a href=\"http://terminology.hl7.org/5.3.0/CodeSystem-ICD11MMS.html\">International Classification of Diseases, 11th Revision Mortality and Morbidity Statistics (MMS)</a></p><table class=\"grid\"><tr><td><b>Source Code</b></td><td><b>Relationship</b></td><td><b>Target Code</b></td></tr><tr><td>DE1 (At elevated risk for HIV acquisition)</td><td><a href=\"http://hl7.org/fhir/R4B/codesystem-concept-map-equivalence.html#null\"/></td><td>QC90.6</td></tr><tr><td>DE12 (HIV-positive)</td><td><a href=\"http://hl7.org/fhir/R4B/codesystem-concept-map-equivalence.html#null\"/></td><td>QC90.6</td></tr><tr><td>DE13 (HIV-negative)</td><td><a href=\"http://hl7.org/fhir/R4B/codesystem-concept-map-equivalence.html#null\"/></td><td>QA02.Y</td></tr></table><hr/><p><b>Group 2</b>Mapping from <a href=\"CodeSystem-HIV.Prevention.html\">HIV.Prevention  CodeSystem</a> to <a href=\"http://terminology.hl7.org/5.3.0/CodeSystem-icd10.html\">ICD-10</a></p><table class=\"grid\"><tr><td><b>Source Code</b></td><td><b>Relationship</b></td><td><b>Target Code</b></td></tr><tr><td>DE1 (At elevated risk for HIV acquisition)</td><td><a href=\"http://hl7.org/fhir/R4B/codesystem-concept-map-equivalence.html#null\"/></td><td>Z20.6 (Contact with and exposure to human immunodeficiency virus [HIV])</td></tr><tr><td>DE12 (HIV-positive)</td><td><a href=\"http://hl7.org/fhir/R4B/codesystem-concept-map-equivalence.html#null\"/></td><td>Z20.6 (Contact with and exposure to human immunodeficiency virus [HIV])</td></tr><tr><td>DE13 (HIV-negative)</td><td><a href=\"http://hl7.org/fhir/R4B/codesystem-concept-map-equivalence.html#null\"/></td><td>Z03.8 (Observation for other suspected diseases and conditions)</td></tr></table><hr/><p><b>Group 3</b>Mapping from <a href=\"CodeSystem-HIV.Prevention.html\">HIV.Prevention  CodeSystem</a> to <a href=\"http://terminology.hl7.org/5.3.0/CodeSystem-v3-loinc.html\">Logical Observation Identifiers, Names and Codes (LOINC)</a></p><table class=\"grid\"><tr><td><b>Source Code</b></td><td><b>Relationship</b></td><td><b>Target Code</b></td></tr><tr><td>DE1 (At elevated risk for HIV acquisition)</td><td><a href=\"http://hl7.org/fhir/R4B/codesystem-concept-map-equivalence.html#null\"/></td><td>97953-4 (Risk level of developing disease after exposure)</td></tr><tr><td>DE12 (HIV-positive)</td><td><a href=\"http://hl7.org/fhir/R4B/codesystem-concept-map-equivalence.html#null\"/></td><td>97953-4 (Risk level of developing disease after exposure)</td></tr><tr><td>DE15 (Date injecting equipment provided)</td><td><a href=\"http://hl7.org/fhir/R4B/codesystem-concept-map-equivalence.html#null\"/></td><td>67723-7 (Date of health-related event)</td></tr><tr><td>DE17 (Date OAMT initiated)</td><td><a href=\"http://hl7.org/fhir/R4B/codesystem-concept-map-equivalence.html#null\"/></td><td>67723-7 (Date of health-related event)</td></tr><tr><td>DE18 (Date OAMT dose received)</td><td><a href=\"http://hl7.org/fhir/R4B/codesystem-concept-map-equivalence.html#null\"/></td><td>67723-7 (Date of health-related event)</td></tr><tr><td>DE19 (Date OAMT take-away dose(s) dispensed)</td><td><a href=\"http://hl7.org/fhir/R4B/codesystem-concept-map-equivalence.html#null\"/></td><td>67723-7 (Date of health-related event)</td></tr><tr><td>DE24 (Date first maintenance dose received)</td><td><a href=\"http://hl7.org/fhir/R4B/codesystem-concept-map-equivalence.html#null\"/></td><td>91381-4 (Date medication started - Reported)</td></tr><tr><td>DE25 (Date of loss to follow-up or OAMT stopped)</td><td><a href=\"http://hl7.org/fhir/R4B/codesystem-concept-map-equivalence.html#null\"/></td><td>91382-2 (Date medication stopped - Reported)</td></tr><tr><td>DE26 (Date medications dispensed)</td><td><a href=\"http://hl7.org/fhir/R4B/codesystem-concept-map-equivalence.html#null\"/></td><td>82765-9 (Date prescription dispensed Medication)</td></tr><tr><td>DE27 (Date medications prescribed)</td><td><a href=\"http://hl7.org/fhir/R4B/codesystem-concept-map-equivalence.html#null\"/></td><td>82765-9 (Date prescription dispensed Medication)</td></tr><tr><td>DE28 (Number of days prescribed)</td><td><a href=\"http://hl7.org/fhir/R4B/codesystem-concept-map-equivalence.html#null\"/></td><td>82776-6 (Days' supply prescribed [#] Medication)</td></tr></table><hr/><p><b>Group 4</b>Mapping from <a href=\"CodeSystem-HIV.Prevention.html\">HIV.Prevention  CodeSystem</a> to <a href=\"http://hl7.org/fhir/R4B/codesystem-snomedct.html\">SNOMED CT (all versions)</a></p><table class=\"grid\"><tr><td><b>Source Code</b></td><td><b>Relationship</b></td><td><b>Target Code</b></td></tr><tr><td>DE1 (At elevated risk for HIV acquisition)</td><td><a href=\"http://hl7.org/fhir/R4B/codesystem-concept-map-equivalence.html#null\"/></td><td>266974005.0</td></tr><tr><td>DE3 (PrEP service)</td><td><a href=\"http://hl7.org/fhir/R4B/codesystem-concept-map-equivalence.html#null\"/></td><td>278032008.0</td></tr><tr><td>DE4 (OAMT)</td><td><a href=\"http://hl7.org/fhir/R4B/codesystem-concept-map-equivalence.html#null\"/></td><td>23951000087100.0</td></tr><tr><td>DE5 (NSP)</td><td><a href=\"http://hl7.org/fhir/R4B/codesystem-concept-map-equivalence.html#null\"/></td><td>373655009.0</td></tr><tr><td>DE6 (STI services)</td><td><a href=\"http://hl7.org/fhir/R4B/codesystem-concept-map-equivalence.html#null\"/></td><td>788001008.0</td></tr><tr><td>DE7 (VMMC)</td><td><a href=\"http://hl7.org/fhir/R4B/codesystem-concept-map-equivalence.html#null\"/></td><td>830039004.0</td></tr><tr><td>DE12 (HIV-positive)</td><td><a href=\"http://hl7.org/fhir/R4B/codesystem-concept-map-equivalence.html#null\"/></td><td>165816005.0</td></tr><tr><td>DE13 (HIV-negative)</td><td><a href=\"http://hl7.org/fhir/R4B/codesystem-concept-map-equivalence.html#null\"/></td><td>165815009.0</td></tr><tr><td>DE14 (Unknown)</td><td><a href=\"http://hl7.org/fhir/R4B/codesystem-concept-map-equivalence.html#null\"/></td><td>261665006.0</td></tr><tr><td>DE15 (Date injecting equipment provided)</td><td><a href=\"http://hl7.org/fhir/R4B/codesystem-concept-map-equivalence.html#null\"/></td><td>439272007.0</td></tr><tr><td>DE16 (Number of needles-syringes provided)</td><td><a href=\"http://hl7.org/fhir/R4B/codesystem-concept-map-equivalence.html#null\"/></td><td>260965001.0</td></tr><tr><td>DE17 (Date OAMT initiated)</td><td><a href=\"http://hl7.org/fhir/R4B/codesystem-concept-map-equivalence.html#null\"/></td><td>439272007.0</td></tr><tr><td>DE18 (Date OAMT dose received)</td><td><a href=\"http://hl7.org/fhir/R4B/codesystem-concept-map-equivalence.html#null\"/></td><td>439272007.0</td></tr><tr><td>DE19 (Date OAMT take-away dose(s) dispensed)</td><td><a href=\"http://hl7.org/fhir/R4B/codesystem-concept-map-equivalence.html#null\"/></td><td>439272007.0</td></tr><tr><td>DE20 (Currently on OAMT)</td><td><a href=\"http://hl7.org/fhir/R4B/codesystem-concept-map-equivalence.html#null\"/></td><td>23961000087102.0</td></tr><tr><td>DE21 (Retained on OAMT)</td><td><a href=\"http://hl7.org/fhir/R4B/codesystem-concept-map-equivalence.html#null\"/></td><td>23961000087102.0</td></tr><tr><td>DE22 (Client being inducted on OAMT)</td><td><a href=\"http://hl7.org/fhir/R4B/codesystem-concept-map-equivalence.html#null\"/></td><td>23961000087102.0</td></tr><tr><td>DE23 (Client on reducing doses of OAMT)</td><td><a href=\"http://hl7.org/fhir/R4B/codesystem-concept-map-equivalence.html#null\"/></td><td>23961000087102.0</td></tr><tr><td>DE24 (Date first maintenance dose received)</td><td><a href=\"http://hl7.org/fhir/R4B/codesystem-concept-map-equivalence.html#null\"/></td><td>439272007.0</td></tr><tr><td>DE25 (Date of loss to follow-up or OAMT stopped)</td><td><a href=\"http://hl7.org/fhir/R4B/codesystem-concept-map-equivalence.html#null\"/></td><td>399307001.0</td></tr><tr><td>DE26 (Date medications dispensed)</td><td><a href=\"http://hl7.org/fhir/R4B/codesystem-concept-map-equivalence.html#null\"/></td><td>439272007.0</td></tr><tr><td>DE27 (Date medications prescribed)</td><td><a href=\"http://hl7.org/fhir/R4B/codesystem-concept-map-equivalence.html#null\"/></td><td>439272007.0</td></tr><tr><td>DE28 (Number of days prescribed)</td><td><a href=\"http://hl7.org/fhir/R4B/codesystem-concept-map-equivalence.html#null\"/></td><td>307144000.0</td></tr></table></div>"
  },
  "url" : "http://worldhealthorganization.github.io/smart/ConceptMap/HIV.Prevention",
  "version" : "0.1.0",
  "name" : "HIV_Prevention",
  "title" : "ConceptMap to and from HIV.Prevention DataElements",
  "status" : "active",
  "experimental" : false,
  "date" : "2023-12-09",
  "publisher" : "WHO",
  "contact" : [{
    "name" : "WHO",
    "telecom" : [{
      "system" : "url",
      "value" : "http://who.int"
    }]
  }],
  "description" : "Mapping to and from HIV.Prevention Data Dictionary to other codesystems.",
  "group" : [{
    "source" : "http://worldhealthorganization.github.io/smart/CodeSystem/HIV.Prevention",
    "target" : "http://id.who.int/icd/release/11/mms",
    "element" : [{
      "code" : "DE1",
      "target" : [{
        "modifierExtension" : [{
          "url" : "http://hl7.org/fhir/1.0/StructureDefinition/extension-ConceptMap.element.target.equivalence",
          "valueCode" : "equivalent"
        }],
        "code" : "QC90.6",
        "equivalence" : "equivalent"
      }]
    },
    {
      "code" : "DE12",
      "target" : [{
        "modifierExtension" : [{
          "url" : "http://hl7.org/fhir/1.0/StructureDefinition/extension-ConceptMap.element.target.equivalence",
          "valueCode" : "equivalent"
        }],
        "code" : "QC90.6",
        "equivalence" : "equivalent"
      }]
    },
    {
      "code" : "DE13",
      "target" : [{
        "modifierExtension" : [{
          "url" : "http://hl7.org/fhir/1.0/StructureDefinition/extension-ConceptMap.element.target.equivalence",
          "valueCode" : "equivalent"
        }],
        "code" : "QA02.Y",
        "equivalence" : "equivalent"
      }]
    }]
  },
  {
    "source" : "http://worldhealthorganization.github.io/smart/CodeSystem/HIV.Prevention",
    "target" : "http://hl7.org/fhir/sid/icd-10",
    "element" : [{
      "code" : "DE1",
      "target" : [{
        "modifierExtension" : [{
          "url" : "http://hl7.org/fhir/1.0/StructureDefinition/extension-ConceptMap.element.target.equivalence",
          "valueCode" : "equivalent"
        }],
        "code" : "Z20.6",
        "equivalence" : "equivalent"
      }]
    },
    {
      "code" : "DE12",
      "target" : [{
        "modifierExtension" : [{
          "url" : "http://hl7.org/fhir/1.0/StructureDefinition/extension-ConceptMap.element.target.equivalence",
          "valueCode" : "equivalent"
        }],
        "code" : "Z20.6",
        "equivalence" : "equivalent"
      }]
    },
    {
      "code" : "DE13",
      "target" : [{
        "modifierExtension" : [{
          "url" : "http://hl7.org/fhir/1.0/StructureDefinition/extension-ConceptMap.element.target.equivalence",
          "valueCode" : "equivalent"
        }],
        "code" : "Z03.8",
        "equivalence" : "equivalent"
      }]
    }]
  },
  {
    "source" : "http://worldhealthorganization.github.io/smart/CodeSystem/HIV.Prevention",
    "target" : "http://loinc.org",
    "element" : [{
      "code" : "DE1",
      "target" : [{
        "modifierExtension" : [{
          "url" : "http://hl7.org/fhir/1.0/StructureDefinition/extension-ConceptMap.element.target.equivalence",
          "valueCode" : "equivalent"
        }],
        "code" : "97953-4",
        "equivalence" : "equivalent"
      }]
    },
    {
      "code" : "DE12",
      "target" : [{
        "modifierExtension" : [{
          "url" : "http://hl7.org/fhir/1.0/StructureDefinition/extension-ConceptMap.element.target.equivalence",
          "valueCode" : "equivalent"
        }],
        "code" : "97953-4",
        "equivalence" : "equivalent"
      }]
    },
    {
      "code" : "DE15",
      "target" : [{
        "modifierExtension" : [{
          "url" : "http://hl7.org/fhir/1.0/StructureDefinition/extension-ConceptMap.element.target.equivalence",
          "valueCode" : "equivalent"
        }],
        "code" : "67723-7",
        "equivalence" : "equivalent"
      }]
    },
    {
      "code" : "DE17",
      "target" : [{
        "modifierExtension" : [{
          "url" : "http://hl7.org/fhir/1.0/StructureDefinition/extension-ConceptMap.element.target.equivalence",
          "valueCode" : "equivalent"
        }],
        "code" : "67723-7",
        "equivalence" : "equivalent"
      }]
    },
    {
      "code" : "DE18",
      "target" : [{
        "modifierExtension" : [{
          "url" : "http://hl7.org/fhir/1.0/StructureDefinition/extension-ConceptMap.element.target.equivalence",
          "valueCode" : "equivalent"
        }],
        "code" : "67723-7",
        "equivalence" : "equivalent"
      }]
    },
    {
      "code" : "DE19",
      "target" : [{
        "modifierExtension" : [{
          "url" : "http://hl7.org/fhir/1.0/StructureDefinition/extension-ConceptMap.element.target.equivalence",
          "valueCode" : "equivalent"
        }],
        "code" : "67723-7",
        "equivalence" : "equivalent"
      }]
    },
    {
      "code" : "DE24",
      "target" : [{
        "modifierExtension" : [{
          "url" : "http://hl7.org/fhir/1.0/StructureDefinition/extension-ConceptMap.element.target.equivalence",
          "valueCode" : "equivalent"
        }],
        "code" : "91381-4",
        "equivalence" : "equivalent"
      }]
    },
    {
      "code" : "DE25",
      "target" : [{
        "modifierExtension" : [{
          "url" : "http://hl7.org/fhir/1.0/StructureDefinition/extension-ConceptMap.element.target.equivalence",
          "valueCode" : "equivalent"
        }],
        "code" : "91382-2",
        "equivalence" : "equivalent"
      }]
    },
    {
      "code" : "DE26",
      "target" : [{
        "modifierExtension" : [{
          "url" : "http://hl7.org/fhir/1.0/StructureDefinition/extension-ConceptMap.element.target.equivalence",
          "valueCode" : "equivalent"
        }],
        "code" : "82765-9",
        "equivalence" : "equivalent"
      }]
    },
    {
      "code" : "DE27",
      "target" : [{
        "modifierExtension" : [{
          "url" : "http://hl7.org/fhir/1.0/StructureDefinition/extension-ConceptMap.element.target.equivalence",
          "valueCode" : "equivalent"
        }],
        "code" : "82765-9",
        "equivalence" : "equivalent"
      }]
    },
    {
      "code" : "DE28",
      "target" : [{
        "modifierExtension" : [{
          "url" : "http://hl7.org/fhir/1.0/StructureDefinition/extension-ConceptMap.element.target.equivalence",
          "valueCode" : "equivalent"
        }],
        "code" : "82776-6",
        "equivalence" : "equivalent"
      }]
    }]
  },
  {
    "source" : "http://worldhealthorganization.github.io/smart/CodeSystem/HIV.Prevention",
    "target" : "http://snomed.info/sct",
    "element" : [{
      "code" : "DE1",
      "target" : [{
        "modifierExtension" : [{
          "url" : "http://hl7.org/fhir/1.0/StructureDefinition/extension-ConceptMap.element.target.equivalence",
          "valueCode" : "equivalent"
        }],
        "code" : "266974005.0",
        "equivalence" : "equivalent"
      }]
    },
    {
      "code" : "DE3",
      "target" : [{
        "modifierExtension" : [{
          "url" : "http://hl7.org/fhir/1.0/StructureDefinition/extension-ConceptMap.element.target.equivalence",
          "valueCode" : "equivalent"
        }],
        "code" : "278032008.0",
        "equivalence" : "equivalent"
      }]
    },
    {
      "code" : "DE4",
      "target" : [{
        "modifierExtension" : [{
          "url" : "http://hl7.org/fhir/1.0/StructureDefinition/extension-ConceptMap.element.target.equivalence",
          "valueCode" : "equivalent"
        }],
        "code" : "23951000087100.0",
        "equivalence" : "equivalent"
      }]
    },
    {
      "code" : "DE5",
      "target" : [{
        "modifierExtension" : [{
          "url" : "http://hl7.org/fhir/1.0/StructureDefinition/extension-ConceptMap.element.target.equivalence",
          "valueCode" : "equivalent"
        }],
        "code" : "373655009.0",
        "equivalence" : "equivalent"
      }]
    },
    {
      "code" : "DE6",
      "target" : [{
        "modifierExtension" : [{
          "url" : "http://hl7.org/fhir/1.0/StructureDefinition/extension-ConceptMap.element.target.equivalence",
          "valueCode" : "equivalent"
        }],
        "code" : "788001008.0",
        "equivalence" : "equivalent"
      }]
    },
    {
      "code" : "DE7",
      "target" : [{
        "modifierExtension" : [{
          "url" : "http://hl7.org/fhir/1.0/StructureDefinition/extension-ConceptMap.element.target.equivalence",
          "valueCode" : "equivalent"
        }],
        "code" : "830039004.0",
        "equivalence" : "equivalent"
      }]
    },
    {
      "code" : "DE12",
      "target" : [{
        "modifierExtension" : [{
          "url" : "http://hl7.org/fhir/1.0/StructureDefinition/extension-ConceptMap.element.target.equivalence",
          "valueCode" : "equivalent"
        }],
        "code" : "165816005.0",
        "equivalence" : "equivalent"
      }]
    },
    {
      "code" : "DE13",
      "target" : [{
        "modifierExtension" : [{
          "url" : "http://hl7.org/fhir/1.0/StructureDefinition/extension-ConceptMap.element.target.equivalence",
          "valueCode" : "equivalent"
        }],
        "code" : "165815009.0",
        "equivalence" : "equivalent"
      }]
    },
    {
      "code" : "DE14",
      "target" : [{
        "modifierExtension" : [{
          "url" : "http://hl7.org/fhir/1.0/StructureDefinition/extension-ConceptMap.element.target.equivalence",
          "valueCode" : "equivalent"
        }],
        "code" : "261665006.0",
        "equivalence" : "equivalent"
      }]
    },
    {
      "code" : "DE15",
      "target" : [{
        "modifierExtension" : [{
          "url" : "http://hl7.org/fhir/1.0/StructureDefinition/extension-ConceptMap.element.target.equivalence",
          "valueCode" : "equivalent"
        }],
        "code" : "439272007.0",
        "equivalence" : "equivalent"
      }]
    },
    {
      "code" : "DE16",
      "target" : [{
        "modifierExtension" : [{
          "url" : "http://hl7.org/fhir/1.0/StructureDefinition/extension-ConceptMap.element.target.equivalence",
          "valueCode" : "equivalent"
        }],
        "code" : "260965001.0",
        "equivalence" : "equivalent"
      }]
    },
    {
      "code" : "DE17",
      "target" : [{
        "modifierExtension" : [{
          "url" : "http://hl7.org/fhir/1.0/StructureDefinition/extension-ConceptMap.element.target.equivalence",
          "valueCode" : "equivalent"
        }],
        "code" : "439272007.0",
        "equivalence" : "equivalent"
      }]
    },
    {
      "code" : "DE18",
      "target" : [{
        "modifierExtension" : [{
          "url" : "http://hl7.org/fhir/1.0/StructureDefinition/extension-ConceptMap.element.target.equivalence",
          "valueCode" : "equivalent"
        }],
        "code" : "439272007.0",
        "equivalence" : "equivalent"
      }]
    },
    {
      "code" : "DE19",
      "target" : [{
        "modifierExtension" : [{
          "url" : "http://hl7.org/fhir/1.0/StructureDefinition/extension-ConceptMap.element.target.equivalence",
          "valueCode" : "equivalent"
        }],
        "code" : "439272007.0",
        "equivalence" : "equivalent"
      }]
    },
    {
      "code" : "DE20",
      "target" : [{
        "modifierExtension" : [{
          "url" : "http://hl7.org/fhir/1.0/StructureDefinition/extension-ConceptMap.element.target.equivalence",
          "valueCode" : "equivalent"
        }],
        "code" : "23961000087102.0",
        "equivalence" : "equivalent"
      }]
    },
    {
      "code" : "DE21",
      "target" : [{
        "modifierExtension" : [{
          "url" : "http://hl7.org/fhir/1.0/StructureDefinition/extension-ConceptMap.element.target.equivalence",
          "valueCode" : "equivalent"
        }],
        "code" : "23961000087102.0",
        "equivalence" : "equivalent"
      }]
    },
    {
      "code" : "DE22",
      "target" : [{
        "modifierExtension" : [{
          "url" : "http://hl7.org/fhir/1.0/StructureDefinition/extension-ConceptMap.element.target.equivalence",
          "valueCode" : "equivalent"
        }],
        "code" : "23961000087102.0",
        "equivalence" : "equivalent"
      }]
    },
    {
      "code" : "DE23",
      "target" : [{
        "modifierExtension" : [{
          "url" : "http://hl7.org/fhir/1.0/StructureDefinition/extension-ConceptMap.element.target.equivalence",
          "valueCode" : "equivalent"
        }],
        "code" : "23961000087102.0",
        "equivalence" : "equivalent"
      }]
    },
    {
      "code" : "DE24",
      "target" : [{
        "modifierExtension" : [{
          "url" : "http://hl7.org/fhir/1.0/StructureDefinition/extension-ConceptMap.element.target.equivalence",
          "valueCode" : "equivalent"
        }],
        "code" : "439272007.0",
        "equivalence" : "equivalent"
      }]
    },
    {
      "code" : "DE25",
      "target" : [{
        "modifierExtension" : [{
          "url" : "http://hl7.org/fhir/1.0/StructureDefinition/extension-ConceptMap.element.target.equivalence",
          "valueCode" : "equivalent"
        }],
        "code" : "399307001.0",
        "equivalence" : "equivalent"
      }]
    },
    {
      "code" : "DE26",
      "target" : [{
        "modifierExtension" : [{
          "url" : "http://hl7.org/fhir/1.0/StructureDefinition/extension-ConceptMap.element.target.equivalence",
          "valueCode" : "equivalent"
        }],
        "code" : "439272007.0",
        "equivalence" : "equivalent"
      }]
    },
    {
      "code" : "DE27",
      "target" : [{
        "modifierExtension" : [{
          "url" : "http://hl7.org/fhir/1.0/StructureDefinition/extension-ConceptMap.element.target.equivalence",
          "valueCode" : "equivalent"
        }],
        "code" : "439272007.0",
        "equivalence" : "equivalent"
      }]
    },
    {
      "code" : "DE28",
      "target" : [{
        "modifierExtension" : [{
          "url" : "http://hl7.org/fhir/1.0/StructureDefinition/extension-ConceptMap.element.target.equivalence",
          "valueCode" : "equivalent"
        }],
        "code" : "307144000.0",
        "equivalence" : "equivalent"
      }]
    }]
  }]
}