<?xml version="1.0" encoding="UTF-8"?><ConceptMap xmlns="http://hl7.org/fhir"><id value="ICHI"/><text><status value="extensions"/><div xmlns="http://www.w3.org/1999/xhtml"><p>Mapping from (not specified) to (not specified)</p><p>DRAFT. Published on 2024-03-05 14:51:57+0000 by World Health Organization (WHO)  (<a href="https://www.who.int">https://www.who.int</a>). </p><div><p>Concept mapping from content extended codes to ICHI</p>
</div><br/><p><b>Group 1</b>Mapping from <a href="CodeSystem-concept-codes.html">itech-uw Concept Codes</a> to <code>https://mitel.dimi.uniud.it/ichi/#http://id.who.int/ichi</code></p><table class="grid"><tr><td><b>Source Code</b></td><td><b>Relationship</b></td><td><b>Target Code</b></td></tr><tr><td>HIV.C.DE118 (Male and female condoms and condom-compatible lubricants offered)</td><td><a href="http://hl7.org/fhir/R4/codesystem-concept-map-equivalence.html#equivalent" title="equivalent">is equivalent to</a></td><td>VEF.RD.ZZ (Provision of products to support improved sexual behaviours)</td></tr><tr><td>HIV.C.DE119 (Voluntary medical male circumcision (VMMC) referral)</td><td><a href="http://hl7.org/fhir/R4/codesystem-concept-map-equivalence.html#equivalent" title="equivalent">is equivalent to</a></td><td>NGM.JJ.AA (Code title:?Partial excision of penis)</td></tr><tr><td>HIV.C.DE120 (Harm reduction for people who inject drugs)</td><td><a href="http://hl7.org/fhir/R4/codesystem-concept-map-equivalence.html#equivalent" title="equivalent">is equivalent to</a></td><td>VAC.PP.ZZ (Code title:?Counselling about illicit drug use behaviours)</td></tr><tr><td>HIV.C.DE121 (Behavioural interventions to support risk reduction)</td><td><a href="http://hl7.org/fhir/R4/codesystem-concept-map-equivalence.html#equivalent" title="equivalent">is equivalent to</a></td><td>VE1.PP.ZZ (Code title:?Counselling about lifestyle behaviours)</td></tr><tr><td>HIV.C.DE132 (Contraception and family planning)</td><td><a href="http://hl7.org/fhir/R4/codesystem-concept-map-equivalence.html#equivalent" title="equivalent">is equivalent to</a></td><td>VEF.PP.ZZ (Counselling about sexual behaviours)</td></tr><tr><td>HIV.C.DE133 (Check pregnancy status)</td><td><a href="http://hl7.org/fhir/R4/codesystem-concept-map-equivalence.html#equivalent" title="equivalent">is equivalent to</a></td><td>PZX.AH.XB (Specimen collection, urine)</td></tr><tr><td>HIV.C.DE134 (Prevent mother-to-child transmission)</td><td><a href="http://hl7.org/fhir/R4/codesystem-concept-map-equivalence.html#equivalent" title="equivalent">is equivalent to</a></td><td>VE1.PP.ZZ (Code title:?Counselling about lifestyle behaviours)</td></tr><tr><td>HIV.C.DE135 (Cervical cancer screening and treatment)</td><td><a href="http://hl7.org/fhir/R4/codesystem-concept-map-equivalence.html#equivalent" title="equivalent">is equivalent to</a></td><td>NMF.AH.AC (Code title:?Cervical papanicolaou smear)</td></tr><tr><td>HIV.C.DE136 (Anal cancer screening (for men who have sex with men))</td><td><a href="http://hl7.org/fhir/R4/codesystem-concept-map-equivalence.html#equivalent" title="equivalent">is equivalent to</a></td><td>KBX.AE.AD (Code title:?Anoscopy)</td></tr><tr><td>HIV.C.DE137 (STI testing and treatment)</td><td><a href="http://hl7.org/fhir/R4/codesystem-concept-map-equivalence.html#equivalent" title="equivalent">is equivalent to</a></td><td>PZB.VC.ZZ (Code title:?Infectious disease contact tracing)</td></tr><tr><td>HIV.C.DE140 (Assessment and provision of vaccinations)</td><td><a href="http://hl7.org/fhir/R4/codesystem-concept-map-equivalence.html#equivalent" title="equivalent">is equivalent to</a></td><td>DTB.DB.AE (Code title:?Percutaneous administration of immunological agent, not elsewhere classified)</td></tr><tr><td>HIV.C.DE141 (Hepatitis B virus (HBV) and hepatitis C virus (HCV) testing and treatment)</td><td><a href="http://hl7.org/fhir/R4/codesystem-concept-map-equivalence.html#equivalent" title="equivalent">is equivalent to</a></td><td>DTB.DB.AE (Code title:?Percutaneous administration of immunological agent, not elsewhere classified)</td></tr><tr><td>HIV.C.DE142 (Co-trimoxazole chemoprophylaxis to prevent pneumocystis carinii pneumonia)</td><td><a href="http://hl7.org/fhir/R4/codesystem-concept-map-equivalence.html#equivalent" title="equivalent">is equivalent to</a></td><td>DTB.DB.AC (Code title:?Oral administration of immunological)</td></tr><tr><td>HIV.C.DE143 (Intensified TB case finding and linkage to TB treatment)</td><td><a href="http://hl7.org/fhir/R4/codesystem-concept-map-equivalence.html#equivalent" title="equivalent">is equivalent to</a></td><td>PZB.VC.ZZ (Code title:?Infectious disease contact tracing)</td></tr><tr><td>HIV.C.DE144 (Provision of isoniazid preventive therapy if person does not have TB)</td><td><a href="http://hl7.org/fhir/R4/codesystem-concept-map-equivalence.html#equivalent" title="equivalent">is equivalent to</a></td><td>DTB.DB.AC (Code title:?Oral administration of immunological)</td></tr><tr><td>HIV.C.DE145 (Malaria prevention (such as bed nets and prophylaxis), depending on epidemiology)</td><td><a href="http://hl7.org/fhir/R4/codesystem-concept-map-equivalence.html#equivalent" title="equivalent">is equivalent to</a></td><td>DTB.DB.AC (Code title:?Oral administration of immunological)</td></tr><tr><td>HIV.C.DE147 (Mental health services)</td><td><a href="http://hl7.org/fhir/R4/codesystem-concept-map-equivalence.html#equivalent" title="equivalent">is equivalent to</a></td><td>AS1.PP.ZZ (Code title:?Counselling for mental functions)</td></tr><tr><td>HIV.C.DE148 (Psychosocial counselling, support and treatment adherence counselling)</td><td><a href="http://hl7.org/fhir/R4/codesystem-concept-map-equivalence.html#equivalent" title="equivalent">is equivalent to</a></td><td>ATF.PP.ZZ (Code title:?Counselling for global psychosocial functions)</td></tr><tr><td>HIV.C.DE149 (Support for disclosure and partner services)</td><td><a href="http://hl7.org/fhir/R4/codesystem-concept-map-equivalence.html#equivalent" title="equivalent">is equivalent to</a></td><td>PZB.PP.ZZ (Code title:?Counselling, not elsewhere classified)</td></tr><tr><td>HIV.C.DE150 (Legal and social services)</td><td><a href="http://hl7.org/fhir/R4/codesystem-concept-map-equivalence.html#equivalent" title="equivalent">is equivalent to</a></td><td>PZB.PP.ZZ (Code title:?Counselling, not elsewhere classified)</td></tr><tr><td>HIV.C.DE151 (Services for responding to violence against women)</td><td><a href="http://hl7.org/fhir/R4/codesystem-concept-map-equivalence.html#equivalent" title="equivalent">is equivalent to</a></td><td>VBB.PP.ZZ (Code title:?Counselling about family and partner violence behaviours)</td></tr><tr><td>HIV.C.DE113 (Retesting for HIV)</td><td><a href="http://hl7.org/fhir/R4/codesystem-concept-map-equivalence.html#equivalent" title="equivalent">is equivalent to</a></td><td>PZX.AH.XA (Code title:?Specimen collection, blood)</td></tr><tr><td>HIV.C.DE114 (Scheduled follow-up appointment for PrEP)</td><td><a href="http://hl7.org/fhir/R4/codesystem-concept-map-equivalence.html#equivalent" title="equivalent">is equivalent to</a></td><td>PZX.AH.XA (Code title:?Specimen collection, blood)</td></tr><tr><td>HIV.C.DE2 (First time counselling on PrEP)</td><td><a href="http://hl7.org/fhir/R4/codesystem-concept-map-equivalence.html#equivalent" title="equivalent">is equivalent to</a></td><td>VAD.PP.ZZ (Code title:?Counselling about pharmaceutical use behaviours)</td></tr><tr><td>HIV.C.DE3 (Follow-up appointment for PrEP)</td><td><a href="http://hl7.org/fhir/R4/codesystem-concept-map-equivalence.html#equivalent" title="equivalent">is equivalent to</a></td><td>PZX.TI.ZZ (Code title:?Pharmacotherapy prescription)</td></tr><tr><td>HIV.C.DE4 (Restarting PrEP)</td><td><a href="http://hl7.org/fhir/R4/codesystem-concept-map-equivalence.html#equivalent" title="equivalent">is equivalent to</a></td><td>VAD.PP.ZZ (Code title:?Counselling about pharmaceutical use behaviours)</td></tr><tr><td>HIV.C.DE5 (Counselling on PEP)</td><td><a href="http://hl7.org/fhir/R4/codesystem-concept-map-equivalence.html#equivalent" title="equivalent">is equivalent to</a></td><td>VAD.PP.ZZ (Code title:?Counselling about pharmaceutical use behaviours)</td></tr><tr><td>HIV.C.DE7 (3-month PrEP visit)</td><td><a href="http://hl7.org/fhir/R4/codesystem-concept-map-equivalence.html#equivalent" title="equivalent">is equivalent to</a></td><td>PZX.TI.ZZ (Code title:?Pharmacotherapy prescription)</td></tr><tr><td>HIV.C.DE10 (Currently on PrEP)</td><td><a href="http://hl7.org/fhir/R4/codesystem-concept-map-equivalence.html#equivalent" title="equivalent">is equivalent to</a></td><td>PZX.DB.AC (Code title:?Administering pharmacotherapy, per orifice)</td></tr><tr><td>HIV.C.DE12 (Daily oral PrEP)</td><td><a href="http://hl7.org/fhir/R4/codesystem-concept-map-equivalence.html#equivalent" title="equivalent">is equivalent to</a></td><td>PZX.DB.AC (Code title:?Administering pharmacotherapy, per orifice)</td></tr><tr><td>HIV.C.DE13 (Event-driven PrEP (ED-PrEP))</td><td><a href="http://hl7.org/fhir/R4/codesystem-concept-map-equivalence.html#equivalent" title="equivalent">is equivalent to</a></td><td>PZX.DB.AC (Code title:?Administering pharmacotherapy, per orifice)</td></tr><tr><td>HIV.C.DE17 (TDF-FTC)</td><td><a href="http://hl7.org/fhir/R4/codesystem-concept-map-equivalence.html#equivalent" title="equivalent">is equivalent to</a></td><td>PZX.DB.AC (Code title:?Administering pharmacotherapy, per orifice)</td></tr><tr><td>HIV.C.DE18 (TDF)</td><td><a href="http://hl7.org/fhir/R4/codesystem-concept-map-equivalence.html#equivalent" title="equivalent">is equivalent to</a></td><td>PZX.DB.AC (Code title:?Administering pharmacotherapy, per orifice)</td></tr><tr><td>HIV.C.DE19 (TDF + 3TC)</td><td><a href="http://hl7.org/fhir/R4/codesystem-concept-map-equivalence.html#equivalent" title="equivalent">is equivalent to</a></td><td>PZX.DB.AC (Code title:?Administering pharmacotherapy, per orifice)</td></tr><tr><td>HIV.C.DE52 (On ART less than 6 months)</td><td><a href="http://hl7.org/fhir/R4/codesystem-concept-map-equivalence.html#equivalent" title="equivalent">is equivalent to</a></td><td>PZX.DB.AC (Code title:?Administering pharmacotherapy, per orifice)</td></tr><tr><td>HIV.C.DE54 (Partner is not virally suppressed)</td><td><a href="http://hl7.org/fhir/R4/codesystem-concept-map-equivalence.html#equivalent" title="equivalent">is equivalent to</a></td><td>PZB.VC.ZZ (Code title:?Infectious disease contact tracing)</td></tr><tr><td>HIV.C.DE59 (Serum creatinine test)</td><td><a href="http://hl7.org/fhir/R4/codesystem-concept-map-equivalence.html#equivalent" title="equivalent">is equivalent to</a></td><td>PZX.AH.XA (Code title:?Specimen collection, blood)</td></tr><tr><td>HIV.C.DE60 (Hepatitis B surface antigen)</td><td><a href="http://hl7.org/fhir/R4/codesystem-concept-map-equivalence.html#equivalent" title="equivalent">is equivalent to</a></td><td>PZX.AH.XA (Code title:?Specimen collection, blood)</td></tr><tr><td>HIV.C.DE61 (Hepatitis C antibody)</td><td><a href="http://hl7.org/fhir/R4/codesystem-concept-map-equivalence.html#equivalent" title="equivalent">is equivalent to</a></td><td>PZX.AH.XA (Code title:?Specimen collection, blood)</td></tr><tr><td>HIV.C.DE62 (Rapid plasma reagin)</td><td><a href="http://hl7.org/fhir/R4/codesystem-concept-map-equivalence.html#equivalent" title="equivalent">is equivalent to</a></td><td>PZX.AH.XA (Code title:?Specimen collection, blood)</td></tr><tr><td>HIV.C.DE63 (Other screening for STIs)</td><td><a href="http://hl7.org/fhir/R4/codesystem-concept-map-equivalence.html#equivalent" title="equivalent">is equivalent to</a></td><td>PZX.AH.XA (Code title:?Specimen collection, blood)</td></tr><tr><td>HIV.C.DE64 (Pregnancy testing)</td><td><a href="http://hl7.org/fhir/R4/codesystem-concept-map-equivalence.html#equivalent" title="equivalent">is equivalent to</a></td><td>PZX.AH.XB (Code title:?Specimen collection, urine)</td></tr><tr><td>HIV.C.DE65 (Review vaccination history)</td><td><a href="http://hl7.org/fhir/R4/codesystem-concept-map-equivalence.html#equivalent" title="equivalent">is equivalent to</a></td><td>VDA.AA.ZZ (Code title:?Assessment of immunisation behaviours)</td></tr><tr><td>HIV.C.DE67 (Serum creatinine test result)</td><td><a href="http://hl7.org/fhir/R4/codesystem-concept-map-equivalence.html#equivalent" title="equivalent">is equivalent to</a></td><td>PZX.AH.XA (Code title:?Specimen collection, blood)</td></tr><tr><td>HIV.C.DE69 (Tenofovir disoproxil and lamivudine (TDF + 3TC))</td><td><a href="http://hl7.org/fhir/R4/codesystem-concept-map-equivalence.html#equivalent" title="equivalent">is equivalent to</a></td><td>PZX.DB.AC (Code title:?Administering pharmacotherapy, per orifice)</td></tr><tr><td>HIV.C.DE70 (Tenofovir disoproxil and emtricitabine (TDF + FTC))</td><td><a href="http://hl7.org/fhir/R4/codesystem-concept-map-equivalence.html#equivalent" title="equivalent">is equivalent to</a></td><td>PZX.DB.AC (Code title:?Administering pharmacotherapy, per orifice)</td></tr><tr><td>HIV.C.DE72 (Dolutegravir (DTG))</td><td><a href="http://hl7.org/fhir/R4/codesystem-concept-map-equivalence.html#equivalent" title="equivalent">is equivalent to</a></td><td>PZX.DB.AC (Code title:?Administering pharmacotherapy, per orifice)</td></tr><tr><td>HIV.C.DE73 (Raltegravir (RAL))</td><td><a href="http://hl7.org/fhir/R4/codesystem-concept-map-equivalence.html#equivalent" title="equivalent">is equivalent to</a></td><td>PZX.DB.AC (Code title:?Administering pharmacotherapy, per orifice)</td></tr><tr><td>HIV.C.DE74 (Darunavir/ritonavir (DRV/r))</td><td><a href="http://hl7.org/fhir/R4/codesystem-concept-map-equivalence.html#equivalent" title="equivalent">is equivalent to</a></td><td>PZX.DB.AC (Code title:?Administering pharmacotherapy, per orifice)</td></tr><tr><td>HIV.C.DE75 (Atazanavir/ritonavir (ATV/r))</td><td><a href="http://hl7.org/fhir/R4/codesystem-concept-map-equivalence.html#equivalent" title="equivalent">is equivalent to</a></td><td>PZX.DB.AC (Code title:?Administering pharmacotherapy, per orifice)</td></tr><tr><td>HIV.C.DE76 (Lopinavir/ritonavir (LPV/r))</td><td><a href="http://hl7.org/fhir/R4/codesystem-concept-map-equivalence.html#equivalent" title="equivalent">is equivalent to</a></td><td>PZX.DB.AC (Code title:?Administering pharmacotherapy, per orifice)</td></tr><tr><td>HIV.C.DE78 (Zidovudine and lamivudine (AZT + 3TC))</td><td><a href="http://hl7.org/fhir/R4/codesystem-concept-map-equivalence.html#equivalent" title="equivalent">is equivalent to</a></td><td>PZX.DB.AC (Code title:?Administering pharmacotherapy, per orifice)</td></tr><tr><td>HIV.C.DE79 (Abacavir and lamivudine (ABC + 3TC))</td><td><a href="http://hl7.org/fhir/R4/codesystem-concept-map-equivalence.html#equivalent" title="equivalent">is equivalent to</a></td><td>PZX.DB.AC (Code title:?Administering pharmacotherapy, per orifice)</td></tr><tr><td>HIV.C.DE80 (Tenofovir disoproxil and lamivudine (TDF + 3TC))</td><td><a href="http://hl7.org/fhir/R4/codesystem-concept-map-equivalence.html#equivalent" title="equivalent">is equivalent to</a></td><td>PZX.DB.AC (Code title:?Administering pharmacotherapy, per orifice)</td></tr><tr><td>HIV.C.DE81 (Tenofovir disoproxil and emtricitabine (TDF + FTC))</td><td><a href="http://hl7.org/fhir/R4/codesystem-concept-map-equivalence.html#equivalent" title="equivalent">is equivalent to</a></td><td>PZX.DB.AC (Code title:?Administering pharmacotherapy, per orifice)</td></tr><tr><td>HIV.C.DE83 (Dolutegravir (DTG))</td><td><a href="http://hl7.org/fhir/R4/codesystem-concept-map-equivalence.html#equivalent" title="equivalent">is equivalent to</a></td><td>PZX.DB.AC (Code title:?Administering pharmacotherapy, per orifice)</td></tr><tr><td>HIV.C.DE84 (Atazanavir/ritonavir (ATV/r))</td><td><a href="http://hl7.org/fhir/R4/codesystem-concept-map-equivalence.html#equivalent" title="equivalent">is equivalent to</a></td><td>PZX.DB.AC (Code title:?Administering pharmacotherapy, per orifice)</td></tr><tr><td>HIV.C.DE85 (Lopinavir/ritonavir (LPV/r))</td><td><a href="http://hl7.org/fhir/R4/codesystem-concept-map-equivalence.html#equivalent" title="equivalent">is equivalent to</a></td><td>PZX.DB.AC (Code title:?Administering pharmacotherapy, per orifice)</td></tr><tr><td>HIV.C.DE86 (Darunavir/ritonavir (DRV/r))</td><td><a href="http://hl7.org/fhir/R4/codesystem-concept-map-equivalence.html#equivalent" title="equivalent">is equivalent to</a></td><td>PZX.DB.AC (Code title:?Administering pharmacotherapy, per orifice)</td></tr><tr><td>HIV.C.DE87 (Ritonavir (RTV))</td><td><a href="http://hl7.org/fhir/R4/codesystem-concept-map-equivalence.html#equivalent" title="equivalent">is equivalent to</a></td><td>PZX.DB.AC (Code title:?Administering pharmacotherapy, per orifice)</td></tr><tr><td>HIV.C.DE100 (Probable recent exposure to HIV)</td><td><a href="http://hl7.org/fhir/R4/codesystem-concept-map-equivalence.html#equivalent" title="equivalent">is equivalent to</a></td><td>PZB.VC.ZZ (Code title:?Infectious disease contact tracing)</td></tr><tr><td>HIV.C.DE110 (Adherence counselling provided)</td><td><a href="http://hl7.org/fhir/R4/codesystem-concept-map-equivalence.html#equivalent" title="equivalent">is equivalent to</a></td><td>VAD.PP.ZZ (Code title:?Counselling about pharmaceutical use behaviours)</td></tr><tr><td>HIV.C.DE122 (Condoms distributed)</td><td><a href="http://hl7.org/fhir/R4/codesystem-concept-map-equivalence.html#equivalent" title="equivalent">is equivalent to</a></td><td>VEF.RD.ZZ (Provision of products to support improved sexual behaviours)</td></tr><tr><td>HIV.E.DE42 (Mother HIV test conducted)</td><td><a href="http://hl7.org/fhir/R4/codesystem-concept-map-equivalence.html#equivalent" title="equivalent">is equivalent to</a></td><td>PZX.AH.XA (Specimen collection, blood)</td></tr><tr><td>HIV.E.DE43 (Mother HIV test ordered)</td><td><a href="http://hl7.org/fhir/R4/codesystem-concept-map-equivalence.html#equivalent" title="equivalent">is equivalent to</a></td><td>PZB.VC.ZZ (Code title:?Infectious disease contact tracing)</td></tr><tr><td>HIV.E.DE49 (Infant or child exposure to HIV)</td><td><a href="http://hl7.org/fhir/R4/codesystem-concept-map-equivalence.html#equivalent" title="equivalent">is equivalent to</a></td><td>PZB.VC.ZZ (Code title:?Infectious disease contact tracing)</td></tr><tr><td>HIV.E.DE51 (HIV-exposed infant or child)</td><td><a href="http://hl7.org/fhir/R4/codesystem-concept-map-equivalence.html#equivalent" title="equivalent">is equivalent to</a></td><td>PZB.VC.ZZ (Code title:?Infectious disease contact tracing)</td></tr><tr><td>HIV.E.DE59 (Postpartum family planning counselling conducted)</td><td><a href="http://hl7.org/fhir/R4/codesystem-concept-map-equivalence.html#equivalent" title="equivalent">is equivalent to</a></td><td>NT1.PP.ZZ (Counselling for genitourinary and reproductive functions)</td></tr><tr><td>HIV.E.DE61 (ARV adherence counselling)</td><td><a href="http://hl7.org/fhir/R4/codesystem-concept-map-equivalence.html#equivalent" title="equivalent">is equivalent to</a></td><td>VEH.PP.ZZ (Counselling about breastfeeding behaviours)</td></tr><tr><td>HIV.E.DE62 (Infant-feeding counselling provided)</td><td><a href="http://hl7.org/fhir/R4/codesystem-concept-map-equivalence.html#equivalent" title="equivalent">is equivalent to</a></td><td>VEJ.PP.ZZ (Code title:?Counselling about parenting behaviours)</td></tr><tr><td>HIV.E.DE64 (Malaria prevention counselling conducted)</td><td><a href="http://hl7.org/fhir/R4/codesystem-concept-map-equivalence.html#equivalent" title="equivalent">is equivalent to</a></td><td>DTB.PP.ZZ (Counselling for functions of the immunological system)</td></tr><tr><td>HIV.E.DE93 (Rapid diagnostic test for HIV)</td><td><a href="http://hl7.org/fhir/R4/codesystem-concept-map-equivalence.html#equivalent" title="equivalent">is equivalent to</a></td><td>PZX.AH.XA (Code title:?Specimen collection, blood)</td></tr><tr><td>HIV.E.DE94 (Enzyme immunoassay for HIV)</td><td><a href="http://hl7.org/fhir/R4/codesystem-concept-map-equivalence.html#equivalent" title="equivalent">is equivalent to</a></td><td>PZX.AH.XA (Code title:?Specimen collection, blood)</td></tr><tr><td>HIV.E.DE95 (Nucleic acid test for HIV)</td><td><a href="http://hl7.org/fhir/R4/codesystem-concept-map-equivalence.html#equivalent" title="equivalent">is equivalent to</a></td><td>PZX.AH.XA (Code title:?Specimen collection, blood)</td></tr><tr><td>HIV.E.DE96 (Dual HIV/syphilis rapid diagnostic test)</td><td><a href="http://hl7.org/fhir/R4/codesystem-concept-map-equivalence.html#equivalent" title="equivalent">is equivalent to</a></td><td>PZX.AH.XA (Code title:?Specimen collection, blood)</td></tr><tr><td>HIV.H.DE44 (Currently on ART)</td><td><a href="http://hl7.org/fhir/R4/codesystem-concept-map-equivalence.html#equivalent" title="equivalent">is equivalent to</a></td><td>PZX.DB.AC (Code title:?Administering pharmacotherapy, per orifice)</td></tr><tr><td>HIV.I.DE1 (Emergency referral)</td><td><a href="http://hl7.org/fhir/R4/codesystem-concept-map-equivalence.html#equivalent" title="equivalent">is equivalent to</a></td><td>UEP.TI.ZZ (Referral to health provider)</td></tr><tr><td>HIV.I.DE3 (Hospital)</td><td><a href="http://hl7.org/fhir/R4/codesystem-concept-map-equivalence.html#equivalent" title="equivalent">is equivalent to</a></td><td>UEP.TI.ZZ (Referral to health provider)</td></tr><tr><td>HIV.I.DE4 (Referral for screening including diagnostics and lab testing)</td><td><a href="http://hl7.org/fhir/R4/codesystem-concept-map-equivalence.html#equivalent" title="equivalent">is equivalent to</a></td><td>PZX.AH.ZZ (Specimen collection, not elsewhere classified)</td></tr><tr><td>HIV.I.DE5 (TB referral)</td><td><a href="http://hl7.org/fhir/R4/codesystem-concept-map-equivalence.html#equivalent" title="equivalent">is equivalent to</a></td><td>UEP.TI.ZZ (Referral to health provider)</td></tr><tr><td>HIV.I.DE6 (Antenatal care referral)</td><td><a href="http://hl7.org/fhir/R4/codesystem-concept-map-equivalence.html#equivalent" title="equivalent">is equivalent to</a></td><td>UEP.TI.ZZ (Referral to health provider)</td></tr><tr><td>HIV.I.DE7 (Referral for other general services (specify))</td><td><a href="http://hl7.org/fhir/R4/codesystem-concept-map-equivalence.html#equivalent" title="equivalent">is equivalent to</a></td><td>UEP.TI.ZZ (Referral to health provider)</td></tr></table></div></text><url value="http://fhir.org/guides/itech-uw/ConceptMap/ICHI"/><version value="0.3.0"/><name value="ICHI"/><title value="ICHI"/><status value="draft"/><experimental value="false"/><date value="2024-03-05T14:51:57+00:00"/><publisher value="World Health Organization (WHO) "/><contact><telecom><system value="url"/><value value="https://www.who.int"/></telecom></contact><description value="Concept mapping from content extended codes to ICHI"/><jurisdiction><coding><system value="http://unstats.un.org/unsd/methods/m49/m49.htm"/><code value="001"/></coding></jurisdiction><group><source value="http://fhir.org/guides/itech-uw/who-smart-hiv-dak/CodeSystem/concept-codes"/><target value="https://mitel.dimi.uniud.it/ichi/#http://id.who.int/ichi"/><element><code value="HIV.C.DE118"/><display value="Male and female condoms and condom-compatible lubricants offered"/><target><modifierExtension url="http://hl7.org/fhir/1.0/StructureDefinition/extension-ConceptMap.element.target.equivalence"><valueCode value="equivalent"/></modifierExtension><code value="VEF.RD.ZZ"/><display value="Provision of products to support improved sexual behaviours"/><equivalence value="equivalent"/></target></element><element><code value="HIV.C.DE119"/><display value="Voluntary medical male circumcision (VMMC) referral"/><target><modifierExtension url="http://hl7.org/fhir/1.0/StructureDefinition/extension-ConceptMap.element.target.equivalence"><valueCode value="equivalent"/></modifierExtension><code value="NGM.JJ.AA"/><display value="Code title:?Partial excision of penis"/><equivalence value="equivalent"/></target></element><element><code value="HIV.C.DE120"/><display value="Harm reduction for people who inject drugs"/><target><modifierExtension url="http://hl7.org/fhir/1.0/StructureDefinition/extension-ConceptMap.element.target.equivalence"><valueCode value="equivalent"/></modifierExtension><code value="VAC.PP.ZZ"/><display value="Code title:?Counselling about illicit drug use behaviours"/><equivalence value="equivalent"/></target></element><element><code value="HIV.C.DE121"/><display value="Behavioural interventions to support risk reduction"/><target><modifierExtension url="http://hl7.org/fhir/1.0/StructureDefinition/extension-ConceptMap.element.target.equivalence"><valueCode value="equivalent"/></modifierExtension><code value="VE1.PP.ZZ"/><display value="Code title:?Counselling about lifestyle behaviours"/><equivalence value="equivalent"/></target></element><element><code value="HIV.C.DE132"/><display value="Contraception and family planning"/><target><modifierExtension url="http://hl7.org/fhir/1.0/StructureDefinition/extension-ConceptMap.element.target.equivalence"><valueCode value="equivalent"/></modifierExtension><code value="VEF.PP.ZZ"/><display value="Counselling about sexual behaviours"/><equivalence value="equivalent"/></target></element><element><code value="HIV.C.DE133"/><display value="Check pregnancy status"/><target><modifierExtension url="http://hl7.org/fhir/1.0/StructureDefinition/extension-ConceptMap.element.target.equivalence"><valueCode value="equivalent"/></modifierExtension><code value="PZX.AH.XB"/><display value="Specimen collection, urine"/><equivalence value="equivalent"/></target></element><element><code value="HIV.C.DE134"/><display value="Prevent mother-to-child transmission"/><target><modifierExtension url="http://hl7.org/fhir/1.0/StructureDefinition/extension-ConceptMap.element.target.equivalence"><valueCode value="equivalent"/></modifierExtension><code value="VE1.PP.ZZ"/><display value="Code title:?Counselling about lifestyle behaviours"/><equivalence value="equivalent"/></target></element><element><code value="HIV.C.DE135"/><display value="Cervical cancer screening and treatment"/><target><modifierExtension url="http://hl7.org/fhir/1.0/StructureDefinition/extension-ConceptMap.element.target.equivalence"><valueCode value="equivalent"/></modifierExtension><code value="NMF.AH.AC"/><display value="Code title:?Cervical papanicolaou smear"/><equivalence value="equivalent"/></target></element><element><code value="HIV.C.DE136"/><display value="Anal cancer screening (for men who have sex with men)"/><target><modifierExtension url="http://hl7.org/fhir/1.0/StructureDefinition/extension-ConceptMap.element.target.equivalence"><valueCode value="equivalent"/></modifierExtension><code value="KBX.AE.AD"/><display value="Code title:?Anoscopy"/><equivalence value="equivalent"/></target></element><element><code value="HIV.C.DE137"/><display value="STI testing and treatment"/><target><modifierExtension url="http://hl7.org/fhir/1.0/StructureDefinition/extension-ConceptMap.element.target.equivalence"><valueCode value="equivalent"/></modifierExtension><code value="PZB.VC.ZZ"/><display value="Code title:?Infectious disease contact tracing"/><equivalence value="equivalent"/></target></element><element><code value="HIV.C.DE140"/><display value="Assessment and provision of vaccinations"/><target><modifierExtension url="http://hl7.org/fhir/1.0/StructureDefinition/extension-ConceptMap.element.target.equivalence"><valueCode value="equivalent"/></modifierExtension><code value="DTB.DB.AE"/><display value="Code title:?Percutaneous administration of immunological agent, not elsewhere classified"/><equivalence value="equivalent"/></target></element><element><code value="HIV.C.DE141"/><display value="Hepatitis B virus (HBV) and hepatitis C virus (HCV) testing and treatment"/><target><modifierExtension url="http://hl7.org/fhir/1.0/StructureDefinition/extension-ConceptMap.element.target.equivalence"><valueCode value="equivalent"/></modifierExtension><code value="DTB.DB.AE"/><display value="Code title:?Percutaneous administration of immunological agent, not elsewhere classified"/><equivalence value="equivalent"/></target></element><element><code value="HIV.C.DE142"/><display value="Co-trimoxazole chemoprophylaxis to prevent pneumocystis carinii pneumonia"/><target><modifierExtension url="http://hl7.org/fhir/1.0/StructureDefinition/extension-ConceptMap.element.target.equivalence"><valueCode value="equivalent"/></modifierExtension><code value="DTB.DB.AC"/><display value="Code title:?Oral administration of immunological"/><equivalence value="equivalent"/></target></element><element><code value="HIV.C.DE143"/><display value="Intensified TB case finding and linkage to TB treatment"/><target><modifierExtension url="http://hl7.org/fhir/1.0/StructureDefinition/extension-ConceptMap.element.target.equivalence"><valueCode value="equivalent"/></modifierExtension><code value="PZB.VC.ZZ"/><display value="Code title:?Infectious disease contact tracing"/><equivalence value="equivalent"/></target></element><element><code value="HIV.C.DE144"/><display value="Provision of isoniazid preventive therapy if person does not have TB"/><target><modifierExtension url="http://hl7.org/fhir/1.0/StructureDefinition/extension-ConceptMap.element.target.equivalence"><valueCode value="equivalent"/></modifierExtension><code value="DTB.DB.AC"/><display value="Code title:?Oral administration of immunological"/><equivalence value="equivalent"/></target></element><element><code value="HIV.C.DE145"/><display value="Malaria prevention (such as bed nets and prophylaxis), depending on epidemiology"/><target><modifierExtension url="http://hl7.org/fhir/1.0/StructureDefinition/extension-ConceptMap.element.target.equivalence"><valueCode value="equivalent"/></modifierExtension><code value="DTB.DB.AC"/><display value="Code title:?Oral administration of immunological"/><equivalence value="equivalent"/></target></element><element><code value="HIV.C.DE147"/><display value="Mental health services"/><target><modifierExtension url="http://hl7.org/fhir/1.0/StructureDefinition/extension-ConceptMap.element.target.equivalence"><valueCode value="equivalent"/></modifierExtension><code value="AS1.PP.ZZ"/><display value="Code title:?Counselling for mental functions"/><equivalence value="equivalent"/></target></element><element><code value="HIV.C.DE148"/><display value="Psychosocial counselling, support and treatment adherence counselling"/><target><modifierExtension url="http://hl7.org/fhir/1.0/StructureDefinition/extension-ConceptMap.element.target.equivalence"><valueCode value="equivalent"/></modifierExtension><code value="ATF.PP.ZZ"/><display value="Code title:?Counselling for global psychosocial functions"/><equivalence value="equivalent"/></target></element><element><code value="HIV.C.DE149"/><display value="Support for disclosure and partner services"/><target><modifierExtension url="http://hl7.org/fhir/1.0/StructureDefinition/extension-ConceptMap.element.target.equivalence"><valueCode value="equivalent"/></modifierExtension><code value="PZB.PP.ZZ"/><display value="Code title:?Counselling, not elsewhere classified"/><equivalence value="equivalent"/></target></element><element><code value="HIV.C.DE150"/><display value="Legal and social services"/><target><modifierExtension url="http://hl7.org/fhir/1.0/StructureDefinition/extension-ConceptMap.element.target.equivalence"><valueCode value="equivalent"/></modifierExtension><code value="PZB.PP.ZZ"/><display value="Code title:?Counselling, not elsewhere classified"/><equivalence value="equivalent"/></target></element><element><code value="HIV.C.DE151"/><display value="Services for responding to violence against women"/><target><modifierExtension url="http://hl7.org/fhir/1.0/StructureDefinition/extension-ConceptMap.element.target.equivalence"><valueCode value="equivalent"/></modifierExtension><code value="VBB.PP.ZZ"/><display value="Code title:?Counselling about family and partner violence behaviours"/><equivalence value="equivalent"/></target></element><element><code value="HIV.C.DE113"/><display value="Retesting for HIV"/><target><modifierExtension url="http://hl7.org/fhir/1.0/StructureDefinition/extension-ConceptMap.element.target.equivalence"><valueCode value="equivalent"/></modifierExtension><code value="PZX.AH.XA"/><display value="Code title:?Specimen collection, blood"/><equivalence value="equivalent"/></target></element><element><code value="HIV.C.DE114"/><display value="Scheduled follow-up appointment for PrEP"/><target><modifierExtension url="http://hl7.org/fhir/1.0/StructureDefinition/extension-ConceptMap.element.target.equivalence"><valueCode value="equivalent"/></modifierExtension><code value="PZX.AH.XA"/><display value="Code title:?Specimen collection, blood"/><equivalence value="equivalent"/></target></element><element><code value="HIV.C.DE2"/><display value="First time counselling on PrEP"/><target><modifierExtension url="http://hl7.org/fhir/1.0/StructureDefinition/extension-ConceptMap.element.target.equivalence"><valueCode value="equivalent"/></modifierExtension><code value="VAD.PP.ZZ"/><display value="Code title:?Counselling about pharmaceutical use behaviours"/><equivalence value="equivalent"/></target></element><element><code value="HIV.C.DE3"/><display value="Follow-up appointment for PrEP"/><target><modifierExtension url="http://hl7.org/fhir/1.0/StructureDefinition/extension-ConceptMap.element.target.equivalence"><valueCode value="equivalent"/></modifierExtension><code value="PZX.TI.ZZ"/><display value="Code title:?Pharmacotherapy prescription"/><equivalence value="equivalent"/></target></element><element><code value="HIV.C.DE4"/><display value="Restarting PrEP"/><target><modifierExtension url="http://hl7.org/fhir/1.0/StructureDefinition/extension-ConceptMap.element.target.equivalence"><valueCode value="equivalent"/></modifierExtension><code value="VAD.PP.ZZ"/><display value="Code title:?Counselling about pharmaceutical use behaviours"/><equivalence value="equivalent"/></target></element><element><code value="HIV.C.DE5"/><display value="Counselling on PEP"/><target><modifierExtension url="http://hl7.org/fhir/1.0/StructureDefinition/extension-ConceptMap.element.target.equivalence"><valueCode value="equivalent"/></modifierExtension><code value="VAD.PP.ZZ"/><display value="Code title:?Counselling about pharmaceutical use behaviours"/><equivalence value="equivalent"/></target></element><element><code value="HIV.C.DE7"/><display value="3-month PrEP visit"/><target><modifierExtension url="http://hl7.org/fhir/1.0/StructureDefinition/extension-ConceptMap.element.target.equivalence"><valueCode value="equivalent"/></modifierExtension><code value="PZX.TI.ZZ"/><display value="Code title:?Pharmacotherapy prescription"/><equivalence value="equivalent"/></target></element><element><code value="HIV.C.DE10"/><display value="Currently on PrEP"/><target><modifierExtension url="http://hl7.org/fhir/1.0/StructureDefinition/extension-ConceptMap.element.target.equivalence"><valueCode value="equivalent"/></modifierExtension><code value="PZX.DB.AC"/><display value="Code title:?Administering pharmacotherapy, per orifice"/><equivalence value="equivalent"/></target></element><element><code value="HIV.C.DE12"/><display value="Daily oral PrEP"/><target><modifierExtension url="http://hl7.org/fhir/1.0/StructureDefinition/extension-ConceptMap.element.target.equivalence"><valueCode value="equivalent"/></modifierExtension><code value="PZX.DB.AC"/><display value="Code title:?Administering pharmacotherapy, per orifice"/><equivalence value="equivalent"/></target></element><element><code value="HIV.C.DE13"/><display value="Event-driven PrEP (ED-PrEP)"/><target><modifierExtension url="http://hl7.org/fhir/1.0/StructureDefinition/extension-ConceptMap.element.target.equivalence"><valueCode value="equivalent"/></modifierExtension><code value="PZX.DB.AC"/><display value="Code title:?Administering pharmacotherapy, per orifice"/><equivalence value="equivalent"/></target></element><element><code value="HIV.C.DE17"/><display value="TDF-FTC"/><target><modifierExtension url="http://hl7.org/fhir/1.0/StructureDefinition/extension-ConceptMap.element.target.equivalence"><valueCode value="equivalent"/></modifierExtension><code value="PZX.DB.AC"/><display value="Code title:?Administering pharmacotherapy, per orifice"/><equivalence value="equivalent"/></target></element><element><code value="HIV.C.DE18"/><display value="TDF"/><target><modifierExtension url="http://hl7.org/fhir/1.0/StructureDefinition/extension-ConceptMap.element.target.equivalence"><valueCode value="equivalent"/></modifierExtension><code value="PZX.DB.AC"/><display value="Code title:?Administering pharmacotherapy, per orifice"/><equivalence value="equivalent"/></target></element><element><code value="HIV.C.DE19"/><display value="TDF + 3TC"/><target><modifierExtension url="http://hl7.org/fhir/1.0/StructureDefinition/extension-ConceptMap.element.target.equivalence"><valueCode value="equivalent"/></modifierExtension><code value="PZX.DB.AC"/><display value="Code title:?Administering pharmacotherapy, per orifice"/><equivalence value="equivalent"/></target></element><element><code value="HIV.C.DE52"/><display value="On ART less than 6 months"/><target><modifierExtension url="http://hl7.org/fhir/1.0/StructureDefinition/extension-ConceptMap.element.target.equivalence"><valueCode value="equivalent"/></modifierExtension><code value="PZX.DB.AC"/><display value="Code title:?Administering pharmacotherapy, per orifice"/><equivalence value="equivalent"/></target></element><element><code value="HIV.C.DE54"/><display value="Partner is not virally suppressed"/><target><modifierExtension url="http://hl7.org/fhir/1.0/StructureDefinition/extension-ConceptMap.element.target.equivalence"><valueCode value="equivalent"/></modifierExtension><code value="PZB.VC.ZZ"/><display value="Code title:?Infectious disease contact tracing"/><equivalence value="equivalent"/></target></element><element><code value="HIV.C.DE59"/><display value="Serum creatinine test"/><target><modifierExtension url="http://hl7.org/fhir/1.0/StructureDefinition/extension-ConceptMap.element.target.equivalence"><valueCode value="equivalent"/></modifierExtension><code value="PZX.AH.XA"/><display value="Code title:?Specimen collection, blood"/><equivalence value="equivalent"/></target></element><element><code value="HIV.C.DE60"/><display value="Hepatitis B surface antigen"/><target><modifierExtension url="http://hl7.org/fhir/1.0/StructureDefinition/extension-ConceptMap.element.target.equivalence"><valueCode value="equivalent"/></modifierExtension><code value="PZX.AH.XA"/><display value="Code title:?Specimen collection, blood"/><equivalence value="equivalent"/></target></element><element><code value="HIV.C.DE61"/><display value="Hepatitis C antibody"/><target><modifierExtension url="http://hl7.org/fhir/1.0/StructureDefinition/extension-ConceptMap.element.target.equivalence"><valueCode value="equivalent"/></modifierExtension><code value="PZX.AH.XA"/><display value="Code title:?Specimen collection, blood"/><equivalence value="equivalent"/></target></element><element><code value="HIV.C.DE62"/><display value="Rapid plasma reagin"/><target><modifierExtension url="http://hl7.org/fhir/1.0/StructureDefinition/extension-ConceptMap.element.target.equivalence"><valueCode value="equivalent"/></modifierExtension><code value="PZX.AH.XA"/><display value="Code title:?Specimen collection, blood"/><equivalence value="equivalent"/></target></element><element><code value="HIV.C.DE63"/><display value="Other screening for STIs"/><target><modifierExtension url="http://hl7.org/fhir/1.0/StructureDefinition/extension-ConceptMap.element.target.equivalence"><valueCode value="equivalent"/></modifierExtension><code value="PZX.AH.XA"/><display value="Code title:?Specimen collection, blood"/><equivalence value="equivalent"/></target></element><element><code value="HIV.C.DE64"/><display value="Pregnancy testing"/><target><modifierExtension url="http://hl7.org/fhir/1.0/StructureDefinition/extension-ConceptMap.element.target.equivalence"><valueCode value="equivalent"/></modifierExtension><code value="PZX.AH.XB"/><display value="Code title:?Specimen collection, urine"/><equivalence value="equivalent"/></target></element><element><code value="HIV.C.DE65"/><display value="Review vaccination history"/><target><modifierExtension url="http://hl7.org/fhir/1.0/StructureDefinition/extension-ConceptMap.element.target.equivalence"><valueCode value="equivalent"/></modifierExtension><code value="VDA.AA.ZZ"/><display value="Code title:?Assessment of immunisation behaviours"/><equivalence value="equivalent"/></target></element><element><code value="HIV.C.DE67"/><display value="Serum creatinine test result"/><target><modifierExtension url="http://hl7.org/fhir/1.0/StructureDefinition/extension-ConceptMap.element.target.equivalence"><valueCode value="equivalent"/></modifierExtension><code value="PZX.AH.XA"/><display value="Code title:?Specimen collection, blood"/><equivalence value="equivalent"/></target></element><element><code value="HIV.C.DE69"/><display value="Tenofovir disoproxil and lamivudine (TDF + 3TC)"/><target><modifierExtension url="http://hl7.org/fhir/1.0/StructureDefinition/extension-ConceptMap.element.target.equivalence"><valueCode value="equivalent"/></modifierExtension><code value="PZX.DB.AC"/><display value="Code title:?Administering pharmacotherapy, per orifice"/><equivalence value="equivalent"/></target></element><element><code value="HIV.C.DE70"/><display value="Tenofovir disoproxil and emtricitabine (TDF + FTC)"/><target><modifierExtension url="http://hl7.org/fhir/1.0/StructureDefinition/extension-ConceptMap.element.target.equivalence"><valueCode value="equivalent"/></modifierExtension><code value="PZX.DB.AC"/><display value="Code title:?Administering pharmacotherapy, per orifice"/><equivalence value="equivalent"/></target></element><element><code value="HIV.C.DE72"/><display value="Dolutegravir (DTG)"/><target><modifierExtension url="http://hl7.org/fhir/1.0/StructureDefinition/extension-ConceptMap.element.target.equivalence"><valueCode value="equivalent"/></modifierExtension><code value="PZX.DB.AC"/><display value="Code title:?Administering pharmacotherapy, per orifice"/><equivalence value="equivalent"/></target></element><element><code value="HIV.C.DE73"/><display value="Raltegravir (RAL)"/><target><modifierExtension url="http://hl7.org/fhir/1.0/StructureDefinition/extension-ConceptMap.element.target.equivalence"><valueCode value="equivalent"/></modifierExtension><code value="PZX.DB.AC"/><display value="Code title:?Administering pharmacotherapy, per orifice"/><equivalence value="equivalent"/></target></element><element><code value="HIV.C.DE74"/><display value="Darunavir/ritonavir (DRV/r)"/><target><modifierExtension url="http://hl7.org/fhir/1.0/StructureDefinition/extension-ConceptMap.element.target.equivalence"><valueCode value="equivalent"/></modifierExtension><code value="PZX.DB.AC"/><display value="Code title:?Administering pharmacotherapy, per orifice"/><equivalence value="equivalent"/></target></element><element><code value="HIV.C.DE75"/><display value="Atazanavir/ritonavir (ATV/r)"/><target><modifierExtension url="http://hl7.org/fhir/1.0/StructureDefinition/extension-ConceptMap.element.target.equivalence"><valueCode value="equivalent"/></modifierExtension><code value="PZX.DB.AC"/><display value="Code title:?Administering pharmacotherapy, per orifice"/><equivalence value="equivalent"/></target></element><element><code value="HIV.C.DE76"/><display value="Lopinavir/ritonavir (LPV/r)"/><target><modifierExtension url="http://hl7.org/fhir/1.0/StructureDefinition/extension-ConceptMap.element.target.equivalence"><valueCode value="equivalent"/></modifierExtension><code value="PZX.DB.AC"/><display value="Code title:?Administering pharmacotherapy, per orifice"/><equivalence value="equivalent"/></target></element><element><code value="HIV.C.DE78"/><display value="Zidovudine and lamivudine (AZT + 3TC)"/><target><modifierExtension url="http://hl7.org/fhir/1.0/StructureDefinition/extension-ConceptMap.element.target.equivalence"><valueCode value="equivalent"/></modifierExtension><code value="PZX.DB.AC"/><display value="Code title:?Administering pharmacotherapy, per orifice"/><equivalence value="equivalent"/></target></element><element><code value="HIV.C.DE79"/><display value="Abacavir and lamivudine (ABC + 3TC)"/><target><modifierExtension url="http://hl7.org/fhir/1.0/StructureDefinition/extension-ConceptMap.element.target.equivalence"><valueCode value="equivalent"/></modifierExtension><code value="PZX.DB.AC"/><display value="Code title:?Administering pharmacotherapy, per orifice"/><equivalence value="equivalent"/></target></element><element><code value="HIV.C.DE80"/><display value="Tenofovir disoproxil and lamivudine (TDF + 3TC)"/><target><modifierExtension url="http://hl7.org/fhir/1.0/StructureDefinition/extension-ConceptMap.element.target.equivalence"><valueCode value="equivalent"/></modifierExtension><code value="PZX.DB.AC"/><display value="Code title:?Administering pharmacotherapy, per orifice"/><equivalence value="equivalent"/></target></element><element><code value="HIV.C.DE81"/><display value="Tenofovir disoproxil and emtricitabine (TDF + FTC)"/><target><modifierExtension url="http://hl7.org/fhir/1.0/StructureDefinition/extension-ConceptMap.element.target.equivalence"><valueCode value="equivalent"/></modifierExtension><code value="PZX.DB.AC"/><display value="Code title:?Administering pharmacotherapy, per orifice"/><equivalence value="equivalent"/></target></element><element><code value="HIV.C.DE83"/><display value="Dolutegravir (DTG)"/><target><modifierExtension url="http://hl7.org/fhir/1.0/StructureDefinition/extension-ConceptMap.element.target.equivalence"><valueCode value="equivalent"/></modifierExtension><code value="PZX.DB.AC"/><display value="Code title:?Administering pharmacotherapy, per orifice"/><equivalence value="equivalent"/></target></element><element><code value="HIV.C.DE84"/><display value="Atazanavir/ritonavir (ATV/r)"/><target><modifierExtension url="http://hl7.org/fhir/1.0/StructureDefinition/extension-ConceptMap.element.target.equivalence"><valueCode value="equivalent"/></modifierExtension><code value="PZX.DB.AC"/><display value="Code title:?Administering pharmacotherapy, per orifice"/><equivalence value="equivalent"/></target></element><element><code value="HIV.C.DE85"/><display value="Lopinavir/ritonavir (LPV/r)"/><target><modifierExtension url="http://hl7.org/fhir/1.0/StructureDefinition/extension-ConceptMap.element.target.equivalence"><valueCode value="equivalent"/></modifierExtension><code value="PZX.DB.AC"/><display value="Code title:?Administering pharmacotherapy, per orifice"/><equivalence value="equivalent"/></target></element><element><code value="HIV.C.DE86"/><display value="Darunavir/ritonavir (DRV/r)"/><target><modifierExtension url="http://hl7.org/fhir/1.0/StructureDefinition/extension-ConceptMap.element.target.equivalence"><valueCode value="equivalent"/></modifierExtension><code value="PZX.DB.AC"/><display value="Code title:?Administering pharmacotherapy, per orifice"/><equivalence value="equivalent"/></target></element><element><code value="HIV.C.DE87"/><display value="Ritonavir (RTV)"/><target><modifierExtension url="http://hl7.org/fhir/1.0/StructureDefinition/extension-ConceptMap.element.target.equivalence"><valueCode value="equivalent"/></modifierExtension><code value="PZX.DB.AC"/><display value="Code title:?Administering pharmacotherapy, per orifice"/><equivalence value="equivalent"/></target></element><element><code value="HIV.C.DE100"/><display value="Probable recent exposure to HIV"/><target><modifierExtension url="http://hl7.org/fhir/1.0/StructureDefinition/extension-ConceptMap.element.target.equivalence"><valueCode value="equivalent"/></modifierExtension><code value="PZB.VC.ZZ"/><display value="Code title:?Infectious disease contact tracing"/><equivalence value="equivalent"/></target></element><element><code value="HIV.C.DE110"/><display value="Adherence counselling provided"/><target><modifierExtension url="http://hl7.org/fhir/1.0/StructureDefinition/extension-ConceptMap.element.target.equivalence"><valueCode value="equivalent"/></modifierExtension><code value="VAD.PP.ZZ"/><display value="Code title:?Counselling about pharmaceutical use behaviours"/><equivalence value="equivalent"/></target></element><element><code value="HIV.C.DE122"/><display value="Condoms distributed"/><target><modifierExtension url="http://hl7.org/fhir/1.0/StructureDefinition/extension-ConceptMap.element.target.equivalence"><valueCode value="equivalent"/></modifierExtension><code value="VEF.RD.ZZ"/><display value="Provision of products to support improved sexual behaviours"/><equivalence value="equivalent"/></target></element><element><code value="HIV.E.DE42"/><display value="Mother HIV test conducted"/><target><modifierExtension url="http://hl7.org/fhir/1.0/StructureDefinition/extension-ConceptMap.element.target.equivalence"><valueCode value="equivalent"/></modifierExtension><code value="PZX.AH.XA"/><display value="Specimen collection, blood"/><equivalence value="equivalent"/></target></element><element><code value="HIV.E.DE43"/><display value="Mother HIV test ordered"/><target><modifierExtension url="http://hl7.org/fhir/1.0/StructureDefinition/extension-ConceptMap.element.target.equivalence"><valueCode value="equivalent"/></modifierExtension><code value="PZB.VC.ZZ"/><display value="Code title:?Infectious disease contact tracing"/><equivalence value="equivalent"/></target></element><element><code value="HIV.E.DE49"/><display value="Infant or child exposure to HIV"/><target><modifierExtension url="http://hl7.org/fhir/1.0/StructureDefinition/extension-ConceptMap.element.target.equivalence"><valueCode value="equivalent"/></modifierExtension><code value="PZB.VC.ZZ"/><display value="Code title:?Infectious disease contact tracing"/><equivalence value="equivalent"/></target></element><element><code value="HIV.E.DE51"/><display value="HIV-exposed infant or child"/><target><modifierExtension url="http://hl7.org/fhir/1.0/StructureDefinition/extension-ConceptMap.element.target.equivalence"><valueCode value="equivalent"/></modifierExtension><code value="PZB.VC.ZZ"/><display value="Code title:?Infectious disease contact tracing"/><equivalence value="equivalent"/></target></element><element><code value="HIV.E.DE59"/><display value="Postpartum family planning counselling conducted"/><target><modifierExtension url="http://hl7.org/fhir/1.0/StructureDefinition/extension-ConceptMap.element.target.equivalence"><valueCode value="equivalent"/></modifierExtension><code value="NT1.PP.ZZ"/><display value="Counselling for genitourinary and reproductive functions"/><equivalence value="equivalent"/></target></element><element><code value="HIV.E.DE61"/><display value="ARV adherence counselling"/><target><modifierExtension url="http://hl7.org/fhir/1.0/StructureDefinition/extension-ConceptMap.element.target.equivalence"><valueCode value="equivalent"/></modifierExtension><code value="VEH.PP.ZZ"/><display value="Counselling about breastfeeding behaviours"/><equivalence value="equivalent"/></target></element><element><code value="HIV.E.DE62"/><display value="Infant-feeding counselling provided"/><target><modifierExtension url="http://hl7.org/fhir/1.0/StructureDefinition/extension-ConceptMap.element.target.equivalence"><valueCode value="equivalent"/></modifierExtension><code value="VEJ.PP.ZZ"/><display value="Code title:?Counselling about parenting behaviours"/><equivalence value="equivalent"/></target></element><element><code value="HIV.E.DE64"/><display value="Malaria prevention counselling conducted"/><target><modifierExtension url="http://hl7.org/fhir/1.0/StructureDefinition/extension-ConceptMap.element.target.equivalence"><valueCode value="equivalent"/></modifierExtension><code value="DTB.PP.ZZ"/><display value="Counselling for functions of the immunological system"/><equivalence value="equivalent"/></target></element><element><code value="HIV.E.DE93"/><display value="Rapid diagnostic test for HIV"/><target><modifierExtension url="http://hl7.org/fhir/1.0/StructureDefinition/extension-ConceptMap.element.target.equivalence"><valueCode value="equivalent"/></modifierExtension><code value="PZX.AH.XA"/><display value="Code title:?Specimen collection, blood"/><equivalence value="equivalent"/></target></element><element><code value="HIV.E.DE94"/><display value="Enzyme immunoassay for HIV"/><target><modifierExtension url="http://hl7.org/fhir/1.0/StructureDefinition/extension-ConceptMap.element.target.equivalence"><valueCode value="equivalent"/></modifierExtension><code value="PZX.AH.XA"/><display value="Code title:?Specimen collection, blood"/><equivalence value="equivalent"/></target></element><element><code value="HIV.E.DE95"/><display value="Nucleic acid test for HIV"/><target><modifierExtension url="http://hl7.org/fhir/1.0/StructureDefinition/extension-ConceptMap.element.target.equivalence"><valueCode value="equivalent"/></modifierExtension><code value="PZX.AH.XA"/><display value="Code title:?Specimen collection, blood"/><equivalence value="equivalent"/></target></element><element><code value="HIV.E.DE96"/><display value="Dual HIV/syphilis rapid diagnostic test"/><target><modifierExtension url="http://hl7.org/fhir/1.0/StructureDefinition/extension-ConceptMap.element.target.equivalence"><valueCode value="equivalent"/></modifierExtension><code value="PZX.AH.XA"/><display value="Code title:?Specimen collection, blood"/><equivalence value="equivalent"/></target></element><element><code value="HIV.H.DE44"/><display value="Currently on ART"/><target><modifierExtension url="http://hl7.org/fhir/1.0/StructureDefinition/extension-ConceptMap.element.target.equivalence"><valueCode value="equivalent"/></modifierExtension><code value="PZX.DB.AC"/><display value="Code title:?Administering pharmacotherapy, per orifice"/><equivalence value="equivalent"/></target></element><element><code value="HIV.I.DE1"/><display value="Emergency referral"/><target><modifierExtension url="http://hl7.org/fhir/1.0/StructureDefinition/extension-ConceptMap.element.target.equivalence"><valueCode value="equivalent"/></modifierExtension><code value="UEP.TI.ZZ"/><display value="Referral to health provider"/><equivalence value="equivalent"/></target></element><element><code value="HIV.I.DE3"/><display value="Hospital"/><target><modifierExtension url="http://hl7.org/fhir/1.0/StructureDefinition/extension-ConceptMap.element.target.equivalence"><valueCode value="equivalent"/></modifierExtension><code value="UEP.TI.ZZ"/><display value="Referral to health provider"/><equivalence value="equivalent"/></target></element><element><code value="HIV.I.DE4"/><display value="Referral for screening including diagnostics and lab testing"/><target><modifierExtension url="http://hl7.org/fhir/1.0/StructureDefinition/extension-ConceptMap.element.target.equivalence"><valueCode value="equivalent"/></modifierExtension><code value="PZX.AH.ZZ"/><display value="Specimen collection, not elsewhere classified"/><equivalence value="equivalent"/></target></element><element><code value="HIV.I.DE5"/><display value="TB referral"/><target><modifierExtension url="http://hl7.org/fhir/1.0/StructureDefinition/extension-ConceptMap.element.target.equivalence"><valueCode value="equivalent"/></modifierExtension><code value="UEP.TI.ZZ"/><display value="Referral to health provider"/><equivalence value="equivalent"/></target></element><element><code value="HIV.I.DE6"/><display value="Antenatal care referral"/><target><modifierExtension url="http://hl7.org/fhir/1.0/StructureDefinition/extension-ConceptMap.element.target.equivalence"><valueCode value="equivalent"/></modifierExtension><code value="UEP.TI.ZZ"/><display value="Referral to health provider"/><equivalence value="equivalent"/></target></element><element><code value="HIV.I.DE7"/><display value="Referral for other general services (specify)"/><target><modifierExtension url="http://hl7.org/fhir/1.0/StructureDefinition/extension-ConceptMap.element.target.equivalence"><valueCode value="equivalent"/></modifierExtension><code value="UEP.TI.ZZ"/><display value="Referral to health provider"/><equivalence value="equivalent"/></target></element></group></ConceptMap>