<?xml version="1.0" encoding="UTF-8"?><Library xmlns="http://hl7.org/fhir"><id value="HIVDT04"/><url value="http://fhir.org/guides/who/anc-cds/Library/HIVDT04"/><identifier><use value="official"/><value value="HIV.DT.04"/></identifier><version value="0.3.0"/><name value="HIVDT04"/><title value="HIV.DT.04 PrEP Eligibility check"/><status value="draft"/><date value="2024-03-05T14:51:57+00:00"/><publisher value="World Health Organization (WHO) "/><contact><telecom><system value="url"/><value value="https://www.who.int"/></telecom></contact><description value="HIV status ≠ HIV Positive"/><jurisdiction><coding><system value="http://unstats.un.org/unsd/methods/m49/m49.htm"/><code value="001"/></coding></jurisdiction></Library>