<?xml version="1.0" encoding="UTF-8"?><ValueSet xmlns="http://hl7.org/fhir"><id value="hiv-e-de92"/><text><status value="extensions"/><div xmlns="http://www.w3.org/1999/xhtml"><ul><li>Include these codes as defined in <a href="CodeSystem-concept-codes.html"><code>http://fhir.org/guides/itech-uw/who-smart-hiv-dak/CodeSystem/concept-codes</code></a><table class="none"><tr><td style="white-space:nowrap"><b>Code</b></td><td><b>Display</b></td><td><b>Definition</b></td></tr><tr><td><a href="CodeSystem-concept-codes.html#concept-codes-HIV.46E.46DE92">HIV.E.DE92</a></td><td>HIV test type</td><td>Infant ARV prophylaxis start date - HIV test type</td></tr><tr><td><a href="CodeSystem-concept-codes.html#concept-codes-HIV.46E.46DE93">HIV.E.DE93</a></td><td>Rapid diagnostic test for HIV</td><td>Infant ARV prophylaxis start date - Rapid diagnostic test for HIV</td></tr><tr><td><a href="CodeSystem-concept-codes.html#concept-codes-HIV.46E.46DE94">HIV.E.DE94</a></td><td>Enzyme immunoassay for HIV</td><td>Infant ARV prophylaxis start date - Enzyme immunoassay for HIV</td></tr><tr><td><a href="CodeSystem-concept-codes.html#concept-codes-HIV.46E.46DE95">HIV.E.DE95</a></td><td>Nucleic acid test for HIV</td><td>Infant ARV prophylaxis start date - Nucleic acid test for HIV</td></tr><tr><td><a href="CodeSystem-concept-codes.html#concept-codes-HIV.46E.46DE96">HIV.E.DE96</a></td><td>Dual HIV/syphilis rapid diagnostic test</td><td>Infant ARV prophylaxis start date - Dual HIV/syphilis rapid diagnostic test</td></tr></table></li></ul></div></text><url value="http://fhir.org/guides/itech-uw/ValueSet/hiv-e-de92"/><version value="0.3.0"/><name value="InfantARVprophylaxisstartdateCodes"/><title value="Infant ARV prophylaxis start date Codes"/><status value="draft"/><experimental value="false"/><date value="2024-03-05T14:51:57+00:00"/><publisher value="World Health Organization (WHO) "/><contact><telecom><system value="url"/><value value="https://www.who.int"/></telecom></contact><description value="Codes representing possible values for the Infant ARV prophylaxis start date element"/><jurisdiction><coding><system value="http://unstats.un.org/unsd/methods/m49/m49.htm"/><code value="001"/></coding></jurisdiction><immutable value="true"/><compose><include><system value="http://fhir.org/guides/itech-uw/who-smart-hiv-dak/CodeSystem/concept-codes"/><concept><code value="HIV.E.DE92"/><display value="HIV test type"/></concept><concept><code value="HIV.E.DE93"/><display value="Rapid diagnostic test for HIV"/></concept><concept><code value="HIV.E.DE94"/><display value="Enzyme immunoassay for HIV"/></concept><concept><code value="HIV.E.DE95"/><display value="Nucleic acid test for HIV"/></concept><concept><code value="HIV.E.DE96"/><display value="Dual HIV/syphilis rapid diagnostic test"/></concept></include></compose></ValueSet>