<?xml version="1.0" encoding="UTF-8"?><ValueSet xmlns="http://hl7.org/fhir"><id value="hiv-b-de111"/><text><status value="extensions"/><div xmlns="http://www.w3.org/1999/xhtml"><ul><li>Include these codes as defined in <a href="CodeSystem-concept-codes.html"><code>http://fhir.org/guides/itech-uw/who-smart-hiv-dak/CodeSystem/concept-codes</code></a><table class="none"><tr><td style="white-space:nowrap"><b>Code</b></td><td><b>Display</b></td><td><b>Definition</b></td></tr><tr><td><a href="CodeSystem-concept-codes.html#concept-codes-HIV.46B.46DE111">HIV.B.DE111</a></td><td>HIV-positive</td><td>HIV status - HIV-positive</td></tr><tr><td><a href="CodeSystem-concept-codes.html#concept-codes-HIV.46B.46DE112">HIV.B.DE112</a></td><td>HIV-negative</td><td>HIV status - HIV-negative</td></tr><tr><td><a href="CodeSystem-concept-codes.html#concept-codes-HIV.46B.46DE113">HIV.B.DE113</a></td><td>HIV-inconclusive</td><td>HIV status - HIV-inconclusive</td></tr><tr><td><a href="CodeSystem-concept-codes.html#concept-codes-HIV.46E.46DE132">HIV.E.DE132</a></td><td>HIV-positive</td><td>HIV status - HIV-positive</td></tr><tr><td><a href="CodeSystem-concept-codes.html#concept-codes-HIV.46E.46DE133">HIV.E.DE133</a></td><td>HIV-negative</td><td>HIV status - HIV-negative</td></tr><tr><td><a href="CodeSystem-concept-codes.html#concept-codes-HIV.46E.46DE134">HIV.E.DE134</a></td><td>HIV-inconclusive</td><td>HIV status - HIV-inconclusive</td></tr></table></li></ul></div></text><url value="http://fhir.org/guides/itech-uw/ValueSet/hiv-b-de111"/><version value="0.3.0"/><name value="HIVstatusCodes"/><title value="HIV status Codes"/><status value="draft"/><experimental value="false"/><date value="2024-03-05T14:51:57+00:00"/><publisher value="World Health Organization (WHO) "/><contact><telecom><system value="url"/><value value="https://www.who.int"/></telecom></contact><description value="Codes representing possible values for the HIV status element"/><jurisdiction><coding><system value="http://unstats.un.org/unsd/methods/m49/m49.htm"/><code value="001"/></coding></jurisdiction><immutable value="true"/><compose><include><system value="http://fhir.org/guides/itech-uw/who-smart-hiv-dak/CodeSystem/concept-codes"/><concept><code value="HIV.B.DE111"/><display value="HIV-positive"/></concept><concept><code value="HIV.B.DE112"/><display value="HIV-negative"/></concept><concept><code value="HIV.B.DE113"/><display value="HIV-inconclusive"/></concept><concept><code value="HIV.E.DE132"/><display value="HIV-positive"/></concept><concept><code value="HIV.E.DE133"/><display value="HIV-negative"/></concept><concept><code value="HIV.E.DE134"/><display value="HIV-inconclusive"/></concept></include></compose></ValueSet>