<?xml version="1.0" encoding="UTF-8"?><ValueSet xmlns="http://hl7.org/fhir"><id value="hiv-g-de63"/><text><status value="extensions"/><div xmlns="http://www.w3.org/1999/xhtml"><ul><li>Include these codes as defined in <a href="CodeSystem-concept-codes.html"><code>http://fhir.org/guides/itech-uw/who-smart-hiv-dak/CodeSystem/concept-codes</code></a><table class="none"><tr><td style="white-space:nowrap"><b>Code</b></td><td><b>Display</b></td><td><b>Definition</b></td></tr><tr><td><a href="CodeSystem-concept-codes.html#concept-codes-HIV.46G.46DE63">HIV.G.DE63</a></td><td>Test delayed to next contact or referred</td><td>Reason syphilis test not done - Test delayed to next contact or referred</td></tr><tr><td><a href="CodeSystem-concept-codes.html#concept-codes-HIV.46G.46DE64">HIV.G.DE64</a></td><td>Stock-out or expired</td><td>Reason syphilis test not done - Stock-out or expired</td></tr><tr><td><a href="CodeSystem-concept-codes.html#concept-codes-HIV.46G.46DE65">HIV.G.DE65</a></td><td>Machine or technician not available or machine not functioning</td><td>Reason syphilis test not done - Machine or technician not available or machine not functioning</td></tr><tr><td><a href="CodeSystem-concept-codes.html#concept-codes-HIV.46G.46DE66">HIV.G.DE66</a></td><td>Client declined / refused test</td><td>Reason syphilis test not done - Client declined / refused test</td></tr><tr><td><a href="CodeSystem-concept-codes.html#concept-codes-HIV.46G.46DE67">HIV.G.DE67</a></td><td>Other (specify)</td><td>Reason syphilis test not done - Other (specify)</td></tr></table></li></ul></div></text><url value="http://fhir.org/guides/itech-uw/ValueSet/hiv-g-de63"/><version value="0.3.0"/><name value="ReasonsyphilistestnotdoneCodes"/><title value="Reason syphilis test not done Codes"/><status value="draft"/><experimental value="false"/><date value="2024-03-05T14:51:57+00:00"/><publisher value="World Health Organization (WHO) "/><contact><telecom><system value="url"/><value value="https://www.who.int"/></telecom></contact><description value="Codes representing possible values for the Reason syphilis test not done element"/><jurisdiction><coding><system value="http://unstats.un.org/unsd/methods/m49/m49.htm"/><code value="001"/></coding></jurisdiction><immutable value="true"/><compose><include><system value="http://fhir.org/guides/itech-uw/who-smart-hiv-dak/CodeSystem/concept-codes"/><concept><code value="HIV.G.DE63"/><display value="Test delayed to next contact or referred"/></concept><concept><code value="HIV.G.DE64"/><display value="Stock-out or expired"/></concept><concept><code value="HIV.G.DE65"/><display value="Machine or technician not available or machine not functioning"/></concept><concept><code value="HIV.G.DE66"/><display value="Client declined / refused test"/></concept><concept><code value="HIV.G.DE67"/><display value="Other (specify)"/></concept></include></compose></ValueSet>