<?xml version="1.0" encoding="UTF-8"?><ValueSet xmlns="http://hl7.org/fhir"><id value="hiv-d-de386"/><text><status value="extensions"/><div xmlns="http://www.w3.org/1999/xhtml"><ul><li>Include these codes as defined in <a href="CodeSystem-concept-codes.html"><code>http://fhir.org/guides/itech-uw/who-smart-hiv-dak/CodeSystem/concept-codes</code></a><table class="none"><tr><td style="white-space:nowrap"><b>Code</b></td><td><b>Display</b></td><td><b>Definition</b></td></tr><tr><td><a href="CodeSystem-concept-codes.html#concept-codes-HIV.46D.46DE386">HIV.D.DE386</a></td><td>Hepatitis B</td><td>Coinfection status at ART start - Hepatitis B</td></tr><tr><td><a href="CodeSystem-concept-codes.html#concept-codes-HIV.46D.46DE387">HIV.D.DE387</a></td><td>Hepatitis C</td><td>Coinfection status at ART start - Hepatitis C</td></tr></table></li></ul></div></text><url value="http://fhir.org/guides/itech-uw/ValueSet/hiv-d-de386"/><version value="0.3.0"/><name value="CoinfectionstatusatARTstartCodes"/><title value="Coinfection status at ART start Codes"/><status value="draft"/><experimental value="false"/><date value="2024-03-05T14:51:57+00:00"/><publisher value="World Health Organization (WHO) "/><contact><telecom><system value="url"/><value value="https://www.who.int"/></telecom></contact><description value="Codes representing possible values for the Coinfection status at ART start element"/><jurisdiction><coding><system value="http://unstats.un.org/unsd/methods/m49/m49.htm"/><code value="001"/></coding></jurisdiction><immutable value="true"/><compose><include><system value="http://fhir.org/guides/itech-uw/who-smart-hiv-dak/CodeSystem/concept-codes"/><concept><code value="HIV.D.DE386"/><display value="Hepatitis B"/></concept><concept><code value="HIV.D.DE387"/><display value="Hepatitis C"/></concept></include></compose></ValueSet>