<?xml version="1.0" encoding="UTF-8"?><ValueSet xmlns="http://hl7.org/fhir"><id value="hiv-c-de32"/><text><status value="extensions"/><div xmlns="http://www.w3.org/1999/xhtml"><ul><li>Include these codes as defined in <a href="CodeSystem-concept-codes.html"><code>http://fhir.org/guides/itech-uw/who-smart-hiv-dak/CodeSystem/concept-codes</code></a><table class="none"><tr><td style="white-space:nowrap"><b>Code</b></td><td><b>Display</b></td><td><b>Definition</b></td></tr><tr><td><a href="CodeSystem-concept-codes.html#concept-codes-HIV.46C.46DE32">HIV.C.DE32</a></td><td>No condom use during sex with more than one partner in the past 6 months</td><td>Signs of substantial risk of HIV infection - No condom use during sex with more than one partner in the past 6 months</td></tr><tr><td><a href="CodeSystem-concept-codes.html#concept-codes-HIV.46C.46DE33">HIV.C.DE33</a></td><td>Sexually transmitted infection (STI) in the past 6 months</td><td>Signs of substantial risk of HIV infection - Sexually transmitted infection (STI) in the past 6 months</td></tr><tr><td><a href="CodeSystem-concept-codes.html#concept-codes-HIV.46C.46DE34">HIV.C.DE34</a></td><td>A sexual partner in the past 6 months had one or more HIV risk factors</td><td>Signs of substantial risk of HIV infection - A sexual partner in the past 6 months had one or more HIV risk factors</td></tr><tr><td><a href="CodeSystem-concept-codes.html#concept-codes-HIV.46C.46DE35">HIV.C.DE35</a></td><td>PrEP requested by client</td><td>Signs of substantial risk of HIV infection - PrEP requested by client</td></tr><tr><td><a href="CodeSystem-concept-codes.html#concept-codes-HIV.46E.46DE84">HIV.E.DE84</a></td><td>No condom use during sex with more than one partner in the past 6 months</td><td>Signs of substantial risk of HIV infection - No condom use during sex with more than one partner in the past 6 months</td></tr><tr><td><a href="CodeSystem-concept-codes.html#concept-codes-HIV.46E.46DE85">HIV.E.DE85</a></td><td>STI in the past 6 months</td><td>Signs of substantial risk of HIV infection - STI in the past 6 months</td></tr><tr><td><a href="CodeSystem-concept-codes.html#concept-codes-HIV.46E.46DE86">HIV.E.DE86</a></td><td>A sexual partner in the past 6 months had one or more HIV risk factors</td><td>Signs of substantial risk of HIV infection - A sexual partner in the past 6 months had one or more HIV risk factors</td></tr></table></li></ul></div></text><url value="http://fhir.org/guides/itech-uw/ValueSet/hiv-c-de32"/><version value="0.3.0"/><name value="SignsofsubstantialriskofHIVinfectionCodes"/><title value="Signs of substantial risk of HIV infection Codes"/><status value="draft"/><experimental value="false"/><date value="2024-03-05T14:51:57+00:00"/><publisher value="World Health Organization (WHO) "/><contact><telecom><system value="url"/><value value="https://www.who.int"/></telecom></contact><description value="Codes representing possible values for the Signs of substantial risk of HIV infection element"/><jurisdiction><coding><system value="http://unstats.un.org/unsd/methods/m49/m49.htm"/><code value="001"/></coding></jurisdiction><immutable value="true"/><compose><include><system value="http://fhir.org/guides/itech-uw/who-smart-hiv-dak/CodeSystem/concept-codes"/><concept><code value="HIV.C.DE32"/><display value="No condom use during sex with more than one partner in the past 6 months"/></concept><concept><code value="HIV.C.DE33"/><display value="Sexually transmitted infection (STI) in the past 6 months"/></concept><concept><code value="HIV.C.DE34"/><display value="A sexual partner in the past 6 months had one or more HIV risk factors"/></concept><concept><code value="HIV.C.DE35"/><display value="PrEP requested by client"/></concept><concept><code value="HIV.E.DE84"/><display value="No condom use during sex with more than one partner in the past 6 months"/></concept><concept><code value="HIV.E.DE85"/><display value="STI in the past 6 months"/></concept><concept><code value="HIV.E.DE86"/><display value="A sexual partner in the past 6 months had one or more HIV risk factors"/></concept></include></compose></ValueSet>