<?xml version="1.0" encoding="UTF-8"?><ValueSet xmlns="http://hl7.org/fhir"><id value="hiv-b-de49"/><text><status value="extensions"/><div xmlns="http://www.w3.org/1999/xhtml"><ul><li>Include these codes as defined in <a href="CodeSystem-concept-codes.html"><code>http://fhir.org/guides/itech-uw/who-smart-hiv-dak/CodeSystem/concept-codes</code></a><table class="none"><tr><td style="white-space:nowrap"><b>Code</b></td><td><b>Display</b></td><td><b>Definition</b></td></tr><tr><td><a href="CodeSystem-concept-codes.html#concept-codes-HIV.46B.46DE49">HIV.B.DE49</a></td><td>Sex worker</td><td>Key population member* - Sex worker</td></tr><tr><td><a href="CodeSystem-concept-codes.html#concept-codes-HIV.46B.46DE50">HIV.B.DE50</a></td><td>Men who have sex with men</td><td>Key population member* - Men who have sex with men</td></tr><tr><td><a href="CodeSystem-concept-codes.html#concept-codes-HIV.46B.46DE51">HIV.B.DE51</a></td><td>Transgender people</td><td>Key population member* - Transgender people</td></tr><tr><td><a href="CodeSystem-concept-codes.html#concept-codes-HIV.46B.46DE52">HIV.B.DE52</a></td><td>People who inject drugs</td><td>Key population member* - People who inject drugs</td></tr><tr><td><a href="CodeSystem-concept-codes.html#concept-codes-HIV.46B.46DE53">HIV.B.DE53</a></td><td>People living in prisons and other closed settings</td><td>Key population member* - People living in prisons and other closed settings</td></tr></table></li></ul></div></text><url value="http://fhir.org/guides/itech-uw/ValueSet/hiv-b-de49"/><version value="0.3.0"/><name value="Keypopulationmember*Codes"/><title value="Key population member* Codes"/><status value="draft"/><experimental value="false"/><date value="2024-03-05T14:51:57+00:00"/><publisher value="World Health Organization (WHO) "/><contact><telecom><system value="url"/><value value="https://www.who.int"/></telecom></contact><description value="Codes representing possible values for the Key population member* element"/><jurisdiction><coding><system value="http://unstats.un.org/unsd/methods/m49/m49.htm"/><code value="001"/></coding></jurisdiction><immutable value="true"/><compose><include><system value="http://fhir.org/guides/itech-uw/who-smart-hiv-dak/CodeSystem/concept-codes"/><concept><code value="HIV.B.DE49"/><display value="Sex worker"/></concept><concept><code value="HIV.B.DE50"/><display value="Men who have sex with men"/></concept><concept><code value="HIV.B.DE51"/><display value="Transgender people"/></concept><concept><code value="HIV.B.DE52"/><display value="People who inject drugs"/></concept><concept><code value="HIV.B.DE53"/><display value="People living in prisons and other closed settings"/></concept></include></compose></ValueSet>