<?xml version="1.0" encoding="UTF-8"?><ValueSet xmlns="http://hl7.org/fhir"><id value="hiv-e-de110"/><text><status value="extensions"/><div xmlns="http://www.w3.org/1999/xhtml"><ul><li>Include these codes as defined in <a href="CodeSystem-concept-codes.html"><code>http://fhir.org/guides/itech-uw/who-smart-hiv-dak/CodeSystem/concept-codes</code></a><table class="none"><tr><td style="white-space:nowrap"><b>Code</b></td><td><b>Display</b></td><td><b>Definition</b></td></tr><tr><td><a href="CodeSystem-concept-codes.html#concept-codes-HIV.46E.46DE110">HIV.E.DE110</a></td><td>Positive</td><td>Early infant diagnosis HIV test result for nucleic acid infant diagnosis assays - Positive</td></tr><tr><td><a href="CodeSystem-concept-codes.html#concept-codes-HIV.46E.46DE111">HIV.E.DE111</a></td><td>Negative</td><td>Early infant diagnosis HIV test result for nucleic acid infant diagnosis assays - Negative</td></tr><tr><td><a href="CodeSystem-concept-codes.html#concept-codes-HIV.46E.46DE112">HIV.E.DE112</a></td><td>Indeterminate</td><td>Early infant diagnosis HIV test result for nucleic acid infant diagnosis assays - Indeterminate</td></tr></table></li></ul></div></text><url value="http://fhir.org/guides/itech-uw/ValueSet/hiv-e-de110"/><version value="0.3.0"/><name value="EarlyinfantdiagnosisHIVtestresultfornucleicacidinfantdiagnosisassaysCodes"/><title value="Early infant diagnosis HIV test result for nucleic acid infant diagnosis assays Codes"/><status value="draft"/><experimental value="false"/><date value="2024-03-05T14:51:57+00:00"/><publisher value="World Health Organization (WHO) "/><contact><telecom><system value="url"/><value value="https://www.who.int"/></telecom></contact><description value="Codes representing possible values for the Early infant diagnosis HIV test result for nucleic acid infant diagnosis assays element"/><jurisdiction><coding><system value="http://unstats.un.org/unsd/methods/m49/m49.htm"/><code value="001"/></coding></jurisdiction><immutable value="true"/><compose><include><system value="http://fhir.org/guides/itech-uw/who-smart-hiv-dak/CodeSystem/concept-codes"/><concept><code value="HIV.E.DE110"/><display value="Positive"/></concept><concept><code value="HIV.E.DE111"/><display value="Negative"/></concept><concept><code value="HIV.E.DE112"/><display value="Indeterminate"/></concept></include></compose></ValueSet>