<?xml version="1.0" encoding="UTF-8"?><ValueSet xmlns="http://hl7.org/fhir"><id value="hiv-d-de165"/><text><status value="extensions"/><div xmlns="http://www.w3.org/1999/xhtml"><ul><li>Include these codes as defined in <a href="CodeSystem-concept-codes.html"><code>http://fhir.org/guides/itech-uw/who-smart-hiv-dak/CodeSystem/concept-codes</code></a><table class="none"><tr><td style="white-space:nowrap"><b>Code</b></td><td><b>Display</b></td><td><b>Definition</b></td></tr><tr><td><a href="CodeSystem-concept-codes.html#concept-codes-HIV.46D.46DE165">HIV.D.DE165</a></td><td>Forgot</td><td>Reason(s) for adherence problem - Forgot</td></tr><tr><td><a href="CodeSystem-concept-codes.html#concept-codes-HIV.46D.46DE166">HIV.D.DE166</a></td><td>Asleep</td><td>Reason(s) for adherence problem - Asleep</td></tr><tr><td><a href="CodeSystem-concept-codes.html#concept-codes-HIV.46D.46DE167">HIV.D.DE167</a></td><td>Busy</td><td>Reason(s) for adherence problem - Busy</td></tr><tr><td><a href="CodeSystem-concept-codes.html#concept-codes-HIV.46D.46DE168">HIV.D.DE168</a></td><td>Change of routine</td><td>Reason(s) for adherence problem - Change of routine</td></tr><tr><td><a href="CodeSystem-concept-codes.html#concept-codes-HIV.46D.46DE169">HIV.D.DE169</a></td><td>Travel cost</td><td>Reason(s) for adherence problem - Travel cost</td></tr><tr><td><a href="CodeSystem-concept-codes.html#concept-codes-HIV.46D.46DE170">HIV.D.DE170</a></td><td>Distance to clinic</td><td>Reason(s) for adherence problem - Distance to clinic</td></tr><tr><td><a href="CodeSystem-concept-codes.html#concept-codes-HIV.46D.46DE171">HIV.D.DE171</a></td><td>Client lost/ran out of pills</td><td>Reason(s) for adherence problem - Client lost/ran out of pills</td></tr><tr><td><a href="CodeSystem-concept-codes.html#concept-codes-HIV.46D.46DE172">HIV.D.DE172</a></td><td>Stock-out</td><td>Reason(s) for adherence problem - Stock-out</td></tr><tr><td><a href="CodeSystem-concept-codes.html#concept-codes-HIV.46D.46DE173">HIV.D.DE173</a></td><td>Toxicity/side effects</td><td>Reason(s) for adherence problem - Toxicity/side effects</td></tr><tr><td><a href="CodeSystem-concept-codes.html#concept-codes-HIV.46D.46DE174">HIV.D.DE174</a></td><td>Too ill</td><td>Reason(s) for adherence problem - Too ill</td></tr><tr><td><a href="CodeSystem-concept-codes.html#concept-codes-HIV.46D.46DE175">HIV.D.DE175</a></td><td>Pill burden</td><td>Reason(s) for adherence problem - Pill burden</td></tr><tr><td><a href="CodeSystem-concept-codes.html#concept-codes-HIV.46D.46DE176">HIV.D.DE176</a></td><td>Felt well</td><td>Reason(s) for adherence problem - Felt well</td></tr><tr><td><a href="CodeSystem-concept-codes.html#concept-codes-HIV.46D.46DE177">HIV.D.DE177</a></td><td>Depression</td><td>Reason(s) for adherence problem - Depression</td></tr><tr><td><a href="CodeSystem-concept-codes.html#concept-codes-HIV.46D.46DE178">HIV.D.DE178</a></td><td>Alcohol use</td><td>Reason(s) for adherence problem - Alcohol use</td></tr><tr><td><a href="CodeSystem-concept-codes.html#concept-codes-HIV.46D.46DE179">HIV.D.DE179</a></td><td>Substance use</td><td>Reason(s) for adherence problem - Substance use</td></tr><tr><td><a href="CodeSystem-concept-codes.html#concept-codes-HIV.46D.46DE180">HIV.D.DE180</a></td><td>Stigma/disclosure concerns</td><td>Reason(s) for adherence problem - Stigma/disclosure concerns</td></tr><tr><td><a href="CodeSystem-concept-codes.html#concept-codes-HIV.46D.46DE181">HIV.D.DE181</a></td><td>Lack of food</td><td>Reason(s) for adherence problem - Lack of food</td></tr><tr><td><a href="CodeSystem-concept-codes.html#concept-codes-HIV.46D.46DE182">HIV.D.DE182</a></td><td>Poor palatability</td><td>Reason(s) for adherence problem - Poor palatability</td></tr><tr><td><a href="CodeSystem-concept-codes.html#concept-codes-HIV.46D.46DE183">HIV.D.DE183</a></td><td>Other reason for nonadherence (specify)</td><td>Reason(s) for adherence problem - Other reason for nonadherence (specify)</td></tr><tr><td><a href="CodeSystem-concept-codes.html#concept-codes-HIV.46H.46DE51">HIV.H.DE51</a></td><td>Forgot</td><td>Reason(s) for adherence problem - Forgot</td></tr><tr><td><a href="CodeSystem-concept-codes.html#concept-codes-HIV.46H.46DE52">HIV.H.DE52</a></td><td>Asleep</td><td>Reason(s) for adherence problem - Asleep</td></tr><tr><td><a href="CodeSystem-concept-codes.html#concept-codes-HIV.46H.46DE53">HIV.H.DE53</a></td><td>Busy</td><td>Reason(s) for adherence problem - Busy</td></tr><tr><td><a href="CodeSystem-concept-codes.html#concept-codes-HIV.46H.46DE54">HIV.H.DE54</a></td><td>Change of routine</td><td>Reason(s) for adherence problem - Change of routine</td></tr><tr><td><a href="CodeSystem-concept-codes.html#concept-codes-HIV.46H.46DE55">HIV.H.DE55</a></td><td>Travel cost</td><td>Reason(s) for adherence problem - Travel cost</td></tr><tr><td><a href="CodeSystem-concept-codes.html#concept-codes-HIV.46H.46DE56">HIV.H.DE56</a></td><td>Distance to clinic</td><td>Reason(s) for adherence problem - Distance to clinic</td></tr><tr><td><a href="CodeSystem-concept-codes.html#concept-codes-HIV.46H.46DE57">HIV.H.DE57</a></td><td>Client lost/ran out of pills</td><td>Reason(s) for adherence problem - Client lost/ran out of pills</td></tr><tr><td><a href="CodeSystem-concept-codes.html#concept-codes-HIV.46H.46DE58">HIV.H.DE58</a></td><td>Stock-out</td><td>Reason(s) for adherence problem - Stock-out</td></tr><tr><td><a href="CodeSystem-concept-codes.html#concept-codes-HIV.46H.46DE59">HIV.H.DE59</a></td><td>Toxicity/side effects</td><td>Reason(s) for adherence problem - Toxicity/side effects</td></tr><tr><td><a href="CodeSystem-concept-codes.html#concept-codes-HIV.46H.46DE60">HIV.H.DE60</a></td><td>Too ill</td><td>Reason(s) for adherence problem - Too ill</td></tr><tr><td><a href="CodeSystem-concept-codes.html#concept-codes-HIV.46H.46DE61">HIV.H.DE61</a></td><td>Pill burden</td><td>Reason(s) for adherence problem - Pill burden</td></tr><tr><td><a href="CodeSystem-concept-codes.html#concept-codes-HIV.46H.46DE62">HIV.H.DE62</a></td><td>Felt well</td><td>Reason(s) for adherence problem - Felt well</td></tr><tr><td><a href="CodeSystem-concept-codes.html#concept-codes-HIV.46H.46DE63">HIV.H.DE63</a></td><td>Depression</td><td>Reason(s) for adherence problem - Depression</td></tr><tr><td><a href="CodeSystem-concept-codes.html#concept-codes-HIV.46H.46DE64">HIV.H.DE64</a></td><td>Alcohol use</td><td>Reason(s) for adherence problem - Alcohol use</td></tr><tr><td><a href="CodeSystem-concept-codes.html#concept-codes-HIV.46H.46DE65">HIV.H.DE65</a></td><td>Substance use</td><td>Reason(s) for adherence problem - Substance use</td></tr><tr><td><a href="CodeSystem-concept-codes.html#concept-codes-HIV.46H.46DE66">HIV.H.DE66</a></td><td>Stigma/disclosure concerns</td><td>Reason(s) for adherence problem - Stigma/disclosure concerns</td></tr><tr><td><a href="CodeSystem-concept-codes.html#concept-codes-HIV.46H.46DE67">HIV.H.DE67</a></td><td>Lack of food</td><td>Reason(s) for adherence problem - Lack of food</td></tr><tr><td><a href="CodeSystem-concept-codes.html#concept-codes-HIV.46H.46DE68">HIV.H.DE68</a></td><td>Poor palatability</td><td>Reason(s) for adherence problem - Poor palatability</td></tr><tr><td><a href="CodeSystem-concept-codes.html#concept-codes-HIV.46H.46DE69">HIV.H.DE69</a></td><td>Other (specify)</td><td>Reason(s) for adherence problem - Other (specify)</td></tr></table></li></ul></div></text><url value="http://fhir.org/guides/itech-uw/ValueSet/hiv-d-de165"/><version value="0.3.0"/><name value="ReasonsforadherenceproblemCodes"/><title value="Reason(s) for adherence problem Codes"/><status value="draft"/><experimental value="false"/><date value="2024-03-05T14:51:57+00:00"/><publisher value="World Health Organization (WHO) "/><contact><telecom><system value="url"/><value value="https://www.who.int"/></telecom></contact><description value="Codes representing possible values for the Reason(s) for adherence problem element"/><jurisdiction><coding><system value="http://unstats.un.org/unsd/methods/m49/m49.htm"/><code value="001"/></coding></jurisdiction><immutable value="true"/><compose><include><system value="http://fhir.org/guides/itech-uw/who-smart-hiv-dak/CodeSystem/concept-codes"/><concept><code value="HIV.D.DE165"/><display value="Forgot"/></concept><concept><code value="HIV.D.DE166"/><display value="Asleep"/></concept><concept><code value="HIV.D.DE167"/><display value="Busy"/></concept><concept><code value="HIV.D.DE168"/><display value="Change of routine"/></concept><concept><code value="HIV.D.DE169"/><display value="Travel cost"/></concept><concept><code value="HIV.D.DE170"/><display value="Distance to clinic"/></concept><concept><code value="HIV.D.DE171"/><display value="Client lost/ran out of pills"/></concept><concept><code value="HIV.D.DE172"/><display value="Stock-out"/></concept><concept><code value="HIV.D.DE173"/><display value="Toxicity/side effects"/></concept><concept><code value="HIV.D.DE174"/><display value="Too ill"/></concept><concept><code value="HIV.D.DE175"/><display value="Pill burden"/></concept><concept><code value="HIV.D.DE176"/><display value="Felt well"/></concept><concept><code value="HIV.D.DE177"/><display value="Depression"/></concept><concept><code value="HIV.D.DE178"/><display value="Alcohol use"/></concept><concept><code value="HIV.D.DE179"/><display value="Substance use"/></concept><concept><code value="HIV.D.DE180"/><display value="Stigma/disclosure concerns"/></concept><concept><code value="HIV.D.DE181"/><display value="Lack of food"/></concept><concept><code value="HIV.D.DE182"/><display value="Poor palatability"/></concept><concept><code value="HIV.D.DE183"/><display value="Other reason for nonadherence (specify)"/></concept><concept><code value="HIV.H.DE51"/><display value="Forgot"/></concept><concept><code value="HIV.H.DE52"/><display value="Asleep"/></concept><concept><code value="HIV.H.DE53"/><display value="Busy"/></concept><concept><code value="HIV.H.DE54"/><display value="Change of routine"/></concept><concept><code value="HIV.H.DE55"/><display value="Travel cost"/></concept><concept><code value="HIV.H.DE56"/><display value="Distance to clinic"/></concept><concept><code value="HIV.H.DE57"/><display value="Client lost/ran out of pills"/></concept><concept><code value="HIV.H.DE58"/><display value="Stock-out"/></concept><concept><code value="HIV.H.DE59"/><display value="Toxicity/side effects"/></concept><concept><code value="HIV.H.DE60"/><display value="Too ill"/></concept><concept><code value="HIV.H.DE61"/><display value="Pill burden"/></concept><concept><code value="HIV.H.DE62"/><display value="Felt well"/></concept><concept><code value="HIV.H.DE63"/><display value="Depression"/></concept><concept><code value="HIV.H.DE64"/><display value="Alcohol use"/></concept><concept><code value="HIV.H.DE65"/><display value="Substance use"/></concept><concept><code value="HIV.H.DE66"/><display value="Stigma/disclosure concerns"/></concept><concept><code value="HIV.H.DE67"/><display value="Lack of food"/></concept><concept><code value="HIV.H.DE68"/><display value="Poor palatability"/></concept><concept><code value="HIV.H.DE69"/><display value="Other (specify)"/></concept></include></compose></ValueSet>