<?xml version="1.0" encoding="UTF-8"?><ValueSet xmlns="http://hl7.org/fhir"><id value="hiv-g-de59"/><text><status value="extensions"/><div xmlns="http://www.w3.org/1999/xhtml"><ul><li>Include these codes as defined in <a href="CodeSystem-concept-codes.html"><code>http://fhir.org/guides/itech-uw/who-smart-hiv-dak/CodeSystem/concept-codes</code></a><table class="none"><tr><td style="white-space:nowrap"><b>Code</b></td><td><b>Display</b></td><td><b>Definition</b></td></tr><tr><td><a href="CodeSystem-concept-codes.html#concept-codes-HIV.46G.46DE59">HIV.G.DE59</a></td><td>Rapid syphilis test (RST)</td><td>Syphilis test type - Rapid syphilis test (RST)</td></tr><tr><td><a href="CodeSystem-concept-codes.html#concept-codes-HIV.46G.46DE60">HIV.G.DE60</a></td><td>Rapid plasma reagin (RPR) test</td><td>Syphilis test type - Rapid plasma reagin (RPR) test</td></tr><tr><td><a href="CodeSystem-concept-codes.html#concept-codes-HIV.46G.46DE61">HIV.G.DE61</a></td><td>Off-site lab test</td><td>Syphilis test type - Off-site lab test</td></tr></table></li></ul></div></text><url value="http://fhir.org/guides/itech-uw/ValueSet/hiv-g-de59"/><version value="0.3.0"/><name value="SyphilistesttypeCodes"/><title value="Syphilis test type Codes"/><status value="draft"/><experimental value="false"/><date value="2024-03-05T14:51:57+00:00"/><publisher value="World Health Organization (WHO) "/><contact><telecom><system value="url"/><value value="https://www.who.int"/></telecom></contact><description value="Codes representing possible values for the Syphilis test type element"/><jurisdiction><coding><system value="http://unstats.un.org/unsd/methods/m49/m49.htm"/><code value="001"/></coding></jurisdiction><immutable value="true"/><compose><include><system value="http://fhir.org/guides/itech-uw/who-smart-hiv-dak/CodeSystem/concept-codes"/><concept><code value="HIV.G.DE59"/><display value="Rapid syphilis test (RST)"/></concept><concept><code value="HIV.G.DE60"/><display value="Rapid plasma reagin (RPR) test"/></concept><concept><code value="HIV.G.DE61"/><display value="Off-site lab test"/></concept></include></compose></ValueSet>