<?xml version="1.0" encoding="UTF-8"?><ValueSet xmlns="http://hl7.org/fhir"><id value="hiv-e-de50"/><text><status value="extensions"/><div xmlns="http://www.w3.org/1999/xhtml"><ul><li>Include these codes as defined in <a href="CodeSystem-concept-codes.html"><code>http://fhir.org/guides/itech-uw/who-smart-hiv-dak/CodeSystem/concept-codes</code></a><table class="none"><tr><td style="white-space:nowrap"><b>Code</b></td><td><b>Display</b></td><td><b>Definition</b></td></tr><tr><td><a href="CodeSystem-concept-codes.html#concept-codes-HIV.46E.46DE50">HIV.E.DE50</a></td><td>Not exposed</td><td>Infant or child exposure to HIV - Not exposed</td></tr><tr><td><a href="CodeSystem-concept-codes.html#concept-codes-HIV.46E.46DE51">HIV.E.DE51</a></td><td>HIV-exposed infant or child</td><td>Infant or child exposure to HIV - HIV-exposed infant or child</td></tr><tr><td><a href="CodeSystem-concept-codes.html#concept-codes-HIV.46E.46DE52">HIV.E.DE52</a></td><td>Unknown HIV exposure</td><td>Infant or child exposure to HIV - Unknown HIV exposure</td></tr></table></li></ul></div></text><url value="http://fhir.org/guides/itech-uw/ValueSet/hiv-e-de50"/><version value="0.3.0"/><name value="InfantorchildexposuretoHIVCodes"/><title value="Infant or child exposure to HIV Codes"/><status value="draft"/><experimental value="false"/><date value="2024-03-05T14:51:57+00:00"/><publisher value="World Health Organization (WHO) "/><contact><telecom><system value="url"/><value value="https://www.who.int"/></telecom></contact><description value="Codes representing possible values for the Infant or child exposure to HIV element"/><jurisdiction><coding><system value="http://unstats.un.org/unsd/methods/m49/m49.htm"/><code value="001"/></coding></jurisdiction><immutable value="true"/><compose><include><system value="http://fhir.org/guides/itech-uw/who-smart-hiv-dak/CodeSystem/concept-codes"/><concept><code value="HIV.E.DE50"/><display value="Not exposed"/></concept><concept><code value="HIV.E.DE51"/><display value="HIV-exposed infant or child"/></concept><concept><code value="HIV.E.DE52"/><display value="Unknown HIV exposure"/></concept></include></compose></ValueSet>