{
  "codeSystems" : [
    {
      "url" : "http://worldhealthorganization.github.io/smart-hiv/CodeSystem/HIV.A",
      "version" : "0.1.0",
      "status" : "draft",
      "name" : "HIV_A",
      "title" : "HIV.A  Registration CodeSystem",
      "description" : "CodeSystem for HIV.A  Registration Data Elements"
    },
    {
      "url" : "http://worldhealthorganization.github.io/smart-hiv/CodeSystem/HIV.B",
      "version" : "0.1.0",
      "status" : "draft",
      "name" : "HIV_B",
      "title" : "HIV.B HTS visit  CodeSystem",
      "description" : "CodeSystem for HIV.B HTS visit  Data Elements"
    },
    {
      "url" : "http://worldhealthorganization.github.io/smart-hiv/CodeSystem/HIV.C",
      "version" : "0.1.0",
      "status" : "draft",
      "name" : "HIV_C",
      "title" : "HIV.C PrEP visit  CodeSystem",
      "description" : "CodeSystem for HIV.C PrEP visit  Data Elements"
    },
    {
      "url" : "http://worldhealthorganization.github.io/smart-hiv/CodeSystem/HIV.Configuration",
      "version" : "0.1.0",
      "status" : "draft",
      "name" : "HIV_Configuration",
      "title" : "HIV.Configuration CodeSystem",
      "description" : "CodeSystem for HIV.Configuration  Data Elements"
    },
    {
      "url" : "http://worldhealthorganization.github.io/smart-hiv/CodeSystem/HIV.D",
      "version" : "0.1.0",
      "status" : "draft",
      "name" : "HIV_D",
      "title" : "HIV.D  CodeSystem",
      "description" : "CodeSystem for HIV.D Data Elements"
    },
    {
      "url" : "http://worldhealthorganization.github.io/smart-hiv/CodeSystem/HIV.EF",
      "version" : "0.1.0",
      "status" : "draft",
      "name" : "HIV_EF",
      "title" : "HIV.E-F PMTCT  CodeSystem",
      "description" : "CodeSystem for HIV.E-F PMTCT  Data Elements"
    },
    {
      "url" : "http://worldhealthorganization.github.io/smart-hiv/CodeSystem/HIV.G",
      "version" : "0.1.0",
      "status" : "draft",
      "name" : "HIV_G",
      "title" : "HIV.G Diagnostics  CodeSystem",
      "description" : "CodeSystem for HIV.G Diagnostics  Data Elements"
    },
    {
      "url" : "http://worldhealthorganization.github.io/smart-hiv/CodeSystem/HIV.H",
      "version" : "0.1.0",
      "status" : "draft",
      "name" : "HIV_M",
      "title" : "HIV.H Follow-up  CodeSystem",
      "description" : "CodeSystem for HIV.H Follow-up  Data Elements"
    },
    {
      "url" : "http://worldhealthorganization.github.io/smart-hiv/CodeSystem/HIV.I",
      "version" : "0.1.0",
      "status" : "draft",
      "name" : "HIV_I",
      "title" : "HIV.I Referral  CodeSystem",
      "description" : "CodeSystem for HIV.I Referral Data Elements"
    },
    {
      "url" : "http://worldhealthorganization.github.io/smart-hiv/CodeSystem/HIV.Prevention",
      "version" : "0.1.0",
      "status" : "draft",
      "name" : "HIV_Prevention",
      "title" : "HIV.Prevention  CodeSystem",
      "description" : "CodeSystem for HIV.Prevention Data Elements"
    }
  ]
}
