<?xml version="1.0" encoding="UTF-8"?><CodeSystem xmlns="http://hl7.org/fhir"><id value="HIV.Configuration"/><text><status value="generated"/><div xmlns="http://www.w3.org/1999/xhtml"><p>This case-insensitive code system <code>http://worldhealthorganization.github.io/smart-hiv/CodeSystem/HIV.Configuration</code> defines the following codes:</p><table class="codes"><tr><td style="white-space:nowrap"><b>Code</b></td><td><b>Display</b></td><td><b>Definition</b></td></tr><tr><td style="white-space:nowrap">DE1<a name="HIV.Configuration-DE1"> </a></td><td>Population prevalence of TB</td><td>The tuberculosis prevalence in the general population in number of cases per 100 000 persons or greater.</td></tr><tr><td style="white-space:nowrap">DE2<a name="HIV.Configuration-DE2"> </a></td><td>Population prevalence of soil-transmitted helminth infection</td><td>The percentage of individuals in the general population infected with at least one species of soil-transmitted helminths</td></tr><tr><td style="white-space:nowrap">DE3<a name="HIV.Configuration-DE3"> </a></td><td>Population incidence of HIV in the absence of PrEP</td><td>HIV incidence number of cases per 100 person–years in the absence of PrEP</td></tr><tr><td style="white-space:nowrap">DE4<a name="HIV.Configuration-DE4"> </a></td><td>Population prevalence of HIV</td><td>The proportion of the population that are HIV-positive</td></tr><tr><td style="white-space:nowrap">DE5<a name="HIV.Configuration-DE5"> </a></td><td>Prevalence of pretreatment NNRTI drug resistance</td><td>Prevalence of pretreatment HIV drug resistance to NNRTIs among people initiating first-line ART</td></tr><tr><td style="white-space:nowrap">DE6<a name="HIV.Configuration-DE6"> </a></td><td>Malaria-endemic setting</td><td>Whether the setting is a malaria-endemic setting</td></tr><tr><td style="white-space:nowrap">DE7<a name="HIV.Configuration-DE7"> </a></td><td>Population prevalence of syphilis</td><td>The proportion of the population with syphilis</td></tr><tr><td style="white-space:nowrap">DE8<a name="HIV.Configuration-DE8"> </a></td><td>Population prevalence of hepatitis B</td><td>The proportion of hepatitis B surface antigen (HBsAg) seroprevalence in the general population</td></tr><tr><td style="white-space:nowrap">DE9<a name="HIV.Configuration-DE9"> </a></td><td>Population prevalence of hepatitis C</td><td>The proportion of hepatitis C virus (HCV) antibody seroprevalence in the general population</td></tr><tr><td style="white-space:nowrap">DE10<a name="HIV.Configuration-DE10"> </a></td><td>Prevalence of HIV in the catchment area</td><td>The proportion of the population from the health facility's catchment area that are HIV-positive (estimated)</td></tr><tr><td style="white-space:nowrap">DE11<a name="HIV.Configuration-DE11"> </a></td><td>Ultrasound available at the health facility</td><td>Whether an ultrasound machine is available and functional in the facility and a trained health worker is available to use it</td></tr><tr><td style="white-space:nowrap">DE12<a name="HIV.Configuration-DE12"> </a></td><td>HIV burden of the setting</td><td>HIV burden of the setting (high or low) based on the national HIV prevalence or where the HIV prevalence and/or incidence in a geographical setting is higher than national prevalence and, therefore, needs priority in the HIV response</td></tr><tr><td style="white-space:nowrap">DE13<a name="HIV.Configuration-DE13"> </a></td><td>High HIV burden setting</td><td>Settings with &gt;5% national HIV prevalence and subpopulations and geographic settings where HIV prevalence and/or incidence is higher than nationally.</td></tr><tr><td style="white-space:nowrap">DE14<a name="HIV.Configuration-DE14"> </a></td><td>Low HIV burden setting</td><td>Settings with &lt;5% HIV national prevalence but where certain populations (primarily key populations and their partners) and geographic settings may have higher HIV prevalence and/or incidence than nationally and, therefore, need priority in the HIV response</td></tr><tr><td style="white-space:nowrap">DE15<a name="HIV.Configuration-DE15"> </a></td><td>HPV DNA testing operational at the health facility</td><td>Is HPV DNA testing operational at the health facility for cervical cancer screening?</td></tr><tr><td style="white-space:nowrap">DE16<a name="HIV.Configuration-DE16"> </a></td><td>Routine viral load testing is available</td><td>Routine viral load testing is available in the facility</td></tr><tr><td style="white-space:nowrap">DE17<a name="HIV.Configuration-DE17"> </a></td><td>Health facility ID</td><td>Unique ID of the health facility that recorded the client. This ID could represent a universal health facility ID, if used in the country. Alternatively this ID can also be generated by the national surveillance system and assigned to reporting facility.</td></tr><tr><td style="white-space:nowrap">DE18<a name="HIV.Configuration-DE18"> </a></td><td>TB treating facility ID</td><td>The facility where the client is receiving tuberculosis (TB) treatment</td></tr><tr><td style="white-space:nowrap">DE19<a name="HIV.Configuration-DE19"> </a></td><td>Other priority populations</td><td>Other populations of priority of HIV prevention and care in local context (provided during adaptation)</td></tr><tr><td style="white-space:nowrap">DE20<a name="HIV.Configuration-DE20"> </a></td><td>Reporting period end date</td><td>End date of the reporting period</td></tr><tr><td style="white-space:nowrap">DE21<a name="HIV.Configuration-DE21"> </a></td><td>Reporting period start date</td><td>Start date of the reporting period</td></tr><tr><td style="white-space:nowrap">DE22<a name="HIV.Configuration-DE22"> </a></td><td>Reporting date</td><td>Reporting date, for surveys performed on a specific date</td></tr></table></div></text><url value="http://worldhealthorganization.github.io/smart-hiv/CodeSystem/HIV.Configuration"/><version value="0.1.0"/><name value="HIV_Configuration"/><title value="HIV.Configuration CodeSystem"/><status value="draft"/><experimental value="false"/><date value="2024-05-28T19:00:34+00:00"/><publisher value="WHO"/><contact><name value="WHO"/><telecom><system value="url"/><value value="http://who.int"/></telecom></contact><description value="CodeSystem for HIV.Configuration  Data Elements"/><caseSensitive value="false"/><content value="complete"/><count value="22"/><concept><code value="DE1"/><display value="Population prevalence of TB"/><definition value="The tuberculosis prevalence in the general population in number of cases per 100 000 persons or greater."/></concept><concept><code value="DE2"/><display value="Population prevalence of soil-transmitted helminth infection"/><definition value="The percentage of individuals in the general population infected with at least one species of soil-transmitted helminths"/></concept><concept><code value="DE3"/><display value="Population incidence of HIV in the absence of PrEP"/><definition value="HIV incidence number of cases per 100 person–years in the absence of PrEP"/></concept><concept><code value="DE4"/><display value="Population prevalence of HIV"/><definition value="The proportion of the population that are HIV-positive"/></concept><concept><code value="DE5"/><display value="Prevalence of pretreatment NNRTI drug resistance"/><definition value="Prevalence of pretreatment HIV drug resistance to NNRTIs among people initiating first-line ART"/></concept><concept><code value="DE6"/><display value="Malaria-endemic setting"/><definition value="Whether the setting is a malaria-endemic setting"/></concept><concept><code value="DE7"/><display value="Population prevalence of syphilis"/><definition value="The proportion of the population with syphilis"/></concept><concept><code value="DE8"/><display value="Population prevalence of hepatitis B"/><definition value="The proportion of hepatitis B surface antigen (HBsAg) seroprevalence in the general population"/></concept><concept><code value="DE9"/><display value="Population prevalence of hepatitis C"/><definition value="The proportion of hepatitis C virus (HCV) antibody seroprevalence in the general population"/></concept><concept><code value="DE10"/><display value="Prevalence of HIV in the catchment area"/><definition value="The proportion of the population from the health facility's catchment area that are HIV-positive (estimated)"/></concept><concept><code value="DE11"/><display value="Ultrasound available at the health facility"/><definition value="Whether an ultrasound machine is available and functional in the facility and a trained health worker is available to use it"/></concept><concept><code value="DE12"/><display value="HIV burden of the setting"/><definition value="HIV burden of the setting (high or low) based on the national HIV prevalence or where the HIV prevalence and/or incidence in a geographical setting is higher than national prevalence and, therefore, needs priority in the HIV response"/></concept><concept><code value="DE13"/><display value="High HIV burden setting"/><definition value="Settings with &gt;5% national HIV prevalence and subpopulations and geographic settings where HIV prevalence and/or incidence is higher than nationally."/></concept><concept><code value="DE14"/><display value="Low HIV burden setting"/><definition value="Settings with &lt;5% HIV national prevalence but where certain populations (primarily key populations and their partners) and geographic settings may have higher HIV prevalence and/or incidence than nationally and, therefore, need priority in the HIV response"/></concept><concept><code value="DE15"/><display value="HPV DNA testing operational at the health facility"/><definition value="Is HPV DNA testing operational at the health facility for cervical cancer screening?"/></concept><concept><code value="DE16"/><display value="Routine viral load testing is available"/><definition value="Routine viral load testing is available in the facility"/></concept><concept><code value="DE17"/><display value="Health facility ID"/><definition value="Unique ID of the health facility that recorded the client. This ID could represent a universal health facility ID, if used in the country. Alternatively this ID can also be generated by the national surveillance system and assigned to reporting facility."/></concept><concept><code value="DE18"/><display value="TB treating facility ID"/><definition value="The facility where the client is receiving tuberculosis (TB) treatment"/></concept><concept><code value="DE19"/><display value="Other priority populations"/><definition value="Other populations of priority of HIV prevention and care in local context (provided during adaptation)"/></concept><concept><code value="DE20"/><display value="Reporting period end date"/><definition value="End date of the reporting period"/></concept><concept><code value="DE21"/><display value="Reporting period start date"/><definition value="Start date of the reporting period"/></concept><concept><code value="DE22"/><display value="Reporting date"/><definition value="Reporting date, for surveys performed on a specific date"/></concept></CodeSystem>