<?xml version="1.0" encoding="UTF-8"?><Library xmlns="http://hl7.org/fhir"><id value="HIVDT03"/><url value="http://fhir.org/guides/who/anc-cds/Library/HIVDT03"/><identifier><use value="official"/><value value="HIV.DT.03"/></identifier><version value="0.3.0"/><name value="HIVDT03"/><title value="HIV.DT.03 Determine retest recommendation"/><status value="draft"/><date value="2024-03-05T18:24:53+00:00"/><publisher value="World Health Organization (WHO) "/><contact><telecom><system value="url"/><value value="https://www.who.int"/></telecom></contact><description value="HIV test result = HIV negative"/><jurisdiction><coding><system value="http://unstats.un.org/unsd/methods/m49/m49.htm"/><code value="001"/></coding></jurisdiction></Library>