<?xml version="1.0" encoding="UTF-8"?><ValueSet xmlns="http://hl7.org/fhir"><id value="hiv-g-de36"/><text><status value="extensions"/><div xmlns="http://www.w3.org/1999/xhtml"><ul><li>Include these codes as defined in <a href="CodeSystem-concept-codes.html"><code>http://fhir.org/guides/itech-uw/who-smart-hiv-dak/CodeSystem/concept-codes</code></a><table class="none"><tr><td style="white-space:nowrap"><b>Code</b></td><td><b>Display</b></td><td><b>Definition</b></td></tr><tr><td><a href="CodeSystem-concept-codes.html#concept-codes-HIV.46G.46DE36">HIV.G.DE36</a></td><td>Test delayed to next contact or referred</td><td>Reason Hepatitis C test not done - Test delayed to next contact or referred</td></tr><tr><td><a href="CodeSystem-concept-codes.html#concept-codes-HIV.46G.46DE37">HIV.G.DE37</a></td><td>Stock-out or expired</td><td>Reason Hepatitis C test not done - Stock-out or expired</td></tr><tr><td><a href="CodeSystem-concept-codes.html#concept-codes-HIV.46G.46DE38">HIV.G.DE38</a></td><td>Machine or technician not available or machine not functioning</td><td>Reason Hepatitis C test not done - Machine or technician not available or machine not functioning</td></tr><tr><td><a href="CodeSystem-concept-codes.html#concept-codes-HIV.46G.46DE39">HIV.G.DE39</a></td><td>Client declined / refused test</td><td>Reason Hepatitis C test not done - Client declined / refused test</td></tr><tr><td><a href="CodeSystem-concept-codes.html#concept-codes-HIV.46G.46DE40">HIV.G.DE40</a></td><td>Other</td><td>Reason Hepatitis C test not done - Other</td></tr></table></li></ul></div></text><url value="http://fhir.org/guides/itech-uw/ValueSet/hiv-g-de36"/><version value="0.3.0"/><name value="ReasonHepatitisCtestnotdoneCodes"/><title value="Reason Hepatitis C test not done Codes"/><status value="draft"/><experimental value="false"/><date value="2024-05-29T19:37:49+00:00"/><publisher value="World Health Organization (WHO) "/><contact><telecom><system value="url"/><value value="https://www.who.int"/></telecom></contact><description value="Codes representing possible values for the Reason Hepatitis C test not done element"/><jurisdiction><coding><system value="http://unstats.un.org/unsd/methods/m49/m49.htm"/><code value="001"/></coding></jurisdiction><immutable value="true"/><compose><include><system value="http://fhir.org/guides/itech-uw/who-smart-hiv-dak/CodeSystem/concept-codes"/><concept><code value="HIV.G.DE36"/><display value="Test delayed to next contact or referred"/></concept><concept><code value="HIV.G.DE37"/><display value="Stock-out or expired"/></concept><concept><code value="HIV.G.DE38"/><display value="Machine or technician not available or machine not functioning"/></concept><concept><code value="HIV.G.DE39"/><display value="Client declined / refused test"/></concept><concept><code value="HIV.G.DE40"/><display value="Other"/></concept></include></compose></ValueSet>