<?xml version="1.0" encoding="UTF-8"?><ValueSet xmlns="http://hl7.org/fhir"><id value="hiv-b-de82"/><text><status value="extensions"/><div xmlns="http://www.w3.org/1999/xhtml"><ul><li>Include these codes as defined in <a href="CodeSystem-concept-codes.html"><code>http://fhir.org/guides/itech-uw/who-smart-hiv-dak/CodeSystem/concept-codes</code></a><table class="none"><tr><td style="white-space:nowrap"><b>Code</b></td><td><b>Display</b></td><td><b>Definition</b></td></tr><tr><td><a href="CodeSystem-concept-codes.html#concept-codes-HIV.46B.46DE82">HIV.B.DE82</a></td><td>Rapid diagnostic test for HIV</td><td>HIV test type - Rapid diagnostic test for HIV</td></tr><tr><td><a href="CodeSystem-concept-codes.html#concept-codes-HIV.46B.46DE83">HIV.B.DE83</a></td><td>Enzyme immunoassay for HIV</td><td>HIV test type - Enzyme immunoassay for HIV</td></tr><tr><td><a href="CodeSystem-concept-codes.html#concept-codes-HIV.46B.46DE84">HIV.B.DE84</a></td><td>Nucleic acid test for HIV</td><td>HIV test type - Nucleic acid test for HIV</td></tr><tr><td><a href="CodeSystem-concept-codes.html#concept-codes-HIV.46B.46DE85">HIV.B.DE85</a></td><td>Dual HIV/syphilis rapid diagnostic test</td><td>HIV test type - Dual HIV/syphilis rapid diagnostic test</td></tr><tr><td><a href="CodeSystem-concept-codes.html#concept-codes-HIV.46B.46DE86">HIV.B.DE86</a></td><td>HIV self-test</td><td>HIV test type - HIV self-test</td></tr></table></li></ul></div></text><url value="http://fhir.org/guides/itech-uw/ValueSet/hiv-b-de82"/><version value="0.3.0"/><name value="HIVtesttypeCodes"/><title value="HIV test type Codes"/><status value="draft"/><experimental value="false"/><date value="2024-05-29T19:37:49+00:00"/><publisher value="World Health Organization (WHO) "/><contact><telecom><system value="url"/><value value="https://www.who.int"/></telecom></contact><description value="Codes representing possible values for the HIV test type element"/><jurisdiction><coding><system value="http://unstats.un.org/unsd/methods/m49/m49.htm"/><code value="001"/></coding></jurisdiction><immutable value="true"/><compose><include><system value="http://fhir.org/guides/itech-uw/who-smart-hiv-dak/CodeSystem/concept-codes"/><concept><code value="HIV.B.DE82"/><display value="Rapid diagnostic test for HIV"/></concept><concept><code value="HIV.B.DE83"/><display value="Enzyme immunoassay for HIV"/></concept><concept><code value="HIV.B.DE84"/><display value="Nucleic acid test for HIV"/></concept><concept><code value="HIV.B.DE85"/><display value="Dual HIV/syphilis rapid diagnostic test"/></concept><concept><code value="HIV.B.DE86"/><display value="HIV self-test"/></concept></include></compose></ValueSet>