<?xml version="1.0" encoding="UTF-8"?><ValueSet xmlns="http://hl7.org/fhir"><id value="hiv-b-de277"/><text><status value="extensions"/><div xmlns="http://www.w3.org/1999/xhtml"><ul><li>Include these codes as defined in <a href="CodeSystem-concept-codes.html"><code>http://fhir.org/guides/itech-uw/who-smart-hiv-dak/CodeSystem/concept-codes</code></a><table class="none"><tr><td style="white-space:nowrap"><b>Code</b></td><td><b>Display</b></td><td><b>Definition</b></td></tr><tr><td><a href="CodeSystem-concept-codes.html#concept-codes-HIV.46B.46DE277">HIV.B.DE277</a></td><td>NAAT</td><td>Neisseria gonorrhoeae test type - NAAT</td></tr><tr><td><a href="CodeSystem-concept-codes.html#concept-codes-HIV.46B.46DE278">HIV.B.DE278</a></td><td>POC Test</td><td>Neisseria gonorrhoeae test type - POC Test</td></tr><tr><td><a href="CodeSystem-concept-codes.html#concept-codes-HIV.46B.46DE279">HIV.B.DE279</a></td><td>Culture</td><td>Neisseria gonorrhoeae test type - Culture</td></tr><tr><td><a href="CodeSystem-concept-codes.html#concept-codes-HIV.46B.46DE280">HIV.B.DE280</a></td><td>Microscopy</td><td>Neisseria gonorrhoeae test type - Microscopy</td></tr><tr><td><a href="CodeSystem-concept-codes.html#concept-codes-HIV.46B.46DE281">HIV.B.DE281</a></td><td>Other</td><td>Neisseria gonorrhoeae test type - Other</td></tr><tr><td><a href="CodeSystem-concept-codes.html#concept-codes-HIV.46D.46DE829">HIV.D.DE829</a></td><td>NAAT</td><td>Neisseria gonorrhoeae test type - NAAT</td></tr><tr><td><a href="CodeSystem-concept-codes.html#concept-codes-HIV.46D.46DE830">HIV.D.DE830</a></td><td>POC Test</td><td>Neisseria gonorrhoeae test type - POC Test</td></tr><tr><td><a href="CodeSystem-concept-codes.html#concept-codes-HIV.46D.46DE831">HIV.D.DE831</a></td><td>Culture</td><td>Neisseria gonorrhoeae test type - Culture</td></tr><tr><td><a href="CodeSystem-concept-codes.html#concept-codes-HIV.46D.46DE832">HIV.D.DE832</a></td><td>Microscopy</td><td>Neisseria gonorrhoeae test type - Microscopy</td></tr><tr><td><a href="CodeSystem-concept-codes.html#concept-codes-HIV.46D.46DE833">HIV.D.DE833</a></td><td>Other</td><td>Neisseria gonorrhoeae test type - Other</td></tr></table></li></ul></div></text><url value="http://fhir.org/guides/itech-uw/ValueSet/hiv-b-de277"/><version value="0.3.0"/><name value="NeisseriagonorrhoeaetesttypeCodes"/><title value="Neisseria gonorrhoeae test type Codes"/><status value="draft"/><experimental value="false"/><date value="2024-05-29T19:37:49+00:00"/><publisher value="World Health Organization (WHO) "/><contact><telecom><system value="url"/><value value="https://www.who.int"/></telecom></contact><description value="Codes representing possible values for the Neisseria gonorrhoeae test type element"/><jurisdiction><coding><system value="http://unstats.un.org/unsd/methods/m49/m49.htm"/><code value="001"/></coding></jurisdiction><immutable value="true"/><compose><include><system value="http://fhir.org/guides/itech-uw/who-smart-hiv-dak/CodeSystem/concept-codes"/><concept><code value="HIV.B.DE277"/><display value="NAAT"/></concept><concept><code value="HIV.B.DE278"/><display value="POC Test"/></concept><concept><code value="HIV.B.DE279"/><display value="Culture"/></concept><concept><code value="HIV.B.DE280"/><display value="Microscopy"/></concept><concept><code value="HIV.B.DE281"/><display value="Other"/></concept><concept><code value="HIV.D.DE829"/><display value="NAAT"/></concept><concept><code value="HIV.D.DE830"/><display value="POC Test"/></concept><concept><code value="HIV.D.DE831"/><display value="Culture"/></concept><concept><code value="HIV.D.DE832"/><display value="Microscopy"/></concept><concept><code value="HIV.D.DE833"/><display value="Other"/></concept></include></compose></ValueSet>