<?xml version="1.0" encoding="UTF-8"?><ValueSet xmlns="http://hl7.org/fhir"><id value="hiv-d-de751"/><text><status value="extensions"/><div xmlns="http://www.w3.org/1999/xhtml"><ul><li>Include these codes as defined in <a href="CodeSystem-concept-codes.html"><code>http://fhir.org/guides/itech-uw/who-smart-hiv-dak/CodeSystem/concept-codes</code></a><table class="none"><tr><td style="white-space:nowrap"><b>Code</b></td><td><b>Display</b></td><td><b>Definition</b></td></tr><tr><td><a href="CodeSystem-concept-codes.html#concept-codes-HIV.46D.46DE751">HIV.D.DE751</a></td><td>Screen positive for TB</td><td>TB screening result - Screen positive for TB</td></tr><tr><td><a href="CodeSystem-concept-codes.html#concept-codes-HIV.46D.46DE752">HIV.D.DE752</a></td><td>Screen negative for TB</td><td>TB screening result - Screen negative for TB</td></tr><tr><td><a href="CodeSystem-concept-codes.html#concept-codes-HIV.46D.46DE754">HIV.D.DE754</a></td><td>Inconclusive</td><td>TB screening result - Inconclusive</td></tr><tr><td><a href="CodeSystem-concept-codes.html#concept-codes-HIV.46D.46DE753">HIV.D.DE753</a></td><td>Incomplete (only symptoms)</td><td>TB screening result - Incomplete (only symptoms)</td></tr></table></li></ul></div></text><url value="http://fhir.org/guides/itech-uw/ValueSet/hiv-d-de751"/><version value="0.3.0"/><name value="TBscreeningresultCodes"/><title value="TB screening result Codes"/><status value="draft"/><experimental value="false"/><date value="2024-03-05T18:24:53+00:00"/><publisher value="World Health Organization (WHO) "/><contact><telecom><system value="url"/><value value="https://www.who.int"/></telecom></contact><description value="Codes representing possible values for the TB screening result element"/><jurisdiction><coding><system value="http://unstats.un.org/unsd/methods/m49/m49.htm"/><code value="001"/></coding></jurisdiction><immutable value="true"/><compose><include><system value="http://fhir.org/guides/itech-uw/who-smart-hiv-dak/CodeSystem/concept-codes"/><concept><code value="HIV.D.DE751"/><display value="Screen positive for TB"/></concept><concept><code value="HIV.D.DE752"/><display value="Screen negative for TB"/></concept><concept><code value="HIV.D.DE754"/><display value="Inconclusive"/></concept><concept><code value="HIV.D.DE753"/><display value="Incomplete (only symptoms)"/></concept></include></compose></ValueSet>