<?xml version="1.0" encoding="UTF-8"?><ValueSet xmlns="http://hl7.org/fhir"><id value="hiv-c-de113"/><text><status value="extensions"/><div xmlns="http://www.w3.org/1999/xhtml"><ul><li>Include these codes as defined in <a href="CodeSystem-concept-codes.html"><code>http://fhir.org/guides/itech-uw/who-smart-hiv-dak/CodeSystem/concept-codes</code></a><table class="none"><tr><td style="white-space:nowrap"><b>Code</b></td><td><b>Display</b></td><td><b>Definition</b></td></tr><tr><td><a href="CodeSystem-concept-codes.html#concept-codes-HIV.46C.46DE113">HIV.C.DE113</a></td><td>Tenofovir disoproxil fumarate (TDF) allergy or contraindication</td><td>Contraindications to PrEP usage - Tenofovir disoproxil fumarate (TDF) allergy or contraindication</td></tr><tr><td><a href="CodeSystem-concept-codes.html#concept-codes-HIV.46C.46DE114">HIV.C.DE114</a></td><td>HIV-positive</td><td>Contraindications to PrEP usage - HIV-positive</td></tr><tr><td><a href="CodeSystem-concept-codes.html#concept-codes-HIV.46C.46DE115">HIV.C.DE115</a></td><td>Low estimated creatinine clearance</td><td>Contraindications to PrEP usage - Low estimated creatinine clearance</td></tr><tr><td><a href="CodeSystem-concept-codes.html#concept-codes-HIV.46C.46DE116">HIV.C.DE116</a></td><td>Acute HIV infection symptoms</td><td>Contraindications to PrEP usage - Acute HIV infection symptoms</td></tr><tr><td><a href="CodeSystem-concept-codes.html#concept-codes-HIV.46C.46DE117">HIV.C.DE117</a></td><td>Probable recent exposure to HIV</td><td>Contraindications to PrEP usage - Probable recent exposure to HIV</td></tr><tr><td><a href="CodeSystem-concept-codes.html#concept-codes-HIV.46C.46DE118">HIV.C.DE118</a></td><td>Other allergy or contraindication to a medicine in the PrEP regimen</td><td>Contraindications to PrEP usage - Other allergy or contraindication to a medicine in the PrEP regimen</td></tr></table></li></ul></div></text><url value="http://fhir.org/guides/itech-uw/ValueSet/hiv-c-de113"/><version value="0.3.0"/><name value="ContraindicationstoPrEPusageCodes"/><title value="Contraindications to PrEP usage Codes"/><status value="draft"/><experimental value="false"/><date value="2024-05-29T19:37:49+00:00"/><publisher value="World Health Organization (WHO) "/><contact><telecom><system value="url"/><value value="https://www.who.int"/></telecom></contact><description value="Codes representing possible values for the Contraindications to PrEP usage element"/><jurisdiction><coding><system value="http://unstats.un.org/unsd/methods/m49/m49.htm"/><code value="001"/></coding></jurisdiction><immutable value="true"/><compose><include><system value="http://fhir.org/guides/itech-uw/who-smart-hiv-dak/CodeSystem/concept-codes"/><concept><code value="HIV.C.DE113"/><display value="Tenofovir disoproxil fumarate (TDF) allergy or contraindication"/></concept><concept><code value="HIV.C.DE114"/><display value="HIV-positive"/></concept><concept><code value="HIV.C.DE115"/><display value="Low estimated creatinine clearance"/></concept><concept><code value="HIV.C.DE116"/><display value="Acute HIV infection symptoms"/></concept><concept><code value="HIV.C.DE117"/><display value="Probable recent exposure to HIV"/></concept><concept><code value="HIV.C.DE118"/><display value="Other allergy or contraindication to a medicine in the PrEP regimen"/></concept></include></compose></ValueSet>