<?xml version="1.0" encoding="UTF-8"?><ValueSet xmlns="http://hl7.org/fhir"><id value="hiv-d-de993"/><text><status value="extensions"/><div xmlns="http://www.w3.org/1999/xhtml"><ul><li>Include these codes as defined in <a href="CodeSystem-concept-codes.html"><code>http://fhir.org/guides/itech-uw/who-smart-hiv-dak/CodeSystem/concept-codes</code></a><table class="none"><tr><td style="white-space:nowrap"><b>Code</b></td><td><b>Display</b></td><td><b>Definition</b></td></tr><tr><td><a href="CodeSystem-concept-codes.html#concept-codes-HIV.46D.46DE993">HIV.D.DE993</a></td><td>LF-LAM</td><td>TB diagnostic test category - LF-LAM</td></tr><tr><td><a href="CodeSystem-concept-codes.html#concept-codes-HIV.46D.46DE994">HIV.D.DE994</a></td><td>mWRD test for TB</td><td>TB diagnostic test category - mWRD test for TB</td></tr><tr><td><a href="CodeSystem-concept-codes.html#concept-codes-HIV.46D.46DE995">HIV.D.DE995</a></td><td>Microscopy - Sputum acid-fast bacilli (AFB)</td><td>TB diagnostic test category - Microscopy - Sputum acid-fast bacilli (AFB)</td></tr><tr><td><a href="CodeSystem-concept-codes.html#concept-codes-HIV.46D.46DE996">HIV.D.DE996</a></td><td>TB Culture</td><td>TB diagnostic test category - TB Culture</td></tr></table></li></ul></div></text><url value="http://fhir.org/guides/itech-uw/ValueSet/hiv-d-de993"/><version value="0.3.0"/><name value="TBdiagnostictestcategoryCodes"/><title value="TB diagnostic test category Codes"/><status value="draft"/><experimental value="false"/><date value="2024-05-29T19:37:49+00:00"/><publisher value="World Health Organization (WHO) "/><contact><telecom><system value="url"/><value value="https://www.who.int"/></telecom></contact><description value="Codes representing possible values for the TB diagnostic test category element"/><jurisdiction><coding><system value="http://unstats.un.org/unsd/methods/m49/m49.htm"/><code value="001"/></coding></jurisdiction><immutable value="true"/><compose><include><system value="http://fhir.org/guides/itech-uw/who-smart-hiv-dak/CodeSystem/concept-codes"/><concept><code value="HIV.D.DE993"/><display value="LF-LAM"/></concept><concept><code value="HIV.D.DE994"/><display value="mWRD test for TB"/></concept><concept><code value="HIV.D.DE995"/><display value="Microscopy - Sputum acid-fast bacilli (AFB)"/></concept><concept><code value="HIV.D.DE996"/><display value="TB Culture"/></concept></include></compose></ValueSet>