<?xml version="1.0" encoding="UTF-8"?><ValueSet xmlns="http://hl7.org/fhir"><id value="hiv-d-de214"/><text><status value="extensions"/><div xmlns="http://www.w3.org/1999/xhtml"><ul><li>Include these codes as defined in <a href="CodeSystem-concept-codes.html"><code>http://fhir.org/guides/itech-uw/who-smart-hiv-dak/CodeSystem/concept-codes</code></a><table class="none"><tr><td style="white-space:nowrap"><b>Code</b></td><td><b>Display</b></td><td><b>Definition</b></td></tr><tr><td><a href="CodeSystem-concept-codes.html#concept-codes-HIV.46D.46DE214">HIV.D.DE214</a></td><td>Provide co-trimoxazole preventive therapy (CPT)</td><td>Preventing and treating coinfections - Provide co-trimoxazole preventive therapy (CPT)</td></tr><tr><td><a href="CodeSystem-concept-codes.html#concept-codes-HIV.46D.46DE215">HIV.D.DE215</a></td><td>Intensified TB case finding and linkage to TB treatment</td><td>Preventing and treating coinfections - Intensified TB case finding and linkage to TB treatment</td></tr><tr><td><a href="CodeSystem-concept-codes.html#concept-codes-HIV.46D.46DE216">HIV.D.DE216</a></td><td>Provide isoniazid preventive therapy</td><td>Preventing and treating coinfections - Provide isoniazid preventive therapy</td></tr><tr><td><a href="CodeSystem-concept-codes.html#concept-codes-HIV.46D.46DE217">HIV.D.DE217</a></td><td>Screen for cryptococcal infection and fungal prophylaxis</td><td>Preventing and treating coinfections - Screen for cryptococcal infection and fungal prophylaxis</td></tr><tr><td><a href="CodeSystem-concept-codes.html#concept-codes-HIV.46D.46DE218">HIV.D.DE218</a></td><td>Screen for hepatitis B</td><td>Preventing and treating coinfections - Screen for hepatitis B</td></tr><tr><td><a href="CodeSystem-concept-codes.html#concept-codes-HIV.46D.46DE219">HIV.D.DE219</a></td><td>Screen for hepatitis C</td><td>Preventing and treating coinfections - Screen for hepatitis C</td></tr><tr><td><a href="CodeSystem-concept-codes.html#concept-codes-HIV.46D.46DE220">HIV.D.DE220</a></td><td>Prevent malaria</td><td>Preventing and treating coinfections - Prevent malaria</td></tr><tr><td><a href="CodeSystem-concept-codes.html#concept-codes-HIV.46D.46DE221">HIV.D.DE221</a></td><td>Screen for STIs</td><td>Preventing and treating coinfections - Screen for STIs</td></tr><tr><td><a href="CodeSystem-concept-codes.html#concept-codes-HIV.46D.46DE222">HIV.D.DE222</a></td><td>Prevent and screen for cervical cancer</td><td>Preventing and treating coinfections - Prevent and screen for cervical cancer</td></tr><tr><td><a href="CodeSystem-concept-codes.html#concept-codes-HIV.46D.46DE223">HIV.D.DE223</a></td><td>Anal cancer screening (for men who have sex with men)</td><td>Preventing and treating coinfections - Anal cancer screening (for men who have sex with men)</td></tr><tr><td><a href="CodeSystem-concept-codes.html#concept-codes-HIV.46D.46DE224">HIV.D.DE224</a></td><td>Assessment and provision of vaccinations</td><td>Preventing and treating coinfections - Assessment and provision of vaccinations</td></tr></table></li></ul></div></text><url value="http://fhir.org/guides/itech-uw/ValueSet/hiv-d-de214"/><version value="0.3.0"/><name value="PreventingandtreatingcoinfectionsCodes"/><title value="Preventing and treating coinfections Codes"/><status value="draft"/><experimental value="false"/><date value="2024-03-05T18:24:53+00:00"/><publisher value="World Health Organization (WHO) "/><contact><telecom><system value="url"/><value value="https://www.who.int"/></telecom></contact><description value="Codes representing possible values for the Preventing and treating coinfections element"/><jurisdiction><coding><system value="http://unstats.un.org/unsd/methods/m49/m49.htm"/><code value="001"/></coding></jurisdiction><immutable value="true"/><compose><include><system value="http://fhir.org/guides/itech-uw/who-smart-hiv-dak/CodeSystem/concept-codes"/><concept><code value="HIV.D.DE214"/><display value="Provide co-trimoxazole preventive therapy (CPT)"/></concept><concept><code value="HIV.D.DE215"/><display value="Intensified TB case finding and linkage to TB treatment"/></concept><concept><code value="HIV.D.DE216"/><display value="Provide isoniazid preventive therapy"/></concept><concept><code value="HIV.D.DE217"/><display value="Screen for cryptococcal infection and fungal prophylaxis"/></concept><concept><code value="HIV.D.DE218"/><display value="Screen for hepatitis B"/></concept><concept><code value="HIV.D.DE219"/><display value="Screen for hepatitis C"/></concept><concept><code value="HIV.D.DE220"/><display value="Prevent malaria"/></concept><concept><code value="HIV.D.DE221"/><display value="Screen for STIs"/></concept><concept><code value="HIV.D.DE222"/><display value="Prevent and screen for cervical cancer"/></concept><concept><code value="HIV.D.DE223"/><display value="Anal cancer screening (for men who have sex with men)"/></concept><concept><code value="HIV.D.DE224"/><display value="Assessment and provision of vaccinations"/></concept></include></compose></ValueSet>