<?xml version="1.0" encoding="UTF-8"?><ValueSet xmlns="http://hl7.org/fhir"><id value="hiv-d-de185"/><text><status value="extensions"/><div xmlns="http://www.w3.org/1999/xhtml"><ul><li>Include these codes as defined in <a href="CodeSystem-concept-codes.html"><code>http://fhir.org/guides/itech-uw/who-smart-hiv-dak/CodeSystem/concept-codes</code></a><table class="none"><tr><td style="white-space:nowrap"><b>Code</b></td><td><b>Display</b></td><td><b>Definition</b></td></tr><tr><td><a href="CodeSystem-concept-codes.html#concept-codes-HIV.46D.46DE185">HIV.D.DE185</a></td><td>Severe illness, hospitalization</td><td>Reason ART stopped - Severe illness, hospitalization</td></tr><tr><td><a href="CodeSystem-concept-codes.html#concept-codes-HIV.46D.46DE186">HIV.D.DE186</a></td><td>Toxicity/side effects</td><td>Reason ART stopped - Toxicity/side effects</td></tr><tr><td><a href="CodeSystem-concept-codes.html#concept-codes-HIV.46D.46DE187">HIV.D.DE187</a></td><td>Drugs out of stock</td><td>Reason ART stopped - Drugs out of stock</td></tr><tr><td><a href="CodeSystem-concept-codes.html#concept-codes-HIV.46D.46DE188">HIV.D.DE188</a></td><td>Client lacks finances</td><td>Reason ART stopped - Client lacks finances</td></tr><tr><td><a href="CodeSystem-concept-codes.html#concept-codes-HIV.46D.46DE189">HIV.D.DE189</a></td><td>Treatment-limiting toxicity</td><td>Reason ART stopped - Treatment-limiting toxicity</td></tr><tr><td><a href="CodeSystem-concept-codes.html#concept-codes-HIV.46D.46DE190">HIV.D.DE190</a></td><td>Other reason for stopping ART (specify)</td><td>Reason ART stopped - Other reason for stopping ART (specify)</td></tr><tr><td><a href="CodeSystem-concept-codes.html#concept-codes-HIV.46H.46DE72">HIV.H.DE72</a></td><td>Severe illness, hospitalization</td><td>Reason ART stopped - Severe illness, hospitalization</td></tr><tr><td><a href="CodeSystem-concept-codes.html#concept-codes-HIV.46H.46DE73">HIV.H.DE73</a></td><td>Drugs out of stock</td><td>Reason ART stopped - Drugs out of stock</td></tr><tr><td><a href="CodeSystem-concept-codes.html#concept-codes-HIV.46H.46DE74">HIV.H.DE74</a></td><td>Client lacks finances</td><td>Reason ART stopped - Client lacks finances</td></tr><tr><td><a href="CodeSystem-concept-codes.html#concept-codes-HIV.46H.46DE75">HIV.H.DE75</a></td><td>Excluded HIV infection in infant</td><td>Reason ART stopped - Excluded HIV infection in infant</td></tr><tr><td><a href="CodeSystem-concept-codes.html#concept-codes-HIV.46H.46DE76">HIV.H.DE76</a></td><td>Treatment-limiting toxicity</td><td>Reason ART stopped - Treatment-limiting toxicity</td></tr><tr><td><a href="CodeSystem-concept-codes.html#concept-codes-HIV.46H.46DE77">HIV.H.DE77</a></td><td>Other (specify)</td><td>Reason ART stopped - Other (specify)</td></tr></table></li></ul></div></text><url value="http://fhir.org/guides/itech-uw/ValueSet/hiv-d-de185"/><version value="0.3.0"/><name value="ReasonARTstoppedCodes"/><title value="Reason ART stopped Codes"/><status value="draft"/><experimental value="false"/><date value="2024-03-05T18:24:53+00:00"/><publisher value="World Health Organization (WHO) "/><contact><telecom><system value="url"/><value value="https://www.who.int"/></telecom></contact><description value="Codes representing possible values for the Reason ART stopped element"/><jurisdiction><coding><system value="http://unstats.un.org/unsd/methods/m49/m49.htm"/><code value="001"/></coding></jurisdiction><immutable value="true"/><compose><include><system value="http://fhir.org/guides/itech-uw/who-smart-hiv-dak/CodeSystem/concept-codes"/><concept><code value="HIV.D.DE185"/><display value="Severe illness, hospitalization"/></concept><concept><code value="HIV.D.DE186"/><display value="Toxicity/side effects"/></concept><concept><code value="HIV.D.DE187"/><display value="Drugs out of stock"/></concept><concept><code value="HIV.D.DE188"/><display value="Client lacks finances"/></concept><concept><code value="HIV.D.DE189"/><display value="Treatment-limiting toxicity"/></concept><concept><code value="HIV.D.DE190"/><display value="Other reason for stopping ART (specify)"/></concept><concept><code value="HIV.H.DE72"/><display value="Severe illness, hospitalization"/></concept><concept><code value="HIV.H.DE73"/><display value="Drugs out of stock"/></concept><concept><code value="HIV.H.DE74"/><display value="Client lacks finances"/></concept><concept><code value="HIV.H.DE75"/><display value="Excluded HIV infection in infant"/></concept><concept><code value="HIV.H.DE76"/><display value="Treatment-limiting toxicity"/></concept><concept><code value="HIV.H.DE77"/><display value="Other (specify)"/></concept></include></compose></ValueSet>