<?xml version="1.0" encoding="UTF-8"?><ValueSet xmlns="http://hl7.org/fhir"><id value="hiv-d-de461"/><text><status value="extensions"/><div xmlns="http://www.w3.org/1999/xhtml"><ul><li>Include these codes as defined in <a href="CodeSystem-concept-codes.html"><code>http://fhir.org/guides/itech-uw/who-smart-hiv-dak/CodeSystem/concept-codes</code></a><table class="none"><tr><td style="white-space:nowrap"><b>Code</b></td><td><b>Display</b></td><td><b>Definition</b></td></tr><tr><td><a href="CodeSystem-concept-codes.html#concept-codes-HIV.46D.46DE461">HIV.D.DE461</a></td><td>BP cuff (sphygmomanometer) not available</td><td>Follow-up test recommended date</td></tr><tr><td><a href="CodeSystem-concept-codes.html#concept-codes-HIV.46D.46DE462">HIV.D.DE462</a></td><td>BP cuff (sphygmomanometer) is broken</td><td>Reason blood pressure reading not done - BP cuff (sphygmomanometer) is broken</td></tr><tr><td><a href="CodeSystem-concept-codes.html#concept-codes-HIV.46D.46DE463">HIV.D.DE463</a></td><td>Other (specify)</td><td>Reason blood pressure reading not done - Other (specify)</td></tr></table></li></ul></div></text><url value="http://fhir.org/guides/itech-uw/ValueSet/hiv-d-de461"/><version value="0.3.0"/><name value="ReasonbloodpressurereadingnotdoneCodes"/><title value="Reason blood pressure reading not done Codes"/><status value="draft"/><experimental value="false"/><date value="2024-03-05T18:24:53+00:00"/><publisher value="World Health Organization (WHO) "/><contact><telecom><system value="url"/><value value="https://www.who.int"/></telecom></contact><description value="Codes representing possible values for the Reason blood pressure reading not done element"/><jurisdiction><coding><system value="http://unstats.un.org/unsd/methods/m49/m49.htm"/><code value="001"/></coding></jurisdiction><immutable value="true"/><compose><include><system value="http://fhir.org/guides/itech-uw/who-smart-hiv-dak/CodeSystem/concept-codes"/><concept><code value="HIV.D.DE461"/><display value="BP cuff (sphygmomanometer) not available"/></concept><concept><code value="HIV.D.DE462"/><display value="BP cuff (sphygmomanometer) is broken"/></concept><concept><code value="HIV.D.DE463"/><display value="Other (specify)"/></concept></include></compose></ValueSet>