<?xml version="1.0" encoding="UTF-8"?><ValueSet xmlns="http://hl7.org/fhir"><id value="hiv-c-de25"/><text><status value="extensions"/><div xmlns="http://www.w3.org/1999/xhtml"><ul><li>Include these codes as defined in <a href="CodeSystem-concept-codes.html"><code>http://fhir.org/guides/itech-uw/who-smart-hiv-dak/CodeSystem/concept-codes</code></a><table class="none"><tr><td style="white-space:nowrap"><b>Code</b></td><td><b>Display</b></td><td><b>Definition</b></td></tr><tr><td><a href="CodeSystem-concept-codes.html#concept-codes-HIV.46C.46DE25">HIV.C.DE25</a></td><td>First-time user</td><td>Experience with PrEP - First-time user</td></tr><tr><td><a href="CodeSystem-concept-codes.html#concept-codes-HIV.46C.46DE26">HIV.C.DE26</a></td><td>Continuing user</td><td>Experience with PrEP - Continuing user</td></tr><tr><td><a href="CodeSystem-concept-codes.html#concept-codes-HIV.46C.46DE27">HIV.C.DE27</a></td><td>Restarting following a period of not taking PrEP</td><td>Experience with PrEP - Restarting following a period of not taking PrEP</td></tr></table></li></ul></div></text><url value="http://fhir.org/guides/itech-uw/ValueSet/hiv-c-de25"/><version value="0.3.0"/><name value="ExperiencewithPrEPCodes"/><title value="Experience with PrEP Codes"/><status value="draft"/><experimental value="false"/><date value="2024-05-28T18:56:02+00:00"/><publisher value="World Health Organization (WHO) "/><contact><telecom><system value="url"/><value value="https://www.who.int"/></telecom></contact><description value="Codes representing possible values for the Experience with PrEP element"/><jurisdiction><coding><system value="http://unstats.un.org/unsd/methods/m49/m49.htm"/><code value="001"/></coding></jurisdiction><immutable value="true"/><compose><include><system value="http://fhir.org/guides/itech-uw/who-smart-hiv-dak/CodeSystem/concept-codes"/><concept><code value="HIV.C.DE25"/><display value="First-time user"/></concept><concept><code value="HIV.C.DE26"/><display value="Continuing user"/></concept><concept><code value="HIV.C.DE27"/><display value="Restarting following a period of not taking PrEP"/></concept></include></compose></ValueSet>