<?xml version="1.0" encoding="UTF-8"?><ValueSet xmlns="http://hl7.org/fhir"><id value="hiv-d-de226"/><text><status value="extensions"/><div xmlns="http://www.w3.org/1999/xhtml"><ul><li>Include these codes as defined in <a href="CodeSystem-concept-codes.html"><code>http://fhir.org/guides/itech-uw/who-smart-hiv-dak/CodeSystem/concept-codes</code></a><table class="none"><tr><td style="white-space:nowrap"><b>Code</b></td><td><b>Display</b></td><td><b>Definition</b></td></tr><tr><td><a href="CodeSystem-concept-codes.html#concept-codes-HIV.46D.46DE226">HIV.D.DE226</a></td><td>Oral candidiasis</td><td>Comorbidities and coinfections signs and symptoms - Oral candidiasis</td></tr><tr><td><a href="CodeSystem-concept-codes.html#concept-codes-HIV.46D.46DE227">HIV.D.DE227</a></td><td>Vaginal candidiasis</td><td>Comorbidities and coinfections signs and symptoms - Vaginal candidiasis</td></tr><tr><td><a href="CodeSystem-concept-codes.html#concept-codes-HIV.46D.46DE228">HIV.D.DE228</a></td><td>Cough</td><td>Comorbidities and coinfections signs and symptoms - Cough</td></tr><tr><td><a href="CodeSystem-concept-codes.html#concept-codes-HIV.46D.46DE229">HIV.D.DE229</a></td><td>Prolonged fever</td><td>Comorbidities and coinfections signs and symptoms - Prolonged fever</td></tr><tr><td><a href="CodeSystem-concept-codes.html#concept-codes-HIV.46D.46DE230">HIV.D.DE230</a></td><td>Night sweats</td><td>Comorbidities and coinfections signs and symptoms - Night sweats</td></tr><tr><td><a href="CodeSystem-concept-codes.html#concept-codes-HIV.46D.46DE231">HIV.D.DE231</a></td><td>Weight loss</td><td>Comorbidities and coinfections signs and symptoms - Weight loss</td></tr><tr><td><a href="CodeSystem-concept-codes.html#concept-codes-HIV.46D.46DE232">HIV.D.DE232</a></td><td>Difficulty breathing</td><td>Comorbidities and coinfections signs and symptoms - Difficulty breathing</td></tr><tr><td><a href="CodeSystem-concept-codes.html#concept-codes-HIV.46D.46DE233">HIV.D.DE233</a></td><td>Pneumonia</td><td>Comorbidities and coinfections signs and symptoms - Pneumonia</td></tr><tr><td><a href="CodeSystem-concept-codes.html#concept-codes-HIV.46D.46DE234">HIV.D.DE234</a></td><td>Urethral discharge</td><td>Comorbidities and coinfections signs and symptoms - Urethral discharge</td></tr><tr><td><a href="CodeSystem-concept-codes.html#concept-codes-HIV.46D.46DE235">HIV.D.DE235</a></td><td>Syphilis</td><td>Comorbidities and coinfections signs and symptoms - Syphilis</td></tr><tr><td><a href="CodeSystem-concept-codes.html#concept-codes-HIV.46D.46DE236">HIV.D.DE236</a></td><td>Pelvic inflammatory disease</td><td>Comorbidities and coinfections signs and symptoms - Pelvic inflammatory disease</td></tr><tr><td><a href="CodeSystem-concept-codes.html#concept-codes-HIV.46D.46DE237">HIV.D.DE237</a></td><td>Ulcers - skin</td><td>Comorbidities and coinfections signs and symptoms - Ulcers - skin</td></tr><tr><td><a href="CodeSystem-concept-codes.html#concept-codes-HIV.46D.46DE238">HIV.D.DE238</a></td><td>Ulcers - mouth or other</td><td>Comorbidities and coinfections signs and symptoms - Ulcers - mouth or other</td></tr><tr><td><a href="CodeSystem-concept-codes.html#concept-codes-HIV.46D.46DE239">HIV.D.DE239</a></td><td>Ulcers - male genital</td><td>Comorbidities and coinfections signs and symptoms - Ulcers - male genital</td></tr><tr><td><a href="CodeSystem-concept-codes.html#concept-codes-HIV.46D.46DE240">HIV.D.DE240</a></td><td>Vaginal discharge</td><td>Comorbidities and coinfections signs and symptoms - Vaginal discharge</td></tr><tr><td><a href="CodeSystem-concept-codes.html#concept-codes-HIV.46D.46DE241">HIV.D.DE241</a></td><td>Malaria</td><td>Comorbidities and coinfections signs and symptoms - Malaria</td></tr><tr><td><a href="CodeSystem-concept-codes.html#concept-codes-HIV.46D.46DE242">HIV.D.DE242</a></td><td>Chronic obstructive pulmonary disease</td><td>Comorbidities and coinfections signs and symptoms - Chronic obstructive pulmonary disease</td></tr><tr><td><a href="CodeSystem-concept-codes.html#concept-codes-HIV.46D.46DE243">HIV.D.DE243</a></td><td>Hypertension</td><td>Comorbidities and coinfections signs and symptoms - Hypertension</td></tr><tr><td><a href="CodeSystem-concept-codes.html#concept-codes-HIV.46D.46DE244">HIV.D.DE244</a></td><td>Diabetes</td><td>Comorbidities and coinfections signs and symptoms - Diabetes</td></tr><tr><td><a href="CodeSystem-concept-codes.html#concept-codes-HIV.46D.46DE245">HIV.D.DE245</a></td><td>Gestational diabetes</td><td>Comorbidities and coinfections signs and symptoms - Gestational diabetes</td></tr><tr><td><a href="CodeSystem-concept-codes.html#concept-codes-HIV.46D.46DE246">HIV.D.DE246</a></td><td>Mental health disorders</td><td>Comorbidities and coinfections signs and symptoms - Mental health disorders</td></tr><tr><td><a href="CodeSystem-concept-codes.html#concept-codes-HIV.46D.46DE247">HIV.D.DE247</a></td><td>Diarrhoea or abdominal  pain</td><td>Comorbidities and coinfections signs and symptoms - Diarrhoea or abdominal  pain</td></tr><tr><td><a href="CodeSystem-concept-codes.html#concept-codes-HIV.46D.46DE248">HIV.D.DE248</a></td><td>Presumptive TB</td><td>Comorbidities and coinfections signs and symptoms - Presumptive TB</td></tr><tr><td><a href="CodeSystem-concept-codes.html#concept-codes-HIV.46D.46DE249">HIV.D.DE249</a></td><td>Severe or complicated malnutrition</td><td>Comorbidities and coinfections signs and symptoms - Severe or complicated malnutrition</td></tr><tr><td><a href="CodeSystem-concept-codes.html#concept-codes-HIV.46D.46DE250">HIV.D.DE250</a></td><td>Poor growth or development</td><td>Comorbidities and coinfections signs and symptoms - Poor growth or development</td></tr><tr><td><a href="CodeSystem-concept-codes.html#concept-codes-HIV.46D.46DE251">HIV.D.DE251</a></td><td>Other (specify)</td><td>Comorbidities and coinfections signs and symptoms - Other (specify)</td></tr></table></li></ul></div></text><url value="http://fhir.org/guides/itech-uw/ValueSet/hiv-d-de226"/><version value="0.3.0"/><name value="ComorbiditiesandcoinfectionssignsandsymptomsCodes"/><title value="Comorbidities and coinfections signs and symptoms Codes"/><status value="draft"/><experimental value="false"/><date value="2024-03-05T18:24:53+00:00"/><publisher value="World Health Organization (WHO) "/><contact><telecom><system value="url"/><value value="https://www.who.int"/></telecom></contact><description value="Codes representing possible values for the Comorbidities and coinfections signs and symptoms element"/><jurisdiction><coding><system value="http://unstats.un.org/unsd/methods/m49/m49.htm"/><code value="001"/></coding></jurisdiction><immutable value="true"/><compose><include><system value="http://fhir.org/guides/itech-uw/who-smart-hiv-dak/CodeSystem/concept-codes"/><concept><code value="HIV.D.DE226"/><display value="Oral candidiasis"/></concept><concept><code value="HIV.D.DE227"/><display value="Vaginal candidiasis"/></concept><concept><code value="HIV.D.DE228"/><display value="Cough"/></concept><concept><code value="HIV.D.DE229"/><display value="Prolonged fever"/></concept><concept><code value="HIV.D.DE230"/><display value="Night sweats"/></concept><concept><code value="HIV.D.DE231"/><display value="Weight loss"/></concept><concept><code value="HIV.D.DE232"/><display value="Difficulty breathing"/></concept><concept><code value="HIV.D.DE233"/><display value="Pneumonia"/></concept><concept><code value="HIV.D.DE234"/><display value="Urethral discharge"/></concept><concept><code value="HIV.D.DE235"/><display value="Syphilis"/></concept><concept><code value="HIV.D.DE236"/><display value="Pelvic inflammatory disease"/></concept><concept><code value="HIV.D.DE237"/><display value="Ulcers - skin"/></concept><concept><code value="HIV.D.DE238"/><display value="Ulcers - mouth or other"/></concept><concept><code value="HIV.D.DE239"/><display value="Ulcers - male genital"/></concept><concept><code value="HIV.D.DE240"/><display value="Vaginal discharge"/></concept><concept><code value="HIV.D.DE241"/><display value="Malaria"/></concept><concept><code value="HIV.D.DE242"/><display value="Chronic obstructive pulmonary disease"/></concept><concept><code value="HIV.D.DE243"/><display value="Hypertension"/></concept><concept><code value="HIV.D.DE244"/><display value="Diabetes"/></concept><concept><code value="HIV.D.DE245"/><display value="Gestational diabetes"/></concept><concept><code value="HIV.D.DE246"/><display value="Mental health disorders"/></concept><concept><code value="HIV.D.DE247"/><display value="Diarrhoea or abdominal  pain"/></concept><concept><code value="HIV.D.DE248"/><display value="Presumptive TB"/></concept><concept><code value="HIV.D.DE249"/><display value="Severe or complicated malnutrition"/></concept><concept><code value="HIV.D.DE250"/><display value="Poor growth or development"/></concept><concept><code value="HIV.D.DE251"/><display value="Other (specify)"/></concept></include></compose></ValueSet>