<?xml version="1.0" encoding="UTF-8"?><ValueSet xmlns="http://hl7.org/fhir"><id value="hiv-d-de180"/><text><status value="extensions"/><div xmlns="http://www.w3.org/1999/xhtml"><ul><li>Include these codes as defined in <a href="CodeSystem-concept-codes.html"><code>http://fhir.org/guides/itech-uw/who-smart-hiv-dak/CodeSystem/concept-codes</code></a><table class="none"><tr><td style="white-space:nowrap"><b>Code</b></td><td><b>Display</b></td><td><b>Definition</b></td></tr><tr><td><a href="CodeSystem-concept-codes.html#concept-codes-HIV.46D.46DE180">HIV.D.DE180</a></td><td>Detected</td><td>HCV viral load test result - Detected</td></tr><tr><td><a href="CodeSystem-concept-codes.html#concept-codes-HIV.46D.46DE181">HIV.D.DE181</a></td><td>Not detected</td><td>HCV viral load test result - Not detected</td></tr><tr><td><a href="CodeSystem-concept-codes.html#concept-codes-HIV.46G.46DE49">HIV.G.DE49</a></td><td>Detected</td><td>HCV viral load test result - Detected</td></tr><tr><td><a href="CodeSystem-concept-codes.html#concept-codes-HIV.46G.46DE50">HIV.G.DE50</a></td><td>Not detected</td><td>HCV viral load test result - Not detected</td></tr></table></li></ul></div></text><url value="http://fhir.org/guides/itech-uw/ValueSet/hiv-d-de180"/><version value="0.3.0"/><name value="HCVviralloadtestresultCodes"/><title value="HCV viral load test result Codes"/><status value="draft"/><experimental value="false"/><date value="2024-05-29T19:37:49+00:00"/><publisher value="World Health Organization (WHO) "/><contact><telecom><system value="url"/><value value="https://www.who.int"/></telecom></contact><description value="Codes representing possible values for the HCV viral load test result element"/><jurisdiction><coding><system value="http://unstats.un.org/unsd/methods/m49/m49.htm"/><code value="001"/></coding></jurisdiction><immutable value="true"/><compose><include><system value="http://fhir.org/guides/itech-uw/who-smart-hiv-dak/CodeSystem/concept-codes"/><concept><code value="HIV.D.DE180"/><display value="Detected"/></concept><concept><code value="HIV.D.DE181"/><display value="Not detected"/></concept><concept><code value="HIV.G.DE49"/><display value="Detected"/></concept><concept><code value="HIV.G.DE50"/><display value="Not detected"/></concept></include></compose></ValueSet>