<?xml version="1.0" encoding="UTF-8"?><ValueSet xmlns="http://hl7.org/fhir"><id value="hiv-b-de160"/><text><status value="extensions"/><div xmlns="http://www.w3.org/1999/xhtml"><ul><li>Include these codes as defined in <a href="CodeSystem-concept-codes.html"><code>http://fhir.org/guides/itech-uw/who-smart-hiv-dak/CodeSystem/concept-codes</code></a><table class="none"><tr><td style="white-space:nowrap"><b>Code</b></td><td><b>Display</b></td><td><b>Definition</b></td></tr><tr><td><a href="CodeSystem-concept-codes.html#concept-codes-HIV.46B.46DE160">HIV.B.DE160</a></td><td>Mental health services</td><td>Other support services - Mental health services</td></tr><tr><td><a href="CodeSystem-concept-codes.html#concept-codes-HIV.46B.46DE161">HIV.B.DE161</a></td><td>Psychosocial counselling, support and treatment adherence counselling</td><td>Other support services - Psychosocial counselling, support and treatment adherence counselling</td></tr><tr><td><a href="CodeSystem-concept-codes.html#concept-codes-HIV.46B.46DE162">HIV.B.DE162</a></td><td>Support for disclosure and partner services</td><td>Other support services - Support for disclosure and partner services</td></tr><tr><td><a href="CodeSystem-concept-codes.html#concept-codes-HIV.46B.46DE163">HIV.B.DE163</a></td><td>Legal and social services</td><td>Other support services - Legal and social services</td></tr><tr><td><a href="CodeSystem-concept-codes.html#concept-codes-HIV.46B.46DE164">HIV.B.DE164</a></td><td>Services for responding to violence against women</td><td>Other support services - Services for responding to violence against women</td></tr><tr><td><a href="CodeSystem-concept-codes.html#concept-codes-HIV.46C.46DE147">HIV.C.DE147</a></td><td>Mental health services</td><td>Other support services - Mental health services</td></tr><tr><td><a href="CodeSystem-concept-codes.html#concept-codes-HIV.46C.46DE148">HIV.C.DE148</a></td><td>Psychosocial counselling, support and treatment adherence counselling</td><td>Other support services - Psychosocial counselling, support and treatment adherence counselling</td></tr><tr><td><a href="CodeSystem-concept-codes.html#concept-codes-HIV.46C.46DE149">HIV.C.DE149</a></td><td>Support for disclosure and partner services</td><td>Other support services - Support for disclosure and partner services</td></tr><tr><td><a href="CodeSystem-concept-codes.html#concept-codes-HIV.46C.46DE150">HIV.C.DE150</a></td><td>Legal and social services</td><td>Other support services - Legal and social services</td></tr><tr><td><a href="CodeSystem-concept-codes.html#concept-codes-HIV.46C.46DE151">HIV.C.DE151</a></td><td>Services for responding to violence against women</td><td>Other support services - Services for responding to violence against women</td></tr><tr><td><a href="CodeSystem-concept-codes.html#concept-codes-HIV.46D.46DE452">HIV.D.DE452</a></td><td>Mental health services</td><td>Other support services - Mental health services</td></tr><tr><td><a href="CodeSystem-concept-codes.html#concept-codes-HIV.46D.46DE453">HIV.D.DE453</a></td><td>Psychosocial counselling, support and treatment adherence counselling</td><td>Other support services - Psychosocial counselling, support and treatment adherence counselling</td></tr><tr><td><a href="CodeSystem-concept-codes.html#concept-codes-HIV.46D.46DE454">HIV.D.DE454</a></td><td>Legal and social services</td><td>Other support services - Legal and social services</td></tr><tr><td><a href="CodeSystem-concept-codes.html#concept-codes-HIV.46D.46DE455">HIV.D.DE455</a></td><td>Services for responding to violence against women</td><td>Other support services - Services for responding to violence against women</td></tr></table></li></ul></div></text><url value="http://fhir.org/guides/itech-uw/ValueSet/hiv-b-de160"/><version value="0.3.0"/><name value="OthersupportservicesCodes"/><title value="Other support services Codes"/><status value="draft"/><experimental value="false"/><date value="2024-03-05T18:24:53+00:00"/><publisher value="World Health Organization (WHO) "/><contact><telecom><system value="url"/><value value="https://www.who.int"/></telecom></contact><description value="Codes representing possible values for the Other support services element"/><jurisdiction><coding><system value="http://unstats.un.org/unsd/methods/m49/m49.htm"/><code value="001"/></coding></jurisdiction><immutable value="true"/><compose><include><system value="http://fhir.org/guides/itech-uw/who-smart-hiv-dak/CodeSystem/concept-codes"/><concept><code value="HIV.B.DE160"/><display value="Mental health services"/></concept><concept><code value="HIV.B.DE161"/><display value="Psychosocial counselling, support and treatment adherence counselling"/></concept><concept><code value="HIV.B.DE162"/><display value="Support for disclosure and partner services"/></concept><concept><code value="HIV.B.DE163"/><display value="Legal and social services"/></concept><concept><code value="HIV.B.DE164"/><display value="Services for responding to violence against women"/></concept><concept><code value="HIV.C.DE147"/><display value="Mental health services"/></concept><concept><code value="HIV.C.DE148"/><display value="Psychosocial counselling, support and treatment adherence counselling"/></concept><concept><code value="HIV.C.DE149"/><display value="Support for disclosure and partner services"/></concept><concept><code value="HIV.C.DE150"/><display value="Legal and social services"/></concept><concept><code value="HIV.C.DE151"/><display value="Services for responding to violence against women"/></concept><concept><code value="HIV.D.DE452"/><display value="Mental health services"/></concept><concept><code value="HIV.D.DE453"/><display value="Psychosocial counselling, support and treatment adherence counselling"/></concept><concept><code value="HIV.D.DE454"/><display value="Legal and social services"/></concept><concept><code value="HIV.D.DE455"/><display value="Services for responding to violence against women"/></concept></include></compose></ValueSet>