<?xml version="1.0" encoding="UTF-8"?><ValueSet xmlns="http://hl7.org/fhir"><id value="hiv-d-de363"/><text><status value="extensions"/><div xmlns="http://www.w3.org/1999/xhtml"><ul><li>Include these codes as defined in <a href="CodeSystem-concept-codes.html"><code>http://fhir.org/guides/itech-uw/who-smart-hiv-dak/CodeSystem/concept-codes</code></a><table class="none"><tr><td style="white-space:nowrap"><b>Code</b></td><td><b>Display</b></td><td><b>Definition</b></td></tr><tr><td><a href="CodeSystem-concept-codes.html#concept-codes-HIV.46D.46DE363">HIV.D.DE363</a></td><td>Toxicity/side effects</td><td>Reason for ARV drug regimen substitution - Toxicity/side effects</td></tr><tr><td><a href="CodeSystem-concept-codes.html#concept-codes-HIV.46D.46DE364">HIV.D.DE364</a></td><td>Pregnancy</td><td>Reason for ARV drug regimen substitution - Pregnancy</td></tr><tr><td><a href="CodeSystem-concept-codes.html#concept-codes-HIV.46D.46DE365">HIV.D.DE365</a></td><td>New TB</td><td>Reason for ARV drug regimen substitution - New TB</td></tr><tr><td><a href="CodeSystem-concept-codes.html#concept-codes-HIV.46D.46DE366">HIV.D.DE366</a></td><td>New drug available</td><td>Reason for ARV drug regimen substitution - New drug available</td></tr><tr><td><a href="CodeSystem-concept-codes.html#concept-codes-HIV.46D.46DE367">HIV.D.DE367</a></td><td>Drug out of stock</td><td>Reason for ARV drug regimen substitution - Drug out of stock</td></tr><tr><td><a href="CodeSystem-concept-codes.html#concept-codes-HIV.46D.46DE368">HIV.D.DE368</a></td><td>Treatment-limiting toxicity</td><td>Reason for ARV drug regimen substitution - Treatment-limiting toxicity</td></tr><tr><td><a href="CodeSystem-concept-codes.html#concept-codes-HIV.46D.46DE369">HIV.D.DE369</a></td><td>Other reason for regimen substitution (specify)</td><td>Reason for ARV drug regimen substitution - Other reason for regimen substitution (specify)</td></tr></table></li></ul></div></text><url value="http://fhir.org/guides/itech-uw/ValueSet/hiv-d-de363"/><version value="0.3.0"/><name value="ReasonforARVdrugregimensubstitutionCodes"/><title value="Reason for ARV drug regimen substitution Codes"/><status value="draft"/><experimental value="false"/><date value="2024-03-05T18:24:53+00:00"/><publisher value="World Health Organization (WHO) "/><contact><telecom><system value="url"/><value value="https://www.who.int"/></telecom></contact><description value="Codes representing possible values for the Reason for ARV drug regimen substitution element"/><jurisdiction><coding><system value="http://unstats.un.org/unsd/methods/m49/m49.htm"/><code value="001"/></coding></jurisdiction><immutable value="true"/><compose><include><system value="http://fhir.org/guides/itech-uw/who-smart-hiv-dak/CodeSystem/concept-codes"/><concept><code value="HIV.D.DE363"/><display value="Toxicity/side effects"/></concept><concept><code value="HIV.D.DE364"/><display value="Pregnancy"/></concept><concept><code value="HIV.D.DE365"/><display value="New TB"/></concept><concept><code value="HIV.D.DE366"/><display value="New drug available"/></concept><concept><code value="HIV.D.DE367"/><display value="Drug out of stock"/></concept><concept><code value="HIV.D.DE368"/><display value="Treatment-limiting toxicity"/></concept><concept><code value="HIV.D.DE369"/><display value="Other reason for regimen substitution (specify)"/></concept></include></compose></ValueSet>