<?xml version="1.0" encoding="UTF-8"?><ValueSet xmlns="http://hl7.org/fhir"><id value="hiv-e-de221"/><text><status value="extensions"/><div xmlns="http://www.w3.org/1999/xhtml"><ul><li>Include these codes as defined in <a href="CodeSystem-concept-codes.html"><code>http://fhir.org/guides/itech-uw/who-smart-hiv-dak/CodeSystem/concept-codes</code></a><table class="none"><tr><td style="white-space:nowrap"><b>Code</b></td><td><b>Display</b></td><td><b>Definition</b></td></tr><tr><td><a href="CodeSystem-concept-codes.html#concept-codes-HIV.46E.46DE221">HIV.E.DE221</a></td><td>Reactive</td><td>Test result of syphilis assay 1 repeated - Reactive</td></tr><tr><td><a href="CodeSystem-concept-codes.html#concept-codes-HIV.46E.46DE222">HIV.E.DE222</a></td><td>Non-reactive</td><td>Test result of syphilis assay 1 repeated - Non-reactive</td></tr><tr><td><a href="CodeSystem-concept-codes.html#concept-codes-HIV.46E.46DE223">HIV.E.DE223</a></td><td>Invalid</td><td>Test result of syphilis assay 1 repeated - Invalid</td></tr></table></li></ul></div></text><url value="http://fhir.org/guides/itech-uw/ValueSet/hiv-e-de221"/><version value="0.3.0"/><name value="Testresultofsyphilisassay1repeatedCodes"/><title value="Test result of syphilis assay 1 repeated Codes"/><status value="draft"/><experimental value="false"/><date value="2024-05-28T18:56:02+00:00"/><publisher value="World Health Organization (WHO) "/><contact><telecom><system value="url"/><value value="https://www.who.int"/></telecom></contact><description value="Codes representing possible values for the Test result of syphilis assay 1 repeated element"/><jurisdiction><coding><system value="http://unstats.un.org/unsd/methods/m49/m49.htm"/><code value="001"/></coding></jurisdiction><immutable value="true"/><compose><include><system value="http://fhir.org/guides/itech-uw/who-smart-hiv-dak/CodeSystem/concept-codes"/><concept><code value="HIV.E.DE221"/><display value="Reactive"/></concept><concept><code value="HIV.E.DE222"/><display value="Non-reactive"/></concept><concept><code value="HIV.E.DE223"/><display value="Invalid"/></concept></include></compose></ValueSet>