<?xml version="1.0" encoding="UTF-8"?><ValueSet xmlns="http://hl7.org/fhir"><id value="hiv-d-de253"/><text><status value="extensions"/><div xmlns="http://www.w3.org/1999/xhtml"><ul><li>Include these codes as defined in <a href="CodeSystem-concept-codes.html"><code>http://fhir.org/guides/itech-uw/who-smart-hiv-dak/CodeSystem/concept-codes</code></a><table class="none"><tr><td style="white-space:nowrap"><b>Code</b></td><td><b>Display</b></td><td><b>Definition</b></td></tr><tr><td><a href="CodeSystem-concept-codes.html#concept-codes-HIV.46D.46DE253">HIV.D.DE253</a></td><td>Asymptomatic</td><td>WHO HIV clinical stage conditions and symptoms - Asymptomatic</td></tr><tr><td><a href="CodeSystem-concept-codes.html#concept-codes-HIV.46D.46DE254">HIV.D.DE254</a></td><td>Persistent generalized lymphadenopathy</td><td>WHO HIV clinical stage conditions and symptoms - Persistent generalized lymphadenopathy</td></tr><tr><td><a href="CodeSystem-concept-codes.html#concept-codes-HIV.46D.46DE255">HIV.D.DE255</a></td><td>Moderate unexplained weight loss</td><td>WHO HIV clinical stage conditions and symptoms - Moderate unexplained weight loss</td></tr><tr><td><a href="CodeSystem-concept-codes.html#concept-codes-HIV.46D.46DE256">HIV.D.DE256</a></td><td>Recurrent respiratory tract infections</td><td>WHO HIV clinical stage conditions and symptoms - Recurrent respiratory tract infections</td></tr><tr><td><a href="CodeSystem-concept-codes.html#concept-codes-HIV.46D.46DE257">HIV.D.DE257</a></td><td>Unexplained persistent hepatosplenomegaly</td><td>WHO HIV clinical stage conditions and symptoms - Unexplained persistent hepatosplenomegaly</td></tr><tr><td><a href="CodeSystem-concept-codes.html#concept-codes-HIV.46D.46DE258">HIV.D.DE258</a></td><td>Herpes zoster</td><td>WHO HIV clinical stage conditions and symptoms - Herpes zoster</td></tr><tr><td><a href="CodeSystem-concept-codes.html#concept-codes-HIV.46D.46DE259">HIV.D.DE259</a></td><td>Angular cheilitis</td><td>WHO HIV clinical stage conditions and symptoms - Angular cheilitis</td></tr><tr><td><a href="CodeSystem-concept-codes.html#concept-codes-HIV.46D.46DE260">HIV.D.DE260</a></td><td>Linear gingival erythema</td><td>WHO HIV clinical stage conditions and symptoms - Linear gingival erythema</td></tr><tr><td><a href="CodeSystem-concept-codes.html#concept-codes-HIV.46D.46DE261">HIV.D.DE261</a></td><td>Recurrent oral ulceration</td><td>WHO HIV clinical stage conditions and symptoms - Recurrent oral ulceration</td></tr><tr><td><a href="CodeSystem-concept-codes.html#concept-codes-HIV.46D.46DE262">HIV.D.DE262</a></td><td>Papular pruritic eruption</td><td>WHO HIV clinical stage conditions and symptoms - Papular pruritic eruption</td></tr><tr><td><a href="CodeSystem-concept-codes.html#concept-codes-HIV.46D.46DE263">HIV.D.DE263</a></td><td>Fungal nail infections</td><td>WHO HIV clinical stage conditions and symptoms - Fungal nail infections</td></tr><tr><td><a href="CodeSystem-concept-codes.html#concept-codes-HIV.46D.46DE264">HIV.D.DE264</a></td><td>Seborrhoeic dermatitis</td><td>WHO HIV clinical stage conditions and symptoms - Seborrhoeic dermatitis</td></tr><tr><td><a href="CodeSystem-concept-codes.html#concept-codes-HIV.46D.46DE265">HIV.D.DE265</a></td><td>Extensive wart virus infection</td><td>WHO HIV clinical stage conditions and symptoms - Extensive wart virus infection</td></tr><tr><td><a href="CodeSystem-concept-codes.html#concept-codes-HIV.46D.46DE266">HIV.D.DE266</a></td><td>Extensive molluscum contagiosum</td><td>WHO HIV clinical stage conditions and symptoms - Extensive molluscum contagiosum</td></tr><tr><td><a href="CodeSystem-concept-codes.html#concept-codes-HIV.46D.46DE267">HIV.D.DE267</a></td><td>Unexplained persistent parotid enlargement</td><td>WHO HIV clinical stage conditions and symptoms - Unexplained persistent parotid enlargement</td></tr><tr><td><a href="CodeSystem-concept-codes.html#concept-codes-HIV.46D.46DE268">HIV.D.DE268</a></td><td>Unexplained severe weight loss in adults</td><td>WHO HIV clinical stage conditions and symptoms - Unexplained severe weight loss in adults</td></tr><tr><td><a href="CodeSystem-concept-codes.html#concept-codes-HIV.46D.46DE269">HIV.D.DE269</a></td><td>Unexplained moderate malnutrition not adequately responding to standard therapy</td><td>WHO HIV clinical stage conditions and symptoms - Unexplained moderate malnutrition not adequately responding to standard therapy</td></tr><tr><td><a href="CodeSystem-concept-codes.html#concept-codes-HIV.46D.46DE270">HIV.D.DE270</a></td><td>Unexplained chronic diarrhoea for longer than 1 month</td><td>WHO HIV clinical stage conditions and symptoms - Unexplained chronic diarrhoea for longer than 1 month</td></tr><tr><td><a href="CodeSystem-concept-codes.html#concept-codes-HIV.46D.46DE271">HIV.D.DE271</a></td><td>Unexplained persistent diarrhoea (14 days or more)</td><td>WHO HIV clinical stage conditions and symptoms - Unexplained persistent diarrhoea (14 days or more)</td></tr><tr><td><a href="CodeSystem-concept-codes.html#concept-codes-HIV.46D.46DE272">HIV.D.DE272</a></td><td>Unexplained persistent fever (above 37.5 °C, intermittent or constant, for longer than one 1 month)</td><td>WHO HIV clinical stage conditions and symptoms - Unexplained persistent fever (above 37.5 °C, intermittent or constant, for longer than one 1 month)</td></tr><tr><td><a href="CodeSystem-concept-codes.html#concept-codes-HIV.46D.46DE273">HIV.D.DE273</a></td><td>Persistent oral candidiasis</td><td>WHO HIV clinical stage conditions and symptoms - Persistent oral candidiasis</td></tr><tr><td><a href="CodeSystem-concept-codes.html#concept-codes-HIV.46D.46DE274">HIV.D.DE274</a></td><td>Oral hairy leukoplakia</td><td>WHO HIV clinical stage conditions and symptoms - Oral hairy leukoplakia</td></tr><tr><td><a href="CodeSystem-concept-codes.html#concept-codes-HIV.46D.46DE275">HIV.D.DE275</a></td><td>Pulmonary TB</td><td>WHO HIV clinical stage conditions and symptoms - Pulmonary TB</td></tr><tr><td><a href="CodeSystem-concept-codes.html#concept-codes-HIV.46D.46DE276">HIV.D.DE276</a></td><td>Lymph node TB</td><td>WHO HIV clinical stage conditions and symptoms - Lymph node TB</td></tr><tr><td><a href="CodeSystem-concept-codes.html#concept-codes-HIV.46D.46DE277">HIV.D.DE277</a></td><td>Severe bacterial infections (such as pneumonia, empyema, pyomyositis, bone or joint infection, meningitis, bacteraemia)</td><td>WHO HIV clinical stage conditions and symptoms - Severe bacterial infections (such as pneumonia, empyema, pyomyositis, bone or joint infection, meningitis, bacteraemia)</td></tr><tr><td><a href="CodeSystem-concept-codes.html#concept-codes-HIV.46D.46DE278">HIV.D.DE278</a></td><td>Severe recurrent bacterial pneumonia</td><td>WHO HIV clinical stage conditions and symptoms - Severe recurrent bacterial pneumonia</td></tr><tr><td><a href="CodeSystem-concept-codes.html#concept-codes-HIV.46D.46DE279">HIV.D.DE279</a></td><td>Acute necrotizing ulcerative stomatitis</td><td>WHO HIV clinical stage conditions and symptoms - Acute necrotizing ulcerative stomatitis</td></tr><tr><td><a href="CodeSystem-concept-codes.html#concept-codes-HIV.46D.46DE280">HIV.D.DE280</a></td><td>Acute necrotizing ulcerative  gingivitis</td><td>WHO HIV clinical stage conditions and symptoms - Acute necrotizing ulcerative  gingivitis</td></tr><tr><td><a href="CodeSystem-concept-codes.html#concept-codes-HIV.46D.46DE281">HIV.D.DE281</a></td><td>Acute necrotizing ulcerative periodontitis</td><td>WHO HIV clinical stage conditions and symptoms - Acute necrotizing ulcerative periodontitis</td></tr><tr><td><a href="CodeSystem-concept-codes.html#concept-codes-HIV.46D.46DE282">HIV.D.DE282</a></td><td>Unexplained anaemia (&lt;8 g/dl)</td><td>WHO HIV clinical stage conditions and symptoms - Unexplained anaemia (&lt;8 g/dl)</td></tr><tr><td><a href="CodeSystem-concept-codes.html#concept-codes-HIV.46D.46DE283">HIV.D.DE283</a></td><td>Neutropaenia (&lt;0.5 × 109/l)</td><td>WHO HIV clinical stage conditions and symptoms - Neutropaenia (&lt;0.5 × 109/l)</td></tr><tr><td><a href="CodeSystem-concept-codes.html#concept-codes-HIV.46D.46DE284">HIV.D.DE284</a></td><td>Chronic thrombocytopaenia (&lt;50 × 109/l)</td><td>WHO HIV clinical stage conditions and symptoms - Chronic thrombocytopaenia (&lt;50 × 109/l)</td></tr><tr><td><a href="CodeSystem-concept-codes.html#concept-codes-HIV.46D.46DE285">HIV.D.DE285</a></td><td>Symptomatic lymphoid interstitial pneumonitis</td><td>WHO HIV clinical stage conditions and symptoms - Symptomatic lymphoid interstitial pneumonitis</td></tr><tr><td><a href="CodeSystem-concept-codes.html#concept-codes-HIV.46D.46DE286">HIV.D.DE286</a></td><td>Chronic HIV-associated lung disease, including bronchiectasis</td><td>WHO HIV clinical stage conditions and symptoms - Chronic HIV-associated lung disease, including bronchiectasis</td></tr><tr><td><a href="CodeSystem-concept-codes.html#concept-codes-HIV.46D.46DE287">HIV.D.DE287</a></td><td>HIV wasting syndrome</td><td>WHO HIV clinical stage conditions and symptoms - HIV wasting syndrome</td></tr><tr><td><a href="CodeSystem-concept-codes.html#concept-codes-HIV.46D.46DE288">HIV.D.DE288</a></td><td>Unexplained severe wasting not responding to standard therapy</td><td>WHO HIV clinical stage conditions and symptoms - Unexplained severe wasting not responding to standard therapy</td></tr><tr><td><a href="CodeSystem-concept-codes.html#concept-codes-HIV.46D.46DE289">HIV.D.DE289</a></td><td>Unexplained stunting not responding to standard therapy</td><td>WHO HIV clinical stage conditions and symptoms - Unexplained stunting not responding to standard therapy</td></tr><tr><td><a href="CodeSystem-concept-codes.html#concept-codes-HIV.46D.46DE290">HIV.D.DE290</a></td><td>Unexplained severe malnutrition not responding to standard therapy</td><td>WHO HIV clinical stage conditions and symptoms - Unexplained severe malnutrition not responding to standard therapy</td></tr><tr><td><a href="CodeSystem-concept-codes.html#concept-codes-HIV.46D.46DE291">HIV.D.DE291</a></td><td>Pneumocystis (jirovecii) pneumonia</td><td>WHO HIV clinical stage conditions and symptoms - Pneumocystis (jirovecii) pneumonia</td></tr><tr><td><a href="CodeSystem-concept-codes.html#concept-codes-HIV.46D.46DE292">HIV.D.DE292</a></td><td>Recurrent severe bacterial pneumonia</td><td>WHO HIV clinical stage conditions and symptoms - Recurrent severe bacterial pneumonia</td></tr><tr><td><a href="CodeSystem-concept-codes.html#concept-codes-HIV.46D.46DE293">HIV.D.DE293</a></td><td>Recurrent severe bacterial infections (such as empyema, pyomyositis, bone or joint infection, meningitis, but excluding pneumonia)</td><td>WHO HIV clinical stage conditions and symptoms - Recurrent severe bacterial infections (such as empyema, pyomyositis, bone or joint infection, meningitis, but excluding pneumonia)</td></tr><tr><td><a href="CodeSystem-concept-codes.html#concept-codes-HIV.46D.46DE294">HIV.D.DE294</a></td><td>Empyema</td><td>WHO HIV clinical stage conditions and symptoms - Empyema</td></tr><tr><td><a href="CodeSystem-concept-codes.html#concept-codes-HIV.46D.46DE295">HIV.D.DE295</a></td><td>Pyomyositis</td><td>WHO HIV clinical stage conditions and symptoms - Pyomyositis</td></tr><tr><td><a href="CodeSystem-concept-codes.html#concept-codes-HIV.46D.46DE296">HIV.D.DE296</a></td><td>Bone or joint infection</td><td>WHO HIV clinical stage conditions and symptoms - Bone or joint infection</td></tr><tr><td><a href="CodeSystem-concept-codes.html#concept-codes-HIV.46D.46DE297">HIV.D.DE297</a></td><td>Meningitis</td><td>WHO HIV clinical stage conditions and symptoms - Meningitis</td></tr><tr><td><a href="CodeSystem-concept-codes.html#concept-codes-HIV.46D.46DE298">HIV.D.DE298</a></td><td>Chronic herpes simplex infection (orolabial, genital or anorectal of more than one month in duration or visceral at any site)</td><td>WHO HIV clinical stage conditions and symptoms - Chronic herpes simplex infection (orolabial, genital or anorectal of more than one month in duration or visceral at any site)</td></tr><tr><td><a href="CodeSystem-concept-codes.html#concept-codes-HIV.46D.46DE299">HIV.D.DE299</a></td><td>Oesophageal candidiasis (or candidiasis of trachea, bronchi or lungs)</td><td>WHO HIV clinical stage conditions and symptoms - Oesophageal candidiasis (or candidiasis of trachea, bronchi or lungs)</td></tr><tr><td><a href="CodeSystem-concept-codes.html#concept-codes-HIV.46D.46DE300">HIV.D.DE300</a></td><td>Extrapulmonary TB</td><td>WHO HIV clinical stage conditions and symptoms - Extrapulmonary TB</td></tr><tr><td><a href="CodeSystem-concept-codes.html#concept-codes-HIV.46D.46DE301">HIV.D.DE301</a></td><td>Kaposi sarcoma</td><td>WHO HIV clinical stage conditions and symptoms - Kaposi sarcoma</td></tr><tr><td><a href="CodeSystem-concept-codes.html#concept-codes-HIV.46D.46DE302">HIV.D.DE302</a></td><td>Cytomegalovirus infection (retinitis or infection of other organs)</td><td>WHO HIV clinical stage conditions and symptoms - Cytomegalovirus infection (retinitis or infection of other organs)</td></tr><tr><td><a href="CodeSystem-concept-codes.html#concept-codes-HIV.46D.46DE303">HIV.D.DE303</a></td><td>Central nervous system toxoplasmosis</td><td>WHO HIV clinical stage conditions and symptoms - Central nervous system toxoplasmosis</td></tr><tr><td><a href="CodeSystem-concept-codes.html#concept-codes-HIV.46D.46DE304">HIV.D.DE304</a></td><td>HIV encephalopathy</td><td>WHO HIV clinical stage conditions and symptoms - HIV encephalopathy</td></tr><tr><td><a href="CodeSystem-concept-codes.html#concept-codes-HIV.46D.46DE305">HIV.D.DE305</a></td><td>Extrapulmonary cryptococcosis, including meningitis</td><td>WHO HIV clinical stage conditions and symptoms - Extrapulmonary cryptococcosis, including meningitis</td></tr><tr><td><a href="CodeSystem-concept-codes.html#concept-codes-HIV.46D.46DE306">HIV.D.DE306</a></td><td>Disseminated nontuberculous mycobacterial infection</td><td>WHO HIV clinical stage conditions and symptoms - Disseminated nontuberculous mycobacterial infection</td></tr><tr><td><a href="CodeSystem-concept-codes.html#concept-codes-HIV.46D.46DE307">HIV.D.DE307</a></td><td>Progressive multifocal leukoencephalopathy</td><td>WHO HIV clinical stage conditions and symptoms - Progressive multifocal leukoencephalopathy</td></tr><tr><td><a href="CodeSystem-concept-codes.html#concept-codes-HIV.46D.46DE308">HIV.D.DE308</a></td><td>Chronic cryptosporidiosis</td><td>WHO HIV clinical stage conditions and symptoms - Chronic cryptosporidiosis</td></tr><tr><td><a href="CodeSystem-concept-codes.html#concept-codes-HIV.46D.46DE309">HIV.D.DE309</a></td><td>Chronic cryptosporidiosis (with diarrhoea)</td><td>WHO HIV clinical stage conditions and symptoms - Chronic cryptosporidiosis (with diarrhoea)</td></tr><tr><td><a href="CodeSystem-concept-codes.html#concept-codes-HIV.46D.46DE310">HIV.D.DE310</a></td><td>Chronic isosporiasis</td><td>WHO HIV clinical stage conditions and symptoms - Chronic isosporiasis</td></tr><tr><td><a href="CodeSystem-concept-codes.html#concept-codes-HIV.46D.46DE311">HIV.D.DE311</a></td><td>Disseminated mycosis (extrapulmonary histoplasmosis, coccidioidomycosis)</td><td>WHO HIV clinical stage conditions and symptoms - Disseminated mycosis (extrapulmonary histoplasmosis, coccidioidomycosis)</td></tr><tr><td><a href="CodeSystem-concept-codes.html#concept-codes-HIV.46D.46DE312">HIV.D.DE312</a></td><td>Cerebral lymphoma</td><td>WHO HIV clinical stage conditions and symptoms - Cerebral lymphoma</td></tr><tr><td><a href="CodeSystem-concept-codes.html#concept-codes-HIV.46D.46DE313">HIV.D.DE313</a></td><td>B-cell non-Hodgkin lymphoma</td><td>WHO HIV clinical stage conditions and symptoms - B-cell non-Hodgkin lymphoma</td></tr><tr><td><a href="CodeSystem-concept-codes.html#concept-codes-HIV.46D.46DE314">HIV.D.DE314</a></td><td>HIV- associated nephropathy or cardiomyopathy</td><td>WHO HIV clinical stage conditions and symptoms - HIV- associated nephropathy or cardiomyopathy</td></tr><tr><td><a href="CodeSystem-concept-codes.html#concept-codes-HIV.46D.46DE315">HIV.D.DE315</a></td><td>Recurrent bacteraemia (including nontyphoidal salmonella)</td><td>WHO HIV clinical stage conditions and symptoms - Recurrent bacteraemia (including nontyphoidal salmonella)</td></tr><tr><td><a href="CodeSystem-concept-codes.html#concept-codes-HIV.46D.46DE316">HIV.D.DE316</a></td><td>Invasive cervical carcinoma</td><td>WHO HIV clinical stage conditions and symptoms - Invasive cervical carcinoma</td></tr><tr><td><a href="CodeSystem-concept-codes.html#concept-codes-HIV.46D.46DE317">HIV.D.DE317</a></td><td>Atypical disseminated leishmaniasis</td><td>WHO HIV clinical stage conditions and symptoms - Atypical disseminated leishmaniasis</td></tr><tr><td><a href="CodeSystem-concept-codes.html#concept-codes-HIV.46D.46DE318">HIV.D.DE318</a></td><td>Neutropenia</td><td>WHO HIV clinical stage conditions and symptoms - Neutropenia</td></tr></table></li></ul></div></text><url value="http://fhir.org/guides/itech-uw/ValueSet/hiv-d-de253"/><version value="0.3.0"/><name value="WHOHIVclinicalstageconditionsandsymptomsCodes"/><title value="WHO HIV clinical stage conditions and symptoms Codes"/><status value="draft"/><experimental value="false"/><date value="2024-03-05T18:24:53+00:00"/><publisher value="World Health Organization (WHO) "/><contact><telecom><system value="url"/><value value="https://www.who.int"/></telecom></contact><description value="Codes representing possible values for the WHO HIV clinical stage conditions and symptoms element"/><jurisdiction><coding><system value="http://unstats.un.org/unsd/methods/m49/m49.htm"/><code value="001"/></coding></jurisdiction><immutable value="true"/><compose><include><system value="http://fhir.org/guides/itech-uw/who-smart-hiv-dak/CodeSystem/concept-codes"/><concept><code value="HIV.D.DE253"/><display value="Asymptomatic"/></concept><concept><code value="HIV.D.DE254"/><display value="Persistent generalized lymphadenopathy"/></concept><concept><code value="HIV.D.DE255"/><display value="Moderate unexplained weight loss"/></concept><concept><code value="HIV.D.DE256"/><display value="Recurrent respiratory tract infections"/></concept><concept><code value="HIV.D.DE257"/><display value="Unexplained persistent hepatosplenomegaly"/></concept><concept><code value="HIV.D.DE258"/><display value="Herpes zoster"/></concept><concept><code value="HIV.D.DE259"/><display value="Angular cheilitis"/></concept><concept><code value="HIV.D.DE260"/><display value="Linear gingival erythema"/></concept><concept><code value="HIV.D.DE261"/><display value="Recurrent oral ulceration"/></concept><concept><code value="HIV.D.DE262"/><display value="Papular pruritic eruption"/></concept><concept><code value="HIV.D.DE263"/><display value="Fungal nail infections"/></concept><concept><code value="HIV.D.DE264"/><display value="Seborrhoeic dermatitis"/></concept><concept><code value="HIV.D.DE265"/><display value="Extensive wart virus infection"/></concept><concept><code value="HIV.D.DE266"/><display value="Extensive molluscum contagiosum"/></concept><concept><code value="HIV.D.DE267"/><display value="Unexplained persistent parotid enlargement"/></concept><concept><code value="HIV.D.DE268"/><display value="Unexplained severe weight loss in adults"/></concept><concept><code value="HIV.D.DE269"/><display value="Unexplained moderate malnutrition not adequately responding to standard therapy"/></concept><concept><code value="HIV.D.DE270"/><display value="Unexplained chronic diarrhoea for longer than 1 month"/></concept><concept><code value="HIV.D.DE271"/><display value="Unexplained persistent diarrhoea (14 days or more)"/></concept><concept><code value="HIV.D.DE272"/><display value="Unexplained persistent fever (above 37.5 °C, intermittent or constant, for longer than one 1 month)"/></concept><concept><code value="HIV.D.DE273"/><display value="Persistent oral candidiasis"/></concept><concept><code value="HIV.D.DE274"/><display value="Oral hairy leukoplakia"/></concept><concept><code value="HIV.D.DE275"/><display value="Pulmonary TB"/></concept><concept><code value="HIV.D.DE276"/><display value="Lymph node TB"/></concept><concept><code value="HIV.D.DE277"/><display value="Severe bacterial infections (such as pneumonia, empyema, pyomyositis, bone or joint infection, meningitis, bacteraemia)"/></concept><concept><code value="HIV.D.DE278"/><display value="Severe recurrent bacterial pneumonia"/></concept><concept><code value="HIV.D.DE279"/><display value="Acute necrotizing ulcerative stomatitis"/></concept><concept><code value="HIV.D.DE280"/><display value="Acute necrotizing ulcerative  gingivitis"/></concept><concept><code value="HIV.D.DE281"/><display value="Acute necrotizing ulcerative periodontitis"/></concept><concept><code value="HIV.D.DE282"/><display value="Unexplained anaemia (&lt;8 g/dl)"/></concept><concept><code value="HIV.D.DE283"/><display value="Neutropaenia (&lt;0.5 × 109/l)"/></concept><concept><code value="HIV.D.DE284"/><display value="Chronic thrombocytopaenia (&lt;50 × 109/l)"/></concept><concept><code value="HIV.D.DE285"/><display value="Symptomatic lymphoid interstitial pneumonitis"/></concept><concept><code value="HIV.D.DE286"/><display value="Chronic HIV-associated lung disease, including bronchiectasis"/></concept><concept><code value="HIV.D.DE287"/><display value="HIV wasting syndrome"/></concept><concept><code value="HIV.D.DE288"/><display value="Unexplained severe wasting not responding to standard therapy"/></concept><concept><code value="HIV.D.DE289"/><display value="Unexplained stunting not responding to standard therapy"/></concept><concept><code value="HIV.D.DE290"/><display value="Unexplained severe malnutrition not responding to standard therapy"/></concept><concept><code value="HIV.D.DE291"/><display value="Pneumocystis (jirovecii) pneumonia"/></concept><concept><code value="HIV.D.DE292"/><display value="Recurrent severe bacterial pneumonia"/></concept><concept><code value="HIV.D.DE293"/><display value="Recurrent severe bacterial infections (such as empyema, pyomyositis, bone or joint infection, meningitis, but excluding pneumonia)"/></concept><concept><code value="HIV.D.DE294"/><display value="Empyema"/></concept><concept><code value="HIV.D.DE295"/><display value="Pyomyositis"/></concept><concept><code value="HIV.D.DE296"/><display value="Bone or joint infection"/></concept><concept><code value="HIV.D.DE297"/><display value="Meningitis"/></concept><concept><code value="HIV.D.DE298"/><display value="Chronic herpes simplex infection (orolabial, genital or anorectal of more than one month in duration or visceral at any site)"/></concept><concept><code value="HIV.D.DE299"/><display value="Oesophageal candidiasis (or candidiasis of trachea, bronchi or lungs)"/></concept><concept><code value="HIV.D.DE300"/><display value="Extrapulmonary TB"/></concept><concept><code value="HIV.D.DE301"/><display value="Kaposi sarcoma"/></concept><concept><code value="HIV.D.DE302"/><display value="Cytomegalovirus infection (retinitis or infection of other organs)"/></concept><concept><code value="HIV.D.DE303"/><display value="Central nervous system toxoplasmosis"/></concept><concept><code value="HIV.D.DE304"/><display value="HIV encephalopathy"/></concept><concept><code value="HIV.D.DE305"/><display value="Extrapulmonary cryptococcosis, including meningitis"/></concept><concept><code value="HIV.D.DE306"/><display value="Disseminated nontuberculous mycobacterial infection"/></concept><concept><code value="HIV.D.DE307"/><display value="Progressive multifocal leukoencephalopathy"/></concept><concept><code value="HIV.D.DE308"/><display value="Chronic cryptosporidiosis"/></concept><concept><code value="HIV.D.DE309"/><display value="Chronic cryptosporidiosis (with diarrhoea)"/></concept><concept><code value="HIV.D.DE310"/><display value="Chronic isosporiasis"/></concept><concept><code value="HIV.D.DE311"/><display value="Disseminated mycosis (extrapulmonary histoplasmosis, coccidioidomycosis)"/></concept><concept><code value="HIV.D.DE312"/><display value="Cerebral lymphoma"/></concept><concept><code value="HIV.D.DE313"/><display value="B-cell non-Hodgkin lymphoma"/></concept><concept><code value="HIV.D.DE314"/><display value="HIV- associated nephropathy or cardiomyopathy"/></concept><concept><code value="HIV.D.DE315"/><display value="Recurrent bacteraemia (including nontyphoidal salmonella)"/></concept><concept><code value="HIV.D.DE316"/><display value="Invasive cervical carcinoma"/></concept><concept><code value="HIV.D.DE317"/><display value="Atypical disseminated leishmaniasis"/></concept><concept><code value="HIV.D.DE318"/><display value="Neutropenia"/></concept></include></compose></ValueSet>