<?xml version="1.0" encoding="UTF-8"?><ValueSet xmlns="http://hl7.org/fhir"><id value="hiv-d-de730"/><text><status value="extensions"/><div xmlns="http://www.w3.org/1999/xhtml"><ul><li>Include these codes as defined in <a href="CodeSystem-concept-codes.html"><code>http://fhir.org/guides/itech-uw/who-smart-hiv-dak/CodeSystem/concept-codes</code></a><table class="none"><tr><td style="white-space:nowrap"><b>Code</b></td><td><b>Display</b></td><td><b>Definition</b></td></tr><tr><td><a href="CodeSystem-concept-codes.html#concept-codes-HIV.46D.46DE730">HIV.D.DE730</a></td><td>Symptomatic TB screening</td><td>TB screening method - Symptomatic TB screening</td></tr><tr><td><a href="CodeSystem-concept-codes.html#concept-codes-HIV.46D.46DE731">HIV.D.DE731</a></td><td>Molecular test for TB</td><td>TB screening method - Molecular test for TB</td></tr><tr><td><a href="CodeSystem-concept-codes.html#concept-codes-HIV.46D.46DE732">HIV.D.DE732</a></td><td>Clinical assessment for TB</td><td>TB screening method - Clinical assessment for TB</td></tr><tr><td><a href="CodeSystem-concept-codes.html#concept-codes-HIV.46D.46DE733">HIV.D.DE733</a></td><td>Chest radiography for TB</td><td>TB screening method - Chest radiography for TB</td></tr><tr><td><a href="CodeSystem-concept-codes.html#concept-codes-HIV.46D.46DE734">HIV.D.DE734</a></td><td>Other diagnostic testing for TB (specify)</td><td>TB screening method - Other diagnostic testing for TB (specify)</td></tr></table></li></ul></div></text><url value="http://fhir.org/guides/itech-uw/ValueSet/hiv-d-de730"/><version value="0.3.0"/><name value="TBscreeningmethodCodes"/><title value="TB screening method Codes"/><status value="draft"/><experimental value="false"/><date value="2024-03-05T18:24:53+00:00"/><publisher value="World Health Organization (WHO) "/><contact><telecom><system value="url"/><value value="https://www.who.int"/></telecom></contact><description value="Codes representing possible values for the TB screening method element"/><jurisdiction><coding><system value="http://unstats.un.org/unsd/methods/m49/m49.htm"/><code value="001"/></coding></jurisdiction><immutable value="true"/><compose><include><system value="http://fhir.org/guides/itech-uw/who-smart-hiv-dak/CodeSystem/concept-codes"/><concept><code value="HIV.D.DE730"/><display value="Symptomatic TB screening"/></concept><concept><code value="HIV.D.DE731"/><display value="Molecular test for TB"/></concept><concept><code value="HIV.D.DE732"/><display value="Clinical assessment for TB"/></concept><concept><code value="HIV.D.DE733"/><display value="Chest radiography for TB"/></concept><concept><code value="HIV.D.DE734"/><display value="Other diagnostic testing for TB (specify)"/></concept></include></compose></ValueSet>