<?xml version="1.0" encoding="UTF-8"?><ValueSet xmlns="http://hl7.org/fhir"><id value="hiv-b-de127"/><text><status value="extensions"/><div xmlns="http://www.w3.org/1999/xhtml"><ul><li>Include these codes as defined in <a href="CodeSystem-concept-codes.html"><code>http://fhir.org/guides/itech-uw/who-smart-hiv-dak/CodeSystem/concept-codes</code></a><table class="none"><tr><td style="white-space:nowrap"><b>Code</b></td><td><b>Display</b></td><td><b>Definition</b></td></tr><tr><td><a href="CodeSystem-concept-codes.html#concept-codes-HIV.46B.46DE127">HIV.B.DE127</a></td><td>HIV positive</td><td>Partner HIV status (confirmed) - HIV positive</td></tr><tr><td><a href="CodeSystem-concept-codes.html#concept-codes-HIV.46B.46DE128">HIV.B.DE128</a></td><td>HIV negative</td><td>Partner HIV status (confirmed) - HIV negative</td></tr><tr><td><a href="CodeSystem-concept-codes.html#concept-codes-HIV.46B.46DE129">HIV.B.DE129</a></td><td>Inconclusive</td><td>Partner HIV status (confirmed) - Inconclusive</td></tr></table></li></ul></div></text><url value="http://fhir.org/guides/itech-uw/ValueSet/hiv-b-de127"/><version value="0.3.0"/><name value="PartnerHIVstatusconfirmedCodes"/><title value="Partner HIV status (confirmed) Codes"/><status value="draft"/><experimental value="false"/><date value="2024-03-05T18:24:53+00:00"/><publisher value="World Health Organization (WHO) "/><contact><telecom><system value="url"/><value value="https://www.who.int"/></telecom></contact><description value="Codes representing possible values for the Partner HIV status (confirmed) element"/><jurisdiction><coding><system value="http://unstats.un.org/unsd/methods/m49/m49.htm"/><code value="001"/></coding></jurisdiction><immutable value="true"/><compose><include><system value="http://fhir.org/guides/itech-uw/who-smart-hiv-dak/CodeSystem/concept-codes"/><concept><code value="HIV.B.DE127"/><display value="HIV positive"/></concept><concept><code value="HIV.B.DE128"/><display value="HIV negative"/></concept><concept><code value="HIV.B.DE129"/><display value="Inconclusive"/></concept></include></compose></ValueSet>