<?xml version="1.0" encoding="UTF-8"?><ValueSet xmlns="http://hl7.org/fhir"><id value="hiv-g-de38"/><text><status value="extensions"/><div xmlns="http://www.w3.org/1999/xhtml"><ul><li>Include these codes as defined in <a href="CodeSystem-concept-codes.html"><code>http://fhir.org/guides/itech-uw/who-smart-hiv-dak/CodeSystem/concept-codes</code></a><table class="none"><tr><td style="white-space:nowrap"><b>Code</b></td><td><b>Display</b></td><td><b>Definition</b></td></tr><tr><td><a href="CodeSystem-concept-codes.html#concept-codes-HIV.46G.46DE38">HIV.G.DE38</a></td><td>Anti-HCV laboratory-based immunoassay (recommended)</td><td>Hepatitis C test type - Anti-HCV laboratory-based immunoassay (recommended)</td></tr><tr><td><a href="CodeSystem-concept-codes.html#concept-codes-HIV.46G.46DE39">HIV.G.DE39</a></td><td>Anti-HCV rapid diagnostic test (RDT)</td><td>Hepatitis C test type - Anti-HCV rapid diagnostic test (RDT)</td></tr><tr><td><a href="CodeSystem-concept-codes.html#concept-codes-HIV.46G.46DE40">HIV.G.DE40</a></td><td>Dried blood spot (DBS) anti-HCV test</td><td>Hepatitis C test type - Dried blood spot (DBS) anti-HCV test</td></tr><tr><td><a href="CodeSystem-concept-codes.html#concept-codes-HIV.46G.46DE41">HIV.G.DE41</a></td><td>Hepatitis C virus RNA nucleic acid test</td><td>Hepatitis C test type - Hepatitis C virus RNA nucleic acid test</td></tr><tr><td><a href="CodeSystem-concept-codes.html#concept-codes-HIV.46G.46DE42">HIV.G.DE42</a></td><td>Hepatitis C virus core antigen (HCVcAg)</td><td>Hepatitis C test type - Hepatitis C virus core antigen (HCVcAg)</td></tr></table></li></ul></div></text><url value="http://fhir.org/guides/itech-uw/ValueSet/hiv-g-de38"/><version value="0.3.0"/><name value="HepatitisCtesttypeCodes"/><title value="Hepatitis C test type Codes"/><status value="draft"/><experimental value="false"/><date value="2024-03-05T18:24:53+00:00"/><publisher value="World Health Organization (WHO) "/><contact><telecom><system value="url"/><value value="https://www.who.int"/></telecom></contact><description value="Codes representing possible values for the Hepatitis C test type element"/><jurisdiction><coding><system value="http://unstats.un.org/unsd/methods/m49/m49.htm"/><code value="001"/></coding></jurisdiction><immutable value="true"/><compose><include><system value="http://fhir.org/guides/itech-uw/who-smart-hiv-dak/CodeSystem/concept-codes"/><concept><code value="HIV.G.DE38"/><display value="Anti-HCV laboratory-based immunoassay (recommended)"/></concept><concept><code value="HIV.G.DE39"/><display value="Anti-HCV rapid diagnostic test (RDT)"/></concept><concept><code value="HIV.G.DE40"/><display value="Dried blood spot (DBS) anti-HCV test"/></concept><concept><code value="HIV.G.DE41"/><display value="Hepatitis C virus RNA nucleic acid test"/></concept><concept><code value="HIV.G.DE42"/><display value="Hepatitis C virus core antigen (HCVcAg)"/></concept></include></compose></ValueSet>