<?xml version="1.0" encoding="UTF-8"?><ValueSet xmlns="http://hl7.org/fhir"><id value="hiv-d-de62"/><text><status value="extensions"/><div xmlns="http://www.w3.org/1999/xhtml"><ul><li>Include these codes as defined in <a href="CodeSystem-concept-codes.html"><code>http://fhir.org/guides/itech-uw/who-smart-hiv-dak/CodeSystem/concept-codes</code></a><table class="none"><tr><td style="white-space:nowrap"><b>Code</b></td><td><b>Display</b></td><td><b>Definition</b></td></tr><tr><td><a href="CodeSystem-concept-codes.html#concept-codes-HIV.46D.46DE62">HIV.D.DE62</a></td><td>No chronic or past health conditions</td><td>Existing chronic health conditions - No chronic or past health conditions</td></tr><tr><td><a href="CodeSystem-concept-codes.html#concept-codes-HIV.46D.46DE63">HIV.D.DE63</a></td><td>Don't know if there are any chronic or past health conditions</td><td>Existing chronic health conditions - Don't know if there are any chronic or past health conditions</td></tr><tr><td><a href="CodeSystem-concept-codes.html#concept-codes-HIV.46D.46DE64">HIV.D.DE64</a></td><td>Diabetes other or unspecified</td><td>Existing chronic health conditions - Diabetes other or unspecified</td></tr><tr><td><a href="CodeSystem-concept-codes.html#concept-codes-HIV.46D.46DE65">HIV.D.DE65</a></td><td>Diabetes Pre-existing type 1</td><td>Existing chronic health conditions - Diabetes Pre-existing type 1</td></tr><tr><td><a href="CodeSystem-concept-codes.html#concept-codes-HIV.46D.46DE66">HIV.D.DE66</a></td><td>Diabetes Pre-existing type 2</td><td>Existing chronic health conditions - Diabetes Pre-existing type 2</td></tr><tr><td><a href="CodeSystem-concept-codes.html#concept-codes-HIV.46D.46DE67">HIV.D.DE67</a></td><td>Hypertension</td><td>Existing chronic health conditions - Hypertension</td></tr><tr><td><a href="CodeSystem-concept-codes.html#concept-codes-HIV.46D.46DE68">HIV.D.DE68</a></td><td>Other (specify)</td><td>Existing chronic health conditions - Other (specify)</td></tr></table></li></ul></div></text><url value="http://fhir.org/guides/itech-uw/ValueSet/hiv-d-de62"/><version value="0.3.0"/><name value="ExistingchronichealthconditionsCodes"/><title value="Existing chronic health conditions Codes"/><status value="draft"/><experimental value="false"/><date value="2024-03-05T18:24:53+00:00"/><publisher value="World Health Organization (WHO) "/><contact><telecom><system value="url"/><value value="https://www.who.int"/></telecom></contact><description value="Codes representing possible values for the Existing chronic health conditions element"/><jurisdiction><coding><system value="http://unstats.un.org/unsd/methods/m49/m49.htm"/><code value="001"/></coding></jurisdiction><immutable value="true"/><compose><include><system value="http://fhir.org/guides/itech-uw/who-smart-hiv-dak/CodeSystem/concept-codes"/><concept><code value="HIV.D.DE62"/><display value="No chronic or past health conditions"/></concept><concept><code value="HIV.D.DE63"/><display value="Don't know if there are any chronic or past health conditions"/></concept><concept><code value="HIV.D.DE64"/><display value="Diabetes other or unspecified"/></concept><concept><code value="HIV.D.DE65"/><display value="Diabetes Pre-existing type 1"/></concept><concept><code value="HIV.D.DE66"/><display value="Diabetes Pre-existing type 2"/></concept><concept><code value="HIV.D.DE67"/><display value="Hypertension"/></concept><concept><code value="HIV.D.DE68"/><display value="Other (specify)"/></concept></include></compose></ValueSet>