<?xml version="1.0" encoding="UTF-8"?><ValueSet xmlns="http://hl7.org/fhir"><id value="hiv-d-de131"/><text><status value="extensions"/><div xmlns="http://www.w3.org/1999/xhtml"><ul><li>Include these codes as defined in <a href="CodeSystem-concept-codes.html"><code>http://fhir.org/guides/itech-uw/who-smart-hiv-dak/CodeSystem/concept-codes</code></a><table class="none"><tr><td style="white-space:nowrap"><b>Code</b></td><td><b>Display</b></td><td><b>Definition</b></td></tr><tr><td><a href="CodeSystem-concept-codes.html#concept-codes-HIV.46D.46DE131">HIV.D.DE131</a></td><td>AZT+ 3TC + LPV/r</td><td>Second-line ART regimens for children - AZT+ 3TC + LPV/r</td></tr><tr><td><a href="CodeSystem-concept-codes.html#concept-codes-HIV.46D.46DE132">HIV.D.DE132</a></td><td>AZT+ 3TC + ATV/r</td><td>Second-line ART regimens for children - AZT+ 3TC + ATV/r</td></tr><tr><td><a href="CodeSystem-concept-codes.html#concept-codes-HIV.46D.46DE133">HIV.D.DE133</a></td><td>AZT + 3TC + DTG</td><td>Second-line ART regimens for children - AZT + 3TC + DTG</td></tr><tr><td><a href="CodeSystem-concept-codes.html#concept-codes-HIV.46D.46DE134">HIV.D.DE134</a></td><td>ABC + 3TC + DTG</td><td>Second-line ART regimens for children - ABC + 3TC + DTG</td></tr><tr><td><a href="CodeSystem-concept-codes.html#concept-codes-HIV.46D.46DE135">HIV.D.DE135</a></td><td>AZT + 3TC + DRV/r</td><td>Second-line ART regimens for children - AZT + 3TC + DRV/r</td></tr><tr><td><a href="CodeSystem-concept-codes.html#concept-codes-HIV.46D.46DE136">HIV.D.DE136</a></td><td>AZT + 3TC + RAL</td><td>Second-line ART regimens for children - AZT + 3TC + RAL</td></tr><tr><td><a href="CodeSystem-concept-codes.html#concept-codes-HIV.46D.46DE137">HIV.D.DE137</a></td><td>ABC + 3TC + RAL</td><td>Second-line ART regimens for children - ABC + 3TC + RAL</td></tr><tr><td><a href="CodeSystem-concept-codes.html#concept-codes-HIV.46D.46DE138">HIV.D.DE138</a></td><td>AZT + 3TC + LPV/r</td><td>Second-line ART regimens for children - AZT + 3TC + LPV/r</td></tr><tr><td><a href="CodeSystem-concept-codes.html#concept-codes-HIV.46D.46DE139">HIV.D.DE139</a></td><td>ABC + 3TC + LPV/r</td><td>Second-line ART regimens for children - ABC + 3TC + LPV/r</td></tr><tr><td><a href="CodeSystem-concept-codes.html#concept-codes-HIV.46D.46DE140">HIV.D.DE140</a></td><td>AZT + 3TC + ATV/r</td><td>Second-line ART regimens for children - AZT + 3TC + ATV/r</td></tr><tr><td><a href="CodeSystem-concept-codes.html#concept-codes-HIV.46D.46DE141">HIV.D.DE141</a></td><td>ABC + 3TC + LPV/r</td><td>Second-line ART regimens for children - ABC + 3TC + LPV/r</td></tr><tr><td><a href="CodeSystem-concept-codes.html#concept-codes-HIV.46D.46DE142">HIV.D.DE142</a></td><td>ABC + 3TC + ATV/r</td><td>Second-line ART regimens for children - ABC + 3TC + ATV/r</td></tr><tr><td><a href="CodeSystem-concept-codes.html#concept-codes-HIV.46D.46DE143">HIV.D.DE143</a></td><td>Other (specify)</td><td>Second-line ART regimens for children - Other (specify)</td></tr></table></li></ul></div></text><url value="http://fhir.org/guides/itech-uw/ValueSet/hiv-d-de131"/><version value="0.3.0"/><name value="SecondlineARTregimensforchildrenCodes"/><title value="Second-line ART regimens for children Codes"/><status value="draft"/><experimental value="false"/><date value="2024-03-05T18:24:53+00:00"/><publisher value="World Health Organization (WHO) "/><contact><telecom><system value="url"/><value value="https://www.who.int"/></telecom></contact><description value="Codes representing possible values for the Second-line ART regimens for children element"/><jurisdiction><coding><system value="http://unstats.un.org/unsd/methods/m49/m49.htm"/><code value="001"/></coding></jurisdiction><immutable value="true"/><compose><include><system value="http://fhir.org/guides/itech-uw/who-smart-hiv-dak/CodeSystem/concept-codes"/><concept><code value="HIV.D.DE131"/><display value="AZT+ 3TC + LPV/r"/></concept><concept><code value="HIV.D.DE132"/><display value="AZT+ 3TC + ATV/r"/></concept><concept><code value="HIV.D.DE133"/><display value="AZT + 3TC + DTG"/></concept><concept><code value="HIV.D.DE134"/><display value="ABC + 3TC + DTG"/></concept><concept><code value="HIV.D.DE135"/><display value="AZT + 3TC + DRV/r"/></concept><concept><code value="HIV.D.DE136"/><display value="AZT + 3TC + RAL"/></concept><concept><code value="HIV.D.DE137"/><display value="ABC + 3TC + RAL"/></concept><concept><code value="HIV.D.DE138"/><display value="AZT + 3TC + LPV/r"/></concept><concept><code value="HIV.D.DE139"/><display value="ABC + 3TC + LPV/r"/></concept><concept><code value="HIV.D.DE140"/><display value="AZT + 3TC + ATV/r"/></concept><concept><code value="HIV.D.DE141"/><display value="ABC + 3TC + LPV/r"/></concept><concept><code value="HIV.D.DE142"/><display value="ABC + 3TC + ATV/r"/></concept><concept><code value="HIV.D.DE143"/><display value="Other (specify)"/></concept></include></compose></ValueSet>