<?xml version="1.0" encoding="UTF-8"?><ValueSet xmlns="http://hl7.org/fhir"><id value="hiv-d-de948"/><text><status value="extensions"/><div xmlns="http://www.w3.org/1999/xhtml"><ul><li>Include these codes as defined in <a href="CodeSystem-concept-codes.html"><code>http://fhir.org/guides/itech-uw/who-smart-hiv-dak/CodeSystem/concept-codes</code></a><table class="none"><tr><td style="white-space:nowrap"><b>Code</b></td><td><b>Display</b></td><td><b>Definition</b></td></tr><tr><td><a href="CodeSystem-concept-codes.html#concept-codes-HIV.46D.46DE948">HIV.D.DE948</a></td><td>New</td><td>TB treatment history - New</td></tr><tr><td><a href="CodeSystem-concept-codes.html#concept-codes-HIV.46D.46DE949">HIV.D.DE949</a></td><td>Recurrent</td><td>TB treatment history - Recurrent</td></tr><tr><td><a href="CodeSystem-concept-codes.html#concept-codes-HIV.46D.46DE950">HIV.D.DE950</a></td><td>Re-registered</td><td>TB treatment history - Re-registered</td></tr><tr><td><a href="CodeSystem-concept-codes.html#concept-codes-HIV.46D.46DE951">HIV.D.DE951</a></td><td>Unknown</td><td>TB treatment history - Unknown</td></tr></table></li></ul></div></text><url value="http://fhir.org/guides/itech-uw/ValueSet/hiv-d-de948"/><version value="0.3.0"/><name value="TBtreatmenthistoryCodes"/><title value="TB treatment history Codes"/><status value="draft"/><experimental value="false"/><date value="2024-05-29T19:37:49+00:00"/><publisher value="World Health Organization (WHO) "/><contact><telecom><system value="url"/><value value="https://www.who.int"/></telecom></contact><description value="Codes representing possible values for the TB treatment history element"/><jurisdiction><coding><system value="http://unstats.un.org/unsd/methods/m49/m49.htm"/><code value="001"/></coding></jurisdiction><immutable value="true"/><compose><include><system value="http://fhir.org/guides/itech-uw/who-smart-hiv-dak/CodeSystem/concept-codes"/><concept><code value="HIV.D.DE948"/><display value="New"/></concept><concept><code value="HIV.D.DE949"/><display value="Recurrent"/></concept><concept><code value="HIV.D.DE950"/><display value="Re-registered"/></concept><concept><code value="HIV.D.DE951"/><display value="Unknown"/></concept></include></compose></ValueSet>