<?xml version="1.0" encoding="UTF-8"?><ValueSet xmlns="http://hl7.org/fhir"><id value="hiv-d-de392"/><text><status value="extensions"/><div xmlns="http://www.w3.org/1999/xhtml"><ul><li>Include these codes as defined in <a href="CodeSystem-concept-codes.html"><code>http://fhir.org/guides/itech-uw/who-smart-hiv-dak/CodeSystem/concept-codes</code></a><table class="none"><tr><td style="white-space:nowrap"><b>Code</b></td><td><b>Display</b></td><td><b>Definition</b></td></tr><tr><td><a href="CodeSystem-concept-codes.html#concept-codes-HIV.46D.46DE392">HIV.D.DE392</a></td><td>Routine viral load test</td><td>Reason for HIV viral load test - Routine viral load test</td></tr><tr><td><a href="CodeSystem-concept-codes.html#concept-codes-HIV.46D.46DE393">HIV.D.DE393</a></td><td>Targeted viral load monitoring</td><td>Reason for HIV viral load test - Targeted viral load monitoring</td></tr><tr><td><a href="CodeSystem-concept-codes.html#concept-codes-HIV.46D.46DE394">HIV.D.DE394</a></td><td>Initial viral load test</td><td>Reason for HIV viral load test - Initial viral load test</td></tr><tr><td><a href="CodeSystem-concept-codes.html#concept-codes-HIV.46D.46DE395">HIV.D.DE395</a></td><td>Follow-up viral load test after receiving enhanced adherence counselling</td><td>Reason for HIV viral load test - Follow-up viral load test after receiving enhanced adherence counselling</td></tr></table></li></ul></div></text><url value="http://fhir.org/guides/itech-uw/ValueSet/hiv-d-de392"/><version value="0.3.0"/><name value="ReasonforHIVviralloadtestCodes"/><title value="Reason for HIV viral load test Codes"/><status value="draft"/><experimental value="false"/><date value="2024-05-29T20:05:57+00:00"/><publisher value="World Health Organization (WHO) "/><contact><telecom><system value="url"/><value value="https://www.who.int"/></telecom></contact><description value="Codes representing possible values for the Reason for HIV viral load test element"/><jurisdiction><coding><system value="http://unstats.un.org/unsd/methods/m49/m49.htm"/><code value="001"/></coding></jurisdiction><immutable value="true"/><compose><include><system value="http://fhir.org/guides/itech-uw/who-smart-hiv-dak/CodeSystem/concept-codes"/><concept><code value="HIV.D.DE392"/><display value="Routine viral load test"/></concept><concept><code value="HIV.D.DE393"/><display value="Targeted viral load monitoring"/></concept><concept><code value="HIV.D.DE394"/><display value="Initial viral load test"/></concept><concept><code value="HIV.D.DE395"/><display value="Follow-up viral load test after receiving enhanced adherence counselling"/></concept></include></compose></ValueSet>