<?xml version="1.0" encoding="UTF-8"?><ValueSet xmlns="http://hl7.org/fhir"><id value="hiv-d-de357"/><text><status value="extensions"/><div xmlns="http://www.w3.org/1999/xhtml"><ul><li>Include these codes as defined in <a href="CodeSystem-concept-codes.html"><code>http://fhir.org/guides/itech-uw/who-smart-hiv-dak/CodeSystem/concept-codes</code></a><table class="none"><tr><td style="white-space:nowrap"><b>Code</b></td><td><b>Display</b></td><td><b>Definition</b></td></tr><tr><td><a href="CodeSystem-concept-codes.html#concept-codes-HIV.46D.46DE357">HIV.D.DE357</a></td><td>Hepatitis C positive</td><td>Hepatitis C diagnosis - Hepatitis C positive</td></tr><tr><td><a href="CodeSystem-concept-codes.html#concept-codes-HIV.46D.46DE358">HIV.D.DE358</a></td><td>Hepatitis C negative</td><td>Hepatitis C diagnosis - Hepatitis C negative</td></tr><tr><td><a href="CodeSystem-concept-codes.html#concept-codes-HIV.46G.46DE55">HIV.G.DE55</a></td><td>Hepatitis C positive</td><td>Hepatitis C diagnosis - Hepatitis C positive</td></tr><tr><td><a href="CodeSystem-concept-codes.html#concept-codes-HIV.46G.46DE56">HIV.G.DE56</a></td><td>Hepatitis C negative</td><td>Hepatitis C diagnosis - Hepatitis C negative</td></tr></table></li></ul></div></text><url value="http://fhir.org/guides/itech-uw/ValueSet/hiv-d-de357"/><version value="0.3.0"/><name value="HepatitisCdiagnosisCodes"/><title value="Hepatitis C diagnosis Codes"/><status value="draft"/><experimental value="false"/><date value="2024-03-05T18:24:53+00:00"/><publisher value="World Health Organization (WHO) "/><contact><telecom><system value="url"/><value value="https://www.who.int"/></telecom></contact><description value="Codes representing possible values for the Hepatitis C diagnosis element"/><jurisdiction><coding><system value="http://unstats.un.org/unsd/methods/m49/m49.htm"/><code value="001"/></coding></jurisdiction><immutable value="true"/><compose><include><system value="http://fhir.org/guides/itech-uw/who-smart-hiv-dak/CodeSystem/concept-codes"/><concept><code value="HIV.D.DE357"/><display value="Hepatitis C positive"/></concept><concept><code value="HIV.D.DE358"/><display value="Hepatitis C negative"/></concept><concept><code value="HIV.G.DE55"/><display value="Hepatitis C positive"/></concept><concept><code value="HIV.G.DE56"/><display value="Hepatitis C negative"/></concept></include></compose></ValueSet>