<?xml version="1.0" encoding="UTF-8"?><ValueSet xmlns="http://hl7.org/fhir"><id value="hiv-d-de519"/><text><status value="extensions"/><div xmlns="http://www.w3.org/1999/xhtml"><ul><li>Include these codes as defined in <a href="CodeSystem-concept-codes.html"><code>http://fhir.org/guides/itech-uw/who-smart-hiv-dak/CodeSystem/concept-codes</code></a><table class="none"><tr><td style="white-space:nowrap"><b>Code</b></td><td><b>Display</b></td><td><b>Definition</b></td></tr><tr><td><a href="CodeSystem-concept-codes.html#concept-codes-HIV.46D.46DE519">HIV.D.DE519</a></td><td>Currently taking</td><td>Medication status - Currently taking</td></tr><tr><td><a href="CodeSystem-concept-codes.html#concept-codes-HIV.46D.46DE520">HIV.D.DE520</a></td><td>Completed</td><td>Medication status - Completed</td></tr><tr><td><a href="CodeSystem-concept-codes.html#concept-codes-HIV.46D.46DE521">HIV.D.DE521</a></td><td>Entered in error</td><td>Medication status - Entered in error</td></tr><tr><td><a href="CodeSystem-concept-codes.html#concept-codes-HIV.46D.46DE522">HIV.D.DE522</a></td><td>Intended</td><td>Medication status - Intended</td></tr><tr><td><a href="CodeSystem-concept-codes.html#concept-codes-HIV.46D.46DE523">HIV.D.DE523</a></td><td>Stopped</td><td>Medication status - Stopped</td></tr><tr><td><a href="CodeSystem-concept-codes.html#concept-codes-HIV.46D.46DE524">HIV.D.DE524</a></td><td>On hold</td><td>Medication status - On hold</td></tr><tr><td><a href="CodeSystem-concept-codes.html#concept-codes-HIV.46D.46DE525">HIV.D.DE525</a></td><td>Unknown</td><td>Medication status - Unknown</td></tr><tr><td><a href="CodeSystem-concept-codes.html#concept-codes-HIV.46D.46DE526">HIV.D.DE526</a></td><td>Did not take</td><td>Medication status - Did not take</td></tr></table></li></ul></div></text><url value="http://fhir.org/guides/itech-uw/ValueSet/hiv-d-de519"/><version value="0.3.0"/><name value="MedicationstatusCodes"/><title value="Medication status Codes"/><status value="draft"/><experimental value="false"/><date value="2024-03-05T18:24:53+00:00"/><publisher value="World Health Organization (WHO) "/><contact><telecom><system value="url"/><value value="https://www.who.int"/></telecom></contact><description value="Codes representing possible values for the Medication status element"/><jurisdiction><coding><system value="http://unstats.un.org/unsd/methods/m49/m49.htm"/><code value="001"/></coding></jurisdiction><immutable value="true"/><compose><include><system value="http://fhir.org/guides/itech-uw/who-smart-hiv-dak/CodeSystem/concept-codes"/><concept><code value="HIV.D.DE519"/><display value="Currently taking"/></concept><concept><code value="HIV.D.DE520"/><display value="Completed"/></concept><concept><code value="HIV.D.DE521"/><display value="Entered in error"/></concept><concept><code value="HIV.D.DE522"/><display value="Intended"/></concept><concept><code value="HIV.D.DE523"/><display value="Stopped"/></concept><concept><code value="HIV.D.DE524"/><display value="On hold"/></concept><concept><code value="HIV.D.DE525"/><display value="Unknown"/></concept><concept><code value="HIV.D.DE526"/><display value="Did not take"/></concept></include></compose></ValueSet>