[
  {
    "id" : "HIV.A",
    "type" : "CodeSystem",
    "url" : "http://worldhealthorganization.github.io/smart-hiv/CodeSystem/HIV.A",
    "version" : "0.1.0",
    "name" : "HIV_A"
  },
  {
    "id" : "HIV.B",
    "type" : "CodeSystem",
    "url" : "http://worldhealthorganization.github.io/smart-hiv/CodeSystem/HIV.B",
    "version" : "0.1.0",
    "name" : "HIV_B"
  },
  {
    "id" : "HIV.C",
    "type" : "CodeSystem",
    "url" : "http://worldhealthorganization.github.io/smart-hiv/CodeSystem/HIV.C",
    "version" : "0.1.0",
    "name" : "HIV_C"
  },
  {
    "id" : "HIV.Configuration",
    "type" : "CodeSystem",
    "url" : "http://worldhealthorganization.github.io/smart-hiv/CodeSystem/HIV.Configuration",
    "version" : "0.1.0",
    "name" : "HIV_Configuration"
  },
  {
    "id" : "HIV.D",
    "type" : "CodeSystem",
    "url" : "http://worldhealthorganization.github.io/smart-hiv/CodeSystem/HIV.D",
    "version" : "0.1.0",
    "name" : "HIV_D"
  },
  {
    "id" : "HIV.EF",
    "type" : "CodeSystem",
    "url" : "http://worldhealthorganization.github.io/smart-hiv/CodeSystem/HIV.EF",
    "version" : "0.1.0",
    "name" : "HIV_EF"
  },
  {
    "id" : "HIV.G",
    "type" : "CodeSystem",
    "url" : "http://worldhealthorganization.github.io/smart-hiv/CodeSystem/HIV.G",
    "version" : "0.1.0",
    "name" : "HIV_G"
  },
  {
    "id" : "HIV.H",
    "type" : "CodeSystem",
    "url" : "http://worldhealthorganization.github.io/smart-hiv/CodeSystem/HIV.H",
    "version" : "0.1.0",
    "name" : "HIV_M"
  },
  {
    "id" : "HIV.I",
    "type" : "CodeSystem",
    "url" : "http://worldhealthorganization.github.io/smart-hiv/CodeSystem/HIV.I",
    "version" : "0.1.0",
    "name" : "HIV_I"
  },
  {
    "id" : "HIV.Prevention",
    "type" : "CodeSystem",
    "url" : "http://worldhealthorganization.github.io/smart-hiv/CodeSystem/HIV.Prevention",
    "version" : "0.1.0",
    "name" : "HIV_Prevention"
  },
  {
    "id" : "HIV.BHTSVisit",
    "type" : "ConceptMap",
    "url" : "http://worldhealthorganization.github.io/smart-hiv/ConceptMap/HIV.BHTSVisit",
    "version" : "0.1.0",
    "name" : "HIV_B_HTS_visit"
  },
  {
    "id" : "HIV.D.HIVTB",
    "type" : "ConceptMap",
    "url" : "http://worldhealthorganization.github.io/smart-hiv/ConceptMap/HIV.D.HIVTB",
    "version" : "0.1.0",
    "name" : "HIV_D_HIV_TB"
  },
  {
    "id" : "HIV.EF.PMTCT",
    "type" : "ConceptMap",
    "url" : "http://worldhealthorganization.github.io/smart-hiv/ConceptMap/HIV.EF.PMTCT",
    "version" : "0.1.0",
    "name" : "HIV_EF_PMTCT"
  },
  {
    "id" : "HIV.Prevention",
    "type" : "ConceptMap",
    "url" : "http://worldhealthorganization.github.io/smart-hiv/ConceptMap/HIV.Prevention",
    "version" : "0.1.0",
    "name" : "HIV_Prevention"
  },
  {
    "id" : "HIVARegistration",
    "type" : "ConceptMap",
    "url" : "http://worldhealthorganization.github.io/smart-hiv/ConceptMap/HIVARegistration",
    "version" : "0.1.0",
    "name" : "HIV_A_Registration"
  },
  {
    "id" : "HIVCPrEP",
    "type" : "ConceptMap",
    "url" : "http://worldhealthorganization.github.io/smart-hiv/ConceptMap/HIVCPrEP",
    "version" : "0.1.0",
    "name" : "HIV_C_PrEP"
  },
  {
    "id" : "HIVConfiguration",
    "type" : "ConceptMap",
    "url" : "http://worldhealthorganization.github.io/smart-hiv/ConceptMap/HIVConfiguration",
    "version" : "0.1.0",
    "name" : "HIV_Configuration"
  },
  {
    "id" : "HIVDCareTreatment",
    "type" : "ConceptMap",
    "url" : "http://worldhealthorganization.github.io/smart-hiv/ConceptMap/HIVDCareTreatment",
    "version" : "0.1.0",
    "name" : "HIV_D_Care_Treatment"
  },
  {
    "id" : "HIVGDiagnostics",
    "type" : "ConceptMap",
    "url" : "http://worldhealthorganization.github.io/smart-hiv/ConceptMap/HIVGDiagnostics",
    "version" : "0.1.0",
    "name" : "HIV_G_Diagnostics"
  },
  {
    "id" : "HIVHFollowUp",
    "type" : "ConceptMap",
    "url" : "http://worldhealthorganization.github.io/smart-hiv/ConceptMap/HIVHFollowUp",
    "version" : "0.1.0",
    "name" : "HIV_H_FollowUp"
  },
  {
    "id" : "HIVIReferral",
    "type" : "ConceptMap",
    "url" : "http://worldhealthorganization.github.io/smart-hiv/ConceptMap/HIVIReferral",
    "version" : "0.1.0",
    "name" : "HIV_I_Referral"
  },
  {
    "id" : "who.fhir.hiv",
    "type" : "ImplementationGuide",
    "url" : "http://worldhealthorganization.github.io/smart-hiv/ImplementationGuide/who.fhir.hiv",
    "version" : "0.1.0",
    "name" : "HIV"
  },
  {
    "id" : "f185bb76-c298-4671-9be3-ccc94c0a9868",
    "type" : "Library",
    "url" : "http://worldhealthorganization.github.io/smart-hiv/Library/f185bb76-c298-4671-9be3-ccc94c0a9868",
    "version" : "0.1.0"
  },
  {
    "id" : "HIVA",
    "type" : "StructureDefinition",
    "url" : "http://worldhealthorganization.github.io/smart-hiv/StructureDefinition/HIVA",
    "version" : "0.1.0",
    "name" : "HIVA"
  },
  {
    "id" : "HIVB",
    "type" : "StructureDefinition",
    "url" : "http://worldhealthorganization.github.io/smart-hiv/StructureDefinition/HIVB",
    "version" : "0.1.0",
    "name" : "HIVB"
  },
  {
    "id" : "HIVC",
    "type" : "StructureDefinition",
    "url" : "http://worldhealthorganization.github.io/smart-hiv/StructureDefinition/HIVC",
    "version" : "0.1.0",
    "name" : "HIVC"
  },
  {
    "id" : "HIVConfiguration",
    "type" : "StructureDefinition",
    "url" : "http://worldhealthorganization.github.io/smart-hiv/StructureDefinition/HIVConfiguration",
    "version" : "0.1.0",
    "name" : "HIVConfiguration"
  },
  {
    "id" : "HIVD",
    "type" : "StructureDefinition",
    "url" : "http://worldhealthorganization.github.io/smart-hiv/StructureDefinition/HIVD",
    "version" : "0.1.0",
    "name" : "HIVD"
  },
  {
    "id" : "HIVDTB",
    "type" : "StructureDefinition",
    "url" : "http://worldhealthorganization.github.io/smart-hiv/StructureDefinition/HIVDTB",
    "version" : "0.1.0",
    "name" : "HIVDTB"
  },
  {
    "id" : "HIVEF",
    "type" : "StructureDefinition",
    "url" : "http://worldhealthorganization.github.io/smart-hiv/StructureDefinition/HIVEF",
    "version" : "0.1.0",
    "name" : "HIVEF"
  },
  {
    "id" : "HIVG",
    "type" : "StructureDefinition",
    "url" : "http://worldhealthorganization.github.io/smart-hiv/StructureDefinition/HIVG",
    "version" : "0.1.0",
    "name" : "HIVG"
  },
  {
    "id" : "HIVH",
    "type" : "StructureDefinition",
    "url" : "http://worldhealthorganization.github.io/smart-hiv/StructureDefinition/HIVH",
    "version" : "0.1.0",
    "name" : "HIVH"
  },
  {
    "id" : "HIVI",
    "type" : "StructureDefinition",
    "url" : "http://worldhealthorganization.github.io/smart-hiv/StructureDefinition/HIVI",
    "version" : "0.1.0",
    "name" : "HIVI"
  },
  {
    "id" : "HIVIND27-library",
    "type" : "StructureDefinition",
    "url" : "http://worldhealthorganization.github.io/smart-hiv/StructureDefinition/HIVIND27-library",
    "version" : "0.1.0",
    "name" : "HIVIND27Library"
  },
  {
    "id" : "HIVPrevention",
    "type" : "StructureDefinition",
    "url" : "http://worldhealthorganization.github.io/smart-hiv/StructureDefinition/HIVPrevention",
    "version" : "0.1.0",
    "name" : "HIVPrevention"
  }
]
