{
  "resourceType" : "CodeSystem",
  "id" : "HIV.H",
  "text" : {
    "status" : "generated",
    "div" : "<div xmlns=\"http://www.w3.org/1999/xhtml\"><p>This case-insensitive code system <code>http://worldhealthorganization.github.io/smart-hiv/CodeSystem/HIV.H</code> defines the following codes:</p><table class=\"codes\"><tr><td style=\"white-space:nowrap\"><b>Code</b></td><td><b>Display</b></td><td><b>Definition</b></td></tr><tr><td style=\"white-space:nowrap\">DE1<a name=\"HIV.H-DE1\"> </a></td><td>Reason for follow-up</td><td>The reason why the client is being followed up</td></tr><tr><td style=\"white-space:nowrap\">DE2<a name=\"HIV.H-DE2\"> </a></td><td>Missed care visit</td><td>Client did not present for a care appointment as scheduled / as expected</td></tr><tr><td style=\"white-space:nowrap\">DE3<a name=\"HIV.H-DE3\"> </a></td><td>Missed medication pickup</td><td>Client did not pick up medication as scheduled from pharmacy or other drug distribution point</td></tr><tr><td style=\"white-space:nowrap\">DE4<a name=\"HIV.H-DE4\"> </a></td><td>Did not initiate ART</td><td>Client did not initiate ART at the same time as diagnosis (e.g., because they required additional counselling) and required follow-up for ART initiation</td></tr><tr><td style=\"white-space:nowrap\">DE5<a name=\"HIV.H-DE5\"> </a></td><td>Incomplete visit</td><td>Client presented for care, but left before services were completed, e.g., due to long wait times or not staying to have labs taken</td></tr><tr><td style=\"white-space:nowrap\">DE6<a name=\"HIV.H-DE6\"> </a></td><td>Inconclusive HIV status</td><td>Client has not returned for a follow-up test after an inconclusive test result</td></tr><tr><td style=\"white-space:nowrap\">DE7<a name=\"HIV.H-DE7\"> </a></td><td>Test results received</td><td>Client needs to be informed of test results (e.g., viral load)</td></tr><tr><td style=\"white-space:nowrap\">DE8<a name=\"HIV.H-DE8\"> </a></td><td>Other follow-up reason</td><td>Client was followed up for another reason</td></tr><tr><td style=\"white-space:nowrap\">DE9<a name=\"HIV.H-DE9\"> </a></td><td>Other follow-up reason (specify)</td><td>Client was followed up for another reason (specify)</td></tr><tr><td style=\"white-space:nowrap\">DE10<a name=\"HIV.H-DE10\"> </a></td><td>Client contact attempted</td><td>An attempt to locate the client was made</td></tr><tr><td style=\"white-space:nowrap\">DE11<a name=\"HIV.H-DE11\"> </a></td><td>Date of contact attempt</td><td>Date of attempt to contact client</td></tr><tr><td style=\"white-space:nowrap\">DE12<a name=\"HIV.H-DE12\"> </a></td><td>Contact attempted by</td><td>Who attempted to reach out to the client</td></tr><tr><td style=\"white-space:nowrap\">DE13<a name=\"HIV.H-DE13\"> </a></td><td>Contact method</td><td>Method used to try to reach out to the client</td></tr><tr><td style=\"white-space:nowrap\">DE14<a name=\"HIV.H-DE14\"> </a></td><td>Home visit</td><td>Contacted client at home</td></tr><tr><td style=\"white-space:nowrap\">DE15<a name=\"HIV.H-DE15\"> </a></td><td>Text message</td><td>Contacted client by short message service (SMS) text</td></tr><tr><td style=\"white-space:nowrap\">DE16<a name=\"HIV.H-DE16\"> </a></td><td>Phone</td><td>Contacted client by phone call</td></tr><tr><td style=\"white-space:nowrap\">DE17<a name=\"HIV.H-DE17\"> </a></td><td>Source of information</td><td>Source of information about the client</td></tr><tr><td style=\"white-space:nowrap\">DE18<a name=\"HIV.H-DE18\"> </a></td><td>Client</td><td>The client was the source of information</td></tr><tr><td style=\"white-space:nowrap\">DE19<a name=\"HIV.H-DE19\"> </a></td><td>Informed by treatment provider</td><td>Source of information was a treatment provider of the client</td></tr><tr><td style=\"white-space:nowrap\">DE20<a name=\"HIV.H-DE20\"> </a></td><td>Informed by family or partner</td><td>Source of information was a family member of partner</td></tr><tr><td style=\"white-space:nowrap\">DE21<a name=\"HIV.H-DE21\"> </a></td><td>Other source of information</td><td>Information about the client's status was provided by someone else</td></tr><tr><td style=\"white-space:nowrap\">DE22<a name=\"HIV.H-DE22\"> </a></td><td>Other source of information (specify)</td><td>Information about the client's status was provided by someone else (specify)</td></tr><tr><td style=\"white-space:nowrap\">DE23<a name=\"HIV.H-DE23\"> </a></td><td>Outcome from outreach attempt</td><td>Detailed outcome from the attempt to locate the client</td></tr><tr><td style=\"white-space:nowrap\">DE24<a name=\"HIV.H-DE24\"> </a></td><td>Returning to clinic</td><td>Client was located and agreed to return to clinic</td></tr><tr><td style=\"white-space:nowrap\">DE25<a name=\"HIV.H-DE25\"> </a></td><td>Self-transferred out</td><td>Client transferred to another facility for care (client-initiated transfer, not provider-initiated transfer)</td></tr><tr><td style=\"white-space:nowrap\">DE26<a name=\"HIV.H-DE26\"> </a></td><td>Hospitalized</td><td>Client was hospitalized</td></tr><tr><td style=\"white-space:nowrap\">DE27<a name=\"HIV.H-DE27\"> </a></td><td>Refused to return</td><td>Client was found but declined to return to treatment</td></tr><tr><td style=\"white-space:nowrap\">DE28<a name=\"HIV.H-DE28\"> </a></td><td>Not located </td><td>Attempt was made to locate client, but client was not found</td></tr><tr><td style=\"white-space:nowrap\">DE29<a name=\"HIV.H-DE29\"> </a></td><td>Died (reported)</td><td>The client was reported as having died</td></tr><tr><td style=\"white-space:nowrap\">DE30<a name=\"HIV.H-DE30\"> </a></td><td>Moved from catchment area</td><td>The client moved from the catchment area (may be reported from the community level)</td></tr><tr><td style=\"white-space:nowrap\">DE31<a name=\"HIV.H-DE31\"> </a></td><td>Date client moved from catchment area</td><td>The date on which the client moved from the catchment area, if known</td></tr><tr><td style=\"white-space:nowrap\">DE32<a name=\"HIV.H-DE32\"> </a></td><td>New catchment area</td><td>New catchment area where the client resides</td></tr><tr><td style=\"white-space:nowrap\">DE33<a name=\"HIV.H-DE33\"> </a></td><td>Partner or contact of index case</td><td>The client was identified by an index case as a partner or contact</td></tr><tr><td style=\"white-space:nowrap\">DE34<a name=\"HIV.H-DE34\"> </a></td><td>HIV status of partner or contact</td><td>HIV status of the partner or contact given by the index case</td></tr><tr><td style=\"white-space:nowrap\">DE35<a name=\"HIV.H-DE35\"> </a></td><td>Already knew positive</td><td>The partner or contact of the index case already knew they are HIV-positive</td></tr><tr><td style=\"white-space:nowrap\">DE36<a name=\"HIV.H-DE36\"> </a></td><td>Newly diagnosed</td><td>The partner or contact of the index case is newly diagnosed as HIV-positive</td></tr><tr><td style=\"white-space:nowrap\">DE37<a name=\"HIV.H-DE37\"> </a></td><td>Negative</td><td>The partner or contact of the index case is newly diagnosed is HIV-negative</td></tr><tr><td style=\"white-space:nowrap\">DE38<a name=\"HIV.H-DE38\"> </a></td><td>Date of death </td><td>If deceased, the date that the client died</td></tr><tr><td style=\"white-space:nowrap\">DE39<a name=\"HIV.H-DE39\"> </a></td><td>Cause of death</td><td>Cause of death, if known</td></tr><tr><td style=\"white-space:nowrap\">DE40<a name=\"HIV.H-DE40\"> </a></td><td>Place of death</td><td>Where the client died, if known</td></tr><tr><td style=\"white-space:nowrap\">DE41<a name=\"HIV.H-DE41\"> </a></td><td>HIV treatment outcome</td><td>The outcome for the client which is used for reporting retention/attrition.</td></tr><tr><td style=\"white-space:nowrap\">DE42<a name=\"HIV.H-DE42\"> </a></td><td>Lost to follow-up</td><td>Twenty-eight days or more since last missed appointment </td></tr><tr><td style=\"white-space:nowrap\">DE43<a name=\"HIV.H-DE43\"> </a></td><td>Transferred out</td><td>The client transferred to another facility</td></tr><tr><td style=\"white-space:nowrap\">DE44<a name=\"HIV.H-DE44\"> </a></td><td>Death (documented)</td><td>People living with HIV previously on ART who are confirmed to have died from any cause</td></tr><tr><td style=\"white-space:nowrap\">DE45<a name=\"HIV.H-DE45\"> </a></td><td>Refused (stopped) treatment</td><td>Client was contacted and confirmed to have stopped ART (reasons may include stigma and discrimination, faith healing, etc.)</td></tr><tr><td style=\"white-space:nowrap\">DE46<a name=\"HIV.H-DE46\"> </a></td><td>Date patient lost to follow-up</td><td>Date patient was lost to follow-up (LTFU)</td></tr><tr><td style=\"white-space:nowrap\">DE47<a name=\"HIV.H-DE47\"> </a></td><td>On ART</td><td>Client is currently taking ART </td></tr><tr><td style=\"white-space:nowrap\">DE48<a name=\"HIV.H-DE48\"> </a></td><td>Date HIV treatment outcome changed</td><td>The date on which the client's outcome (lost to follow-up, transferred out, death (documented), or refused (stopped) treatment) changed</td></tr><tr><td style=\"white-space:nowrap\">DE49<a name=\"HIV.H-DE49\"> </a></td><td>Transfer confirmed</td><td>Select if transfer to another facility is confirmed</td></tr><tr><td style=\"white-space:nowrap\">DE50<a name=\"HIV.H-DE50\"> </a></td><td>Transfer to facility</td><td>Name of health facility client was transferred to</td></tr><tr><td style=\"white-space:nowrap\">DE51<a name=\"HIV.H-DE51\"> </a></td><td>Date of transfer out</td><td>The date the client transferred out of the facility to be provided with care at another facility</td></tr><tr><td style=\"white-space:nowrap\">DE52<a name=\"HIV.H-DE52\"> </a></td><td>Adherence assessment</td><td>Whether client is adherent or not to ART regimen per national guidelines (immunological or virological monitoring)</td></tr><tr><td style=\"white-space:nowrap\">DE53<a name=\"HIV.H-DE53\"> </a></td><td>Reason(s) for adherence problem</td><td>Reason why client is not adherent</td></tr><tr><td style=\"white-space:nowrap\">DE54<a name=\"HIV.H-DE54\"> </a></td><td>Forgot</td><td>Client reported not being adherent because they forgot</td></tr><tr><td style=\"white-space:nowrap\">DE55<a name=\"HIV.H-DE55\"> </a></td><td>Toxicity/side effects</td><td>Client reported not being adherent because of toxicity/side effects</td></tr><tr><td style=\"white-space:nowrap\">DE56<a name=\"HIV.H-DE56\"> </a></td><td>Busy</td><td>Client reported not being adherent because they were busy</td></tr><tr><td style=\"white-space:nowrap\">DE57<a name=\"HIV.H-DE57\"> </a></td><td>Change of routine</td><td>Client reported not being adherent because of a change of routine</td></tr><tr><td style=\"white-space:nowrap\">DE58<a name=\"HIV.H-DE58\"> </a></td><td>Travel cost</td><td>Client reported not being adherent because of travel cost</td></tr><tr><td style=\"white-space:nowrap\">DE59<a name=\"HIV.H-DE59\"> </a></td><td>Distance to clinic</td><td>Client reported not being adherent because of distance to clinic </td></tr><tr><td style=\"white-space:nowrap\">DE60<a name=\"HIV.H-DE60\"> </a></td><td>Client lost/ran out of pills</td><td>Client reported not being adherent because of client lost/ran out of pills</td></tr><tr><td style=\"white-space:nowrap\">DE61<a name=\"HIV.H-DE61\"> </a></td><td>Stock-out</td><td>Client reported not being adherent because of a stock-out</td></tr><tr><td style=\"white-space:nowrap\">DE62<a name=\"HIV.H-DE62\"> </a></td><td>Too ill</td><td>Client reported not being adherent because of being too ill</td></tr><tr><td style=\"white-space:nowrap\">DE63<a name=\"HIV.H-DE63\"> </a></td><td>Pill burden</td><td>Client reported not being adherent because of the pill burden</td></tr><tr><td style=\"white-space:nowrap\">DE64<a name=\"HIV.H-DE64\"> </a></td><td>Felt well</td><td>Client reported not being adherent because they felt well</td></tr><tr><td style=\"white-space:nowrap\">DE65<a name=\"HIV.H-DE65\"> </a></td><td>Depression</td><td>Client reported not being adherent because of depression</td></tr><tr><td style=\"white-space:nowrap\">DE66<a name=\"HIV.H-DE66\"> </a></td><td>Alcohol use</td><td>Client reported not being adherent because of alcohol use</td></tr><tr><td style=\"white-space:nowrap\">DE67<a name=\"HIV.H-DE67\"> </a></td><td>Substance use</td><td>Client reported not being adherent because of substance use (i.e., drugs)</td></tr><tr><td style=\"white-space:nowrap\">DE68<a name=\"HIV.H-DE68\"> </a></td><td>Stigma/disclosure concerns</td><td>Client reported not being adherent because of stigma/disclosure concerns</td></tr><tr><td style=\"white-space:nowrap\">DE69<a name=\"HIV.H-DE69\"> </a></td><td>Lack of food</td><td>Client reported not being adherent because of a lack of food</td></tr><tr><td style=\"white-space:nowrap\">DE70<a name=\"HIV.H-DE70\"> </a></td><td>Poor palatability</td><td>Client reported not being adherent because of poor palatability</td></tr><tr><td style=\"white-space:nowrap\">DE71<a name=\"HIV.H-DE71\"> </a></td><td>Other</td><td>Client reported not being adherent because of other reason</td></tr><tr><td style=\"white-space:nowrap\">DE72<a name=\"HIV.H-DE72\"> </a></td><td>Other (specify)</td><td>Client reported not being adherent because of other reason (specify)</td></tr><tr><td style=\"white-space:nowrap\">DE73<a name=\"HIV.H-DE73\"> </a></td><td>Date ART stopped</td><td>Date on which client stopped ART</td></tr><tr><td style=\"white-space:nowrap\">DE74<a name=\"HIV.H-DE74\"> </a></td><td>Reason ART stopped</td><td>Reason why client intentionally stopped ART</td></tr><tr><td style=\"white-space:nowrap\">DE75<a name=\"HIV.H-DE75\"> </a></td><td>Toxicity/side effects</td><td>Client stopped ART because of toxicity/side effects</td></tr><tr><td style=\"white-space:nowrap\">DE76<a name=\"HIV.H-DE76\"> </a></td><td>Severe illness, hospitalization</td><td>Client stopped ART because of severe illness, hospitalization</td></tr><tr><td style=\"white-space:nowrap\">DE77<a name=\"HIV.H-DE77\"> </a></td><td>Drugs out of stock </td><td>Client stopped ART because of drugs being out of stock </td></tr><tr><td style=\"white-space:nowrap\">DE78<a name=\"HIV.H-DE78\"> </a></td><td>Client lacks finances </td><td>Client stopped ART because client lacked finances </td></tr><tr><td style=\"white-space:nowrap\">DE79<a name=\"HIV.H-DE79\"> </a></td><td>Excluded HIV infection in infant</td><td>Client stopped ART because the infant was determined to not have HIV</td></tr><tr><td style=\"white-space:nowrap\">DE80<a name=\"HIV.H-DE80\"> </a></td><td>Other reason for stopping ART</td><td>Client stopped ART for other reason</td></tr><tr><td style=\"white-space:nowrap\">DE81<a name=\"HIV.H-DE81\"> </a></td><td>Other reason for stopping ART (specify)</td><td>Client stopped ART for other reason (specify)</td></tr></table></div>"
  },
  "url" : "http://worldhealthorganization.github.io/smart-hiv/CodeSystem/HIV.H",
  "version" : "0.1.0",
  "name" : "HIV_M",
  "title" : "HIV.H Follow-up  CodeSystem",
  "status" : "draft",
  "experimental" : false,
  "date" : "2024-03-05T17:44:17+00:00",
  "publisher" : "WHO",
  "contact" : [{
    "name" : "WHO",
    "telecom" : [{
      "system" : "url",
      "value" : "http://who.int"
    }]
  }],
  "description" : "CodeSystem for HIV.H Follow-up  Data Elements",
  "caseSensitive" : false,
  "content" : "complete",
  "count" : 81,
  "concept" : [{
    "code" : "DE1",
    "display" : "Reason for follow-up",
    "definition" : "The reason why the client is being followed up"
  },
  {
    "code" : "DE2",
    "display" : "Missed care visit",
    "definition" : "Client did not present for a care appointment as scheduled / as expected"
  },
  {
    "code" : "DE3",
    "display" : "Missed medication pickup",
    "definition" : "Client did not pick up medication as scheduled from pharmacy or other drug distribution point"
  },
  {
    "code" : "DE4",
    "display" : "Did not initiate ART",
    "definition" : "Client did not initiate ART at the same time as diagnosis (e.g., because they required additional counselling) and required follow-up for ART initiation"
  },
  {
    "code" : "DE5",
    "display" : "Incomplete visit",
    "definition" : "Client presented for care, but left before services were completed, e.g., due to long wait times or not staying to have labs taken"
  },
  {
    "code" : "DE6",
    "display" : "Inconclusive HIV status",
    "definition" : "Client has not returned for a follow-up test after an inconclusive test result"
  },
  {
    "code" : "DE7",
    "display" : "Test results received",
    "definition" : "Client needs to be informed of test results (e.g., viral load)"
  },
  {
    "code" : "DE8",
    "display" : "Other follow-up reason",
    "definition" : "Client was followed up for another reason"
  },
  {
    "code" : "DE9",
    "display" : "Other follow-up reason (specify)",
    "definition" : "Client was followed up for another reason (specify)"
  },
  {
    "code" : "DE10",
    "display" : "Client contact attempted",
    "definition" : "An attempt to locate the client was made"
  },
  {
    "code" : "DE11",
    "display" : "Date of contact attempt",
    "definition" : "Date of attempt to contact client"
  },
  {
    "code" : "DE12",
    "display" : "Contact attempted by",
    "definition" : "Who attempted to reach out to the client"
  },
  {
    "code" : "DE13",
    "display" : "Contact method",
    "definition" : "Method used to try to reach out to the client"
  },
  {
    "code" : "DE14",
    "display" : "Home visit",
    "definition" : "Contacted client at home"
  },
  {
    "code" : "DE15",
    "display" : "Text message",
    "definition" : "Contacted client by short message service (SMS) text"
  },
  {
    "code" : "DE16",
    "display" : "Phone",
    "definition" : "Contacted client by phone call"
  },
  {
    "code" : "DE17",
    "display" : "Source of information",
    "definition" : "Source of information about the client"
  },
  {
    "code" : "DE18",
    "display" : "Client",
    "definition" : "The client was the source of information"
  },
  {
    "code" : "DE19",
    "display" : "Informed by treatment provider",
    "definition" : "Source of information was a treatment provider of the client"
  },
  {
    "code" : "DE20",
    "display" : "Informed by family or partner",
    "definition" : "Source of information was a family member of partner"
  },
  {
    "code" : "DE21",
    "display" : "Other source of information",
    "definition" : "Information about the client's status was provided by someone else"
  },
  {
    "code" : "DE22",
    "display" : "Other source of information (specify)",
    "definition" : "Information about the client's status was provided by someone else (specify)"
  },
  {
    "code" : "DE23",
    "display" : "Outcome from outreach attempt",
    "definition" : "Detailed outcome from the attempt to locate the client"
  },
  {
    "code" : "DE24",
    "display" : "Returning to clinic",
    "definition" : "Client was located and agreed to return to clinic"
  },
  {
    "code" : "DE25",
    "display" : "Self-transferred out",
    "definition" : "Client transferred to another facility for care (client-initiated transfer, not provider-initiated transfer)"
  },
  {
    "code" : "DE26",
    "display" : "Hospitalized",
    "definition" : "Client was hospitalized"
  },
  {
    "code" : "DE27",
    "display" : "Refused to return",
    "definition" : "Client was found but declined to return to treatment"
  },
  {
    "code" : "DE28",
    "display" : "Not located ",
    "definition" : "Attempt was made to locate client, but client was not found"
  },
  {
    "code" : "DE29",
    "display" : "Died (reported)",
    "definition" : "The client was reported as having died"
  },
  {
    "code" : "DE30",
    "display" : "Moved from catchment area",
    "definition" : "The client moved from the catchment area (may be reported from the community level)"
  },
  {
    "code" : "DE31",
    "display" : "Date client moved from catchment area",
    "definition" : "The date on which the client moved from the catchment area, if known"
  },
  {
    "code" : "DE32",
    "display" : "New catchment area",
    "definition" : "New catchment area where the client resides"
  },
  {
    "code" : "DE33",
    "display" : "Partner or contact of index case",
    "definition" : "The client was identified by an index case as a partner or contact"
  },
  {
    "code" : "DE34",
    "display" : "HIV status of partner or contact",
    "definition" : "HIV status of the partner or contact given by the index case"
  },
  {
    "code" : "DE35",
    "display" : "Already knew positive",
    "definition" : "The partner or contact of the index case already knew they are HIV-positive"
  },
  {
    "code" : "DE36",
    "display" : "Newly diagnosed",
    "definition" : "The partner or contact of the index case is newly diagnosed as HIV-positive"
  },
  {
    "code" : "DE37",
    "display" : "Negative",
    "definition" : "The partner or contact of the index case is newly diagnosed is HIV-negative"
  },
  {
    "code" : "DE38",
    "display" : "Date of death ",
    "definition" : "If deceased, the date that the client died"
  },
  {
    "code" : "DE39",
    "display" : "Cause of death",
    "definition" : "Cause of death, if known"
  },
  {
    "code" : "DE40",
    "display" : "Place of death",
    "definition" : "Where the client died, if known"
  },
  {
    "code" : "DE41",
    "display" : "HIV treatment outcome",
    "definition" : "The outcome for the client which is used for reporting retention/attrition."
  },
  {
    "code" : "DE42",
    "display" : "Lost to follow-up",
    "definition" : "Twenty-eight days or more since last missed appointment "
  },
  {
    "code" : "DE43",
    "display" : "Transferred out",
    "definition" : "The client transferred to another facility"
  },
  {
    "code" : "DE44",
    "display" : "Death (documented)",
    "definition" : "People living with HIV previously on ART who are confirmed to have died from any cause"
  },
  {
    "code" : "DE45",
    "display" : "Refused (stopped) treatment",
    "definition" : "Client was contacted and confirmed to have stopped ART (reasons may include stigma and discrimination, faith healing, etc.)"
  },
  {
    "code" : "DE46",
    "display" : "Date patient lost to follow-up",
    "definition" : "Date patient was lost to follow-up (LTFU)"
  },
  {
    "code" : "DE47",
    "display" : "On ART",
    "definition" : "Client is currently taking ART "
  },
  {
    "code" : "DE48",
    "display" : "Date HIV treatment outcome changed",
    "definition" : "The date on which the client's outcome (lost to follow-up, transferred out, death (documented), or refused (stopped) treatment) changed"
  },
  {
    "code" : "DE49",
    "display" : "Transfer confirmed",
    "definition" : "Select if transfer to another facility is confirmed"
  },
  {
    "code" : "DE50",
    "display" : "Transfer to facility",
    "definition" : "Name of health facility client was transferred to"
  },
  {
    "code" : "DE51",
    "display" : "Date of transfer out",
    "definition" : "The date the client transferred out of the facility to be provided with care at another facility"
  },
  {
    "code" : "DE52",
    "display" : "Adherence assessment",
    "definition" : "Whether client is adherent or not to ART regimen per national guidelines (immunological or virological monitoring)"
  },
  {
    "code" : "DE53",
    "display" : "Reason(s) for adherence problem",
    "definition" : "Reason why client is not adherent"
  },
  {
    "code" : "DE54",
    "display" : "Forgot",
    "definition" : "Client reported not being adherent because they forgot"
  },
  {
    "code" : "DE55",
    "display" : "Toxicity/side effects",
    "definition" : "Client reported not being adherent because of toxicity/side effects"
  },
  {
    "code" : "DE56",
    "display" : "Busy",
    "definition" : "Client reported not being adherent because they were busy"
  },
  {
    "code" : "DE57",
    "display" : "Change of routine",
    "definition" : "Client reported not being adherent because of a change of routine"
  },
  {
    "code" : "DE58",
    "display" : "Travel cost",
    "definition" : "Client reported not being adherent because of travel cost"
  },
  {
    "code" : "DE59",
    "display" : "Distance to clinic",
    "definition" : "Client reported not being adherent because of distance to clinic "
  },
  {
    "code" : "DE60",
    "display" : "Client lost/ran out of pills",
    "definition" : "Client reported not being adherent because of client lost/ran out of pills"
  },
  {
    "code" : "DE61",
    "display" : "Stock-out",
    "definition" : "Client reported not being adherent because of a stock-out"
  },
  {
    "code" : "DE62",
    "display" : "Too ill",
    "definition" : "Client reported not being adherent because of being too ill"
  },
  {
    "code" : "DE63",
    "display" : "Pill burden",
    "definition" : "Client reported not being adherent because of the pill burden"
  },
  {
    "code" : "DE64",
    "display" : "Felt well",
    "definition" : "Client reported not being adherent because they felt well"
  },
  {
    "code" : "DE65",
    "display" : "Depression",
    "definition" : "Client reported not being adherent because of depression"
  },
  {
    "code" : "DE66",
    "display" : "Alcohol use",
    "definition" : "Client reported not being adherent because of alcohol use"
  },
  {
    "code" : "DE67",
    "display" : "Substance use",
    "definition" : "Client reported not being adherent because of substance use (i.e., drugs)"
  },
  {
    "code" : "DE68",
    "display" : "Stigma/disclosure concerns",
    "definition" : "Client reported not being adherent because of stigma/disclosure concerns"
  },
  {
    "code" : "DE69",
    "display" : "Lack of food",
    "definition" : "Client reported not being adherent because of a lack of food"
  },
  {
    "code" : "DE70",
    "display" : "Poor palatability",
    "definition" : "Client reported not being adherent because of poor palatability"
  },
  {
    "code" : "DE71",
    "display" : "Other",
    "definition" : "Client reported not being adherent because of other reason"
  },
  {
    "code" : "DE72",
    "display" : "Other (specify)",
    "definition" : "Client reported not being adherent because of other reason (specify)"
  },
  {
    "code" : "DE73",
    "display" : "Date ART stopped",
    "definition" : "Date on which client stopped ART"
  },
  {
    "code" : "DE74",
    "display" : "Reason ART stopped",
    "definition" : "Reason why client intentionally stopped ART"
  },
  {
    "code" : "DE75",
    "display" : "Toxicity/side effects",
    "definition" : "Client stopped ART because of toxicity/side effects"
  },
  {
    "code" : "DE76",
    "display" : "Severe illness, hospitalization",
    "definition" : "Client stopped ART because of severe illness, hospitalization"
  },
  {
    "code" : "DE77",
    "display" : "Drugs out of stock ",
    "definition" : "Client stopped ART because of drugs being out of stock "
  },
  {
    "code" : "DE78",
    "display" : "Client lacks finances ",
    "definition" : "Client stopped ART because client lacked finances "
  },
  {
    "code" : "DE79",
    "display" : "Excluded HIV infection in infant",
    "definition" : "Client stopped ART because the infant was determined to not have HIV"
  },
  {
    "code" : "DE80",
    "display" : "Other reason for stopping ART",
    "definition" : "Client stopped ART for other reason"
  },
  {
    "code" : "DE81",
    "display" : "Other reason for stopping ART (specify)",
    "definition" : "Client stopped ART for other reason (specify)"
  }]
}