<?xml version="1.0" encoding="UTF-8"?>

<CodeSystem xmlns="http://hl7.org/fhir">
  <id value="HIV.I"/>
  <text>
    <status value="generated"/><div xmlns="http://www.w3.org/1999/xhtml"><p>This case-insensitive code system <code>http://worldhealthorganization.github.io/smart-hiv/CodeSystem/HIV.I</code> defines the following codes:</p><table class="codes"><tr><td style="white-space:nowrap"><b>Code</b></td><td><b>Display</b></td><td><b>Definition</b></td></tr><tr><td style="white-space:nowrap">DE1<a name="HIV.I-DE1"> </a></td><td>Emergency referral</td><td>Referral for urgent care</td></tr><tr><td style="white-space:nowrap">DE2<a name="HIV.I-DE2"> </a></td><td>Reason for referral</td><td>Reason why the client is being referred. If diagnosed, this may include the reason for the diagnosis.</td></tr><tr><td style="white-space:nowrap">DE3<a name="HIV.I-DE3"> </a></td><td>Hospital</td><td>Client's clinical status warrants hospitalization</td></tr><tr><td style="white-space:nowrap">DE4<a name="HIV.I-DE4"> </a></td><td>Referral for screening including diagnostics and lab testing</td><td>The client is referred because they need a lab test done and/or diagnostics done, but those services are unavailable at the current health facility or providers. This includes referral for TB screening (is symptomatic of TB, has had close contact with confirmed TB case, etc.) and other comorbidities or coinfections. </td></tr><tr><td style="white-space:nowrap">DE5<a name="HIV.I-DE5"> </a></td><td>TB referral</td><td>Referral for TB care</td></tr><tr><td style="white-space:nowrap">DE6<a name="HIV.I-DE6"> </a></td><td>Antenatal care referral</td><td>Client was referred because the client is pregnant</td></tr><tr><td style="white-space:nowrap">DE7<a name="HIV.I-DE7"> </a></td><td>Referral for other general services</td><td>If none of the reasons above apply, this should be selected</td></tr><tr><td style="white-space:nowrap">DE8<a name="HIV.I-DE8"> </a></td><td>Referral for other general services (specify)</td><td>If none of the reasons above apply, specify the reason(s)</td></tr><tr><td style="white-space:nowrap">DE9<a name="HIV.I-DE9"> </a></td><td>Any treatment given before referral?</td><td>If client was referred, was any treatment provided before referral?</td></tr><tr><td style="white-space:nowrap">DE10<a name="HIV.I-DE10"> </a></td><td>Date of scheduled referral appointment</td><td>When the referral is scheduled</td></tr><tr><td style="white-space:nowrap">DE11<a name="HIV.I-DE11"> </a></td><td>Location of scheduled referral appointment</td><td>Where the client is being referred to</td></tr><tr><td style="white-space:nowrap">DE12<a name="HIV.I-DE12"> </a></td><td>Date referral was made</td><td>The date the referral was made</td></tr><tr><td style="white-space:nowrap">DE13<a name="HIV.I-DE13"> </a></td><td>Provider who made referral</td><td>The name of the provider who made the referral</td></tr><tr><td style="white-space:nowrap">DE14<a name="HIV.I-DE14"> </a></td><td>Provider's facility</td><td>Facility client is being referred from</td></tr><tr><td style="white-space:nowrap">DE15<a name="HIV.I-DE15"> </a></td><td>Provider's telephone number</td><td>The contact details of the provider making the referral</td></tr><tr><td style="white-space:nowrap">DE16<a name="HIV.I-DE16"> </a></td><td>Referral notes</td><td>Any additional relevant details of clinical significance for the referral facility to provide quality care</td></tr><tr><td style="white-space:nowrap">DE17<a name="HIV.I-DE17"> </a></td><td>Client history summary</td><td>With interoperable systems, the provider receiving the referral should be able to access the client's health record digitally. However, in the absence of this, the referral provider should receive a summary of the client's health records that includes the client's history, medications, medications prescribed or dispensed, reported issues and concerns, and any other relevant clinical information the health care provider had already obtained.</td></tr></table></div>
  </text>
  <url value="http://worldhealthorganization.github.io/smart-hiv/CodeSystem/HIV.I"/>
  <version value="0.1.0"/>
  <name value="HIV_I"/>
  <title value="HIV.I Referral  CodeSystem"/>
  <status value="draft"/>
  <experimental value="false"/>
  <date value="2024-03-05T17:44:17+00:00"/>
  <publisher value="WHO"/>
  <contact>
    <name value="WHO"/>
    <telecom>
      <system value="url"/>
      <value value="http://who.int"/>
    </telecom>
  </contact>
  <description value="CodeSystem for HIV.I Referral Data Elements"/>
  <caseSensitive value="false"/>
  <content value="complete"/>
  <count value="17"/>
  <concept>
    <code value="DE1"/>
    <display value="Emergency referral"/>
    <definition value="Referral for urgent care"/>
  </concept>
  <concept>
    <code value="DE2"/>
    <display value="Reason for referral"/>
    <definition value="Reason why the client is being referred. If diagnosed, this may include the reason for the diagnosis."/>
  </concept>
  <concept>
    <code value="DE3"/>
    <display value="Hospital"/>
    <definition value="Client's clinical status warrants hospitalization"/>
  </concept>
  <concept>
    <code value="DE4"/>
    <display value="Referral for screening including diagnostics and lab testing"/>
    <definition value="The client is referred because they need a lab test done and/or diagnostics done, but those services are unavailable at the current health facility or providers. This includes referral for TB screening (is symptomatic of TB, has had close contact with confirmed TB case, etc.) and other comorbidities or coinfections. "/>
  </concept>
  <concept>
    <code value="DE5"/>
    <display value="TB referral"/>
    <definition value="Referral for TB care"/>
  </concept>
  <concept>
    <code value="DE6"/>
    <display value="Antenatal care referral"/>
    <definition value="Client was referred because the client is pregnant"/>
  </concept>
  <concept>
    <code value="DE7"/>
    <display value="Referral for other general services"/>
    <definition value="If none of the reasons above apply, this should be selected"/>
  </concept>
  <concept>
    <code value="DE8"/>
    <display value="Referral for other general services (specify)"/>
    <definition value="If none of the reasons above apply, specify the reason(s)"/>
  </concept>
  <concept>
    <code value="DE9"/>
    <display value="Any treatment given before referral?"/>
    <definition value="If client was referred, was any treatment provided before referral?"/>
  </concept>
  <concept>
    <code value="DE10"/>
    <display value="Date of scheduled referral appointment"/>
    <definition value="When the referral is scheduled"/>
  </concept>
  <concept>
    <code value="DE11"/>
    <display value="Location of scheduled referral appointment"/>
    <definition value="Where the client is being referred to"/>
  </concept>
  <concept>
    <code value="DE12"/>
    <display value="Date referral was made"/>
    <definition value="The date the referral was made"/>
  </concept>
  <concept>
    <code value="DE13"/>
    <display value="Provider who made referral"/>
    <definition value="The name of the provider who made the referral"/>
  </concept>
  <concept>
    <code value="DE14"/>
    <display value="Provider's facility"/>
    <definition value="Facility client is being referred from"/>
  </concept>
  <concept>
    <code value="DE15"/>
    <display value="Provider's telephone number"/>
    <definition value="The contact details of the provider making the referral"/>
  </concept>
  <concept>
    <code value="DE16"/>
    <display value="Referral notes"/>
    <definition value="Any additional relevant details of clinical significance for the referral facility to provide quality care"/>
  </concept>
  <concept>
    <code value="DE17"/>
    <display value="Client history summary"/>
    <definition value="With interoperable systems, the provider receiving the referral should be able to access the client's health record digitally. However, in the absence of this, the referral provider should receive a summary of the client's health records that includes the client's history, medications, medications prescribed or dispensed, reported issues and concerns, and any other relevant clinical information the health care provider had already obtained."/>
  </concept>
</CodeSystem>