{
  "codeSystems" : [
    {
      "url" : "http://hl7.org/fhir/publication-status",
      "version" : "4.3.0",
      "status" : "active",
      "name" : "PublicationStatus",
      "title" : "PublicationStatus",
      "description" : "The lifecycle status of an artifact.",
      "oids" : ["2.16.840.1.113883.4.642.1.4"],
      "uses" : {
      },
      "http://hl7.org/fhir/R4B/valueset-publication-status.html" : "PublicationStatus"
    },
    {
      "url" : "http://hl7.org/fhir/resource-types",
      "version" : "4.3.0",
      "status" : "active",
      "name" : "ResourceType",
      "title" : "ResourceType",
      "description" : "One of the resource types defined as part of this version of FHIR.",
      "uses" : {
      },
      "http://hl7.org/fhir/R4B/valueset-subject-type.html" : "Subject type"
    },
    {
      "url" : "http://hl7.org/fhir/sid/icd-10",
      "version" : "2.1.1",
      "status" : "retired",
      "name" : "Icd10",
      "title" : "ICD-10",
      "description" : "International Classification of Diseases revision 10 (ICD 10)",
      "oids" : ["2.16.840.1.113883.6.3"],
      "uses" : {
      },
      "ConceptMap-HIV.Prevention.html" : "ConceptMap to and from HIV.Prevention DataElements",
      "ConceptMap-HIVGDiagnostics.html" : "ConceptMap to and from HIV.G Diagnostics DataElements",
      "ConceptMap-HIVCPrEP.html" : "ConceptMap to and from HIV.C PrEP visit DataElements",
      "ConceptMap-HIV.EF.PMTCT.html" : "ConceptMap to and from HIV.E-F PMTCT DataElements",
      "ConceptMap-HIV.D.HIVTB.html" : "ConceptMap to and from HIV.D HIV-TB DataElements",
      "ConceptMap-HIV.BHTSVisit.html" : "ConceptMap to and from HIV.B HTS visit DataElements",
      "ConceptMap-HIVHFollowUp.html" : "ConceptMap to and from HIV.H Follow-up DataElements",
      "ConceptMap-HIVDCareTreatment.html" : "ConceptMap to and from HIV.D Care-Treatment DataElements"
    },
    {
      "url" : "http://hl7.org/fhir/sid/icf",
      "version" : "1.0.0",
      "status" : "active",
      "name" : "ICF",
      "title" : "International Classification of Functioning, Disability and Health",
      "description" : "\"The International Classification of Functioning, Disability and Health, known more commonly as ICF, is a classification of health and health-related domains. As the functioning and disability of an individual occurs in a context, ICF also includes a list of environmental factors.\r\n\r\nICF is the WHO framework for measuring health and disability at both individual and population levels.\r\n\r\nICF was officially endorsed by all 191 WHO Member States in the Fifty-fourth World Health Assembly on 22 May 2001(resolution [WHA 54.21](http://apps.who.int/gb/archive/pdf_files/WHA54/ea54r21.pdf) ) as the international standard to describe and measure health and disability.\r\n\r\nICF is based on the same foundation as ICD and ICHI and share the same set of extension codes that enable documentation at a higher level of detail.\"\r\n\r\nOfficial updates to the ICF are available as annual lists of changes.\r\n\r\nThese updates are approved annually at the October meeting of the WHO Family of International Classifications (WHO-FIC) Network.\r\n\r\nTo license ICF, the same rules apply for ICF as for ICD. See [http://icd.who.int/](http://icd.who.int/).\r\n\r\nFor more information, see [https://www.who.int/standards/classifications/international-classification-of-functioning-disability-and-health](https://www.who.int/standards/classifications/international-classification-of-functioning-disability-and-health).",
      "oids" : ["2.16.840.1.113883.6.254"],
      "uses" : {
      },
      "ConceptMap-HIVGDiagnostics.html" : "ConceptMap to and from HIV.G Diagnostics DataElements",
      "ConceptMap-HIVCPrEP.html" : "ConceptMap to and from HIV.C PrEP visit DataElements",
      "ConceptMap-HIV.EF.PMTCT.html" : "ConceptMap to and from HIV.E-F PMTCT DataElements",
      "ConceptMap-HIVIReferral.html" : "ConceptMap to and from HIV.I Referral DataElements",
      "ConceptMap-HIV.D.HIVTB.html" : "ConceptMap to and from HIV.D HIV-TB DataElements",
      "ConceptMap-HIVARegistration.html" : "ConceptMap to and from HIV.A Registration DataElements",
      "ConceptMap-HIV.BHTSVisit.html" : "ConceptMap to and from HIV.B HTS visit DataElements",
      "ConceptMap-HIVDCareTreatment.html" : "ConceptMap to and from HIV.D Care-Treatment DataElements"
    },
    {
      "url" : "http://id.who.int/icd/release/11/mms",
      "version" : "1.0.0",
      "status" : "active",
      "name" : "ICD11MMS",
      "title" : "International Classification of Diseases, 11th Revision Mortality and Morbidity Statistics (MMS)",
      "description" : "The International Classification of Diseases, 11th Revision Mortality and Morbidity Statistics (MMS) is one of the ICD11 linearizations. Information about the ICD Foundation Component and the ICD11 Linearizations can be found in the complete reference guide here: [https://icd.who.int/icd11refguide/en/index.html](https://icd.who.int/icd11refguide/en/index.html)\r\n\r\n\"**The ICD11 Linearizations (Tabular lists)**\r\n\r\nA linearization is a subset of the foundation component, that is:\r\n\r\n1. fit for a particular purpose: reporting mortality, morbidity, primary care or other uses;\r\n\r\n 2. composed of entities that are Mutually Exclusive of each other; \r\n\r\n3. each entity is given a single parent.\r\n\r\nLinearization is similar to the classical print versions of ICD Tabular List (e.g. volume I of ICD-10 or other previous editions). The main linearization of ICD-11 is Mortality and Morbidity Statistics (MMS). Various linearizations could be built at different granularity, use case or other purposes such as for Primary Care, Clinical Care or Research. The linkage from the foundation component to a particular linearization will ensure consistent use of the ICD.\"\r\n\r\nICD-11 for Mortality and Morbidity (ICD-11 MMS) can be downloaded in either print or electronic (spreadsheet) format from the  browser in the Info tab located [here](https://icd.who.int/browse11/l-m/en)",
      "uses" : {
      },
      "ConceptMap-HIV.Prevention.html" : "ConceptMap to and from HIV.Prevention DataElements",
      "ConceptMap-HIVGDiagnostics.html" : "ConceptMap to and from HIV.G Diagnostics DataElements",
      "ConceptMap-HIVCPrEP.html" : "ConceptMap to and from HIV.C PrEP visit DataElements",
      "ConceptMap-HIV.EF.PMTCT.html" : "ConceptMap to and from HIV.E-F PMTCT DataElements",
      "ConceptMap-HIV.D.HIVTB.html" : "ConceptMap to and from HIV.D HIV-TB DataElements",
      "ConceptMap-HIVARegistration.html" : "ConceptMap to and from HIV.A Registration DataElements",
      "ConceptMap-HIV.BHTSVisit.html" : "ConceptMap to and from HIV.B HTS visit DataElements",
      "ConceptMap-HIVHFollowUp.html" : "ConceptMap to and from HIV.H Follow-up DataElements",
      "ConceptMap-HIVDCareTreatment.html" : "ConceptMap to and from HIV.D Care-Treatment DataElements"
    },
    {
      "url" : "http://loinc.org",
      "version" : "3.1.0",
      "status" : "active",
      "name" : "LOINC",
      "title" : "Logical Observation Identifiers, Names and Codes (LOINC)",
      "description" : "LOINC provides a set of universal names and ID codes for identifying laboratory and clinical test results.1,2 LOINC facilitates the exchange and pooling of results, such as blood hemoglobin, serum potassium, or vital signs, for clinical care, outcomes management, and research. LOINC's universal identifiers (names and codes) can be used in the context of order and observation exchanges between information systems that use syntax standards such as HL73, CEN TC251, ISO TC215, ASTM4, and DICOM. Specifically, the identifier can be used as the coded value for an observation in any other standard that uses the observation/observation value paradigm, whether messages, documents, application programming interface (API), etc. For example, LOINC codes are used widely in the OBX segment Observation Identifier field (OBX-3) of an ORU HL7 (HL7 version 2.x or ASTM 1238-9410) message that may be sent between a Clinical Laboratory Information Management Systems (LIMS) and Electronic Health Record Systems (EHR).5, 6 In this way, LOINC codes provide universal identifiers that allow the exchange of clinical data between heterogeneous computing environments.",
      "oids" : ["2.16.840.1.113883.6.1"],
      "uses" : {
      },
      "ConceptMap-HIV.Prevention.html" : "ConceptMap to and from HIV.Prevention DataElements",
      "ConceptMap-HIVGDiagnostics.html" : "ConceptMap to and from HIV.G Diagnostics DataElements",
      "ConceptMap-HIVCPrEP.html" : "ConceptMap to and from HIV.C PrEP visit DataElements",
      "ConceptMap-HIV.EF.PMTCT.html" : "ConceptMap to and from HIV.E-F PMTCT DataElements",
      "ConceptMap-HIVIReferral.html" : "ConceptMap to and from HIV.I Referral DataElements",
      "ConceptMap-HIV.D.HIVTB.html" : "ConceptMap to and from HIV.D HIV-TB DataElements",
      "ConceptMap-HIVARegistration.html" : "ConceptMap to and from HIV.A Registration DataElements",
      "ConceptMap-HIV.BHTSVisit.html" : "ConceptMap to and from HIV.B HTS visit DataElements",
      "ConceptMap-HIVHFollowUp.html" : "ConceptMap to and from HIV.H Follow-up DataElements",
      "ConceptMap-HIVDCareTreatment.html" : "ConceptMap to and from HIV.D Care-Treatment DataElements"
    },
    {
      "url" : "http://snomed.info/sct",
      "version" : null,
      "status" : "active",
      "name" : "SNOMED_CT",
      "title" : "SNOMED CT (all versions)",
      "description" : "SNOMED CT is the most comprehensive and precise clinical health terminology product in the world, owned and distributed around the world by The International Health Terminology Standards Development Organisation (IHTSDO).",
      "oids" : ["2.16.840.1.113883.6.96"],
      "uses" : {
      },
      "ConceptMap-HIV.Prevention.html" : "ConceptMap to and from HIV.Prevention DataElements",
      "ConceptMap-HIVConfiguration.html" : "ConceptMap to and from HIV.Configuration DataElements",
      "ConceptMap-HIVGDiagnostics.html" : "ConceptMap to and from HIV.G Diagnostics DataElements",
      "ConceptMap-HIVCPrEP.html" : "ConceptMap to and from HIV.C PrEP visit DataElements",
      "ConceptMap-HIV.EF.PMTCT.html" : "ConceptMap to and from HIV.E-F PMTCT DataElements",
      "ConceptMap-HIVIReferral.html" : "ConceptMap to and from HIV.I Referral DataElements",
      "ConceptMap-HIV.D.HIVTB.html" : "ConceptMap to and from HIV.D HIV-TB DataElements",
      "ConceptMap-HIVARegistration.html" : "ConceptMap to and from HIV.A Registration DataElements",
      "ConceptMap-HIV.BHTSVisit.html" : "ConceptMap to and from HIV.B HTS visit DataElements",
      "ConceptMap-HIVHFollowUp.html" : "ConceptMap to and from HIV.H Follow-up DataElements",
      "ConceptMap-HIVDCareTreatment.html" : "ConceptMap to and from HIV.D Care-Treatment DataElements"
    },
    {
      "url" : "http://terminology.hl7.org/CodeSystem/definition-topic",
      "version" : "1.0.0",
      "status" : "draft",
      "name" : "DefinitionTopic",
      "title" : "DefinitionTopic",
      "description" : "High-level categorization of the definition, used for searching, sorting, and filtering.",
      "oids" : ["2.16.840.1.113883.4.642.1.1244"],
      "uses" : {
      },
      "http://hl7.org/fhir/R4B/valueset-definition-topic.html" : "DefinitionTopic"
    },
    {
      "url" : "http://terminology.hl7.org/CodeSystem/library-type",
      "version" : "1.0.0",
      "status" : "draft",
      "name" : "LibraryType",
      "title" : "LibraryType",
      "description" : "The type of knowledge asset this library contains.",
      "oids" : ["2.16.840.1.113883.4.642.1.1230"],
      "uses" : {
      },
      "http://hl7.org/fhir/R4B/valueset-library-type.html" : "LibraryType"
    },
    {
      "url" : "http://worldhealthorganization.github.io/smart-hiv/CodeSystem/HIV.A",
      "version" : "0.1.0",
      "status" : "draft",
      "name" : "HIV_A",
      "title" : "HIV.A  Registration CodeSystem",
      "description" : "CodeSystem for HIV.A  Registration Data Elements",
      "uses" : {
      },
      "ConceptMap-HIVARegistration.html" : "ConceptMap to and from HIV.A Registration DataElements"
    },
    {
      "url" : "http://worldhealthorganization.github.io/smart-hiv/CodeSystem/HIV.B",
      "version" : "0.1.0",
      "status" : "draft",
      "name" : "HIV_B",
      "title" : "HIV.B HTS visit  CodeSystem",
      "description" : "CodeSystem for HIV.B HTS visit  Data Elements",
      "uses" : {
      },
      "ConceptMap-HIV.BHTSVisit.html" : "ConceptMap to and from HIV.B HTS visit DataElements"
    },
    {
      "url" : "http://worldhealthorganization.github.io/smart-hiv/CodeSystem/HIV.C",
      "version" : "0.1.0",
      "status" : "draft",
      "name" : "HIV_C",
      "title" : "HIV.C PrEP visit  CodeSystem",
      "description" : "CodeSystem for HIV.C PrEP visit  Data Elements",
      "uses" : {
      },
      "ConceptMap-HIVCPrEP.html" : "ConceptMap to and from HIV.C PrEP visit DataElements"
    },
    {
      "url" : "http://worldhealthorganization.github.io/smart-hiv/CodeSystem/HIV.Configuration",
      "version" : "0.1.0",
      "status" : "draft",
      "name" : "HIV_Configuration",
      "title" : "HIV.Configuration CodeSystem",
      "description" : "CodeSystem for HIV.Configuration  Data Elements",
      "uses" : {
      },
      "ConceptMap-HIVConfiguration.html" : "ConceptMap to and from HIV.Configuration DataElements"
    },
    {
      "url" : "http://worldhealthorganization.github.io/smart-hiv/CodeSystem/HIV.D",
      "version" : "0.1.0",
      "status" : "draft",
      "name" : "HIV_D",
      "title" : "HIV.D  CodeSystem",
      "description" : "CodeSystem for HIV.D Data Elements",
      "uses" : {
      },
      "ConceptMap-HIV.D.HIVTB.html" : "ConceptMap to and from HIV.D HIV-TB DataElements",
      "ConceptMap-HIVDCareTreatment.html" : "ConceptMap to and from HIV.D Care-Treatment DataElements"
    },
    {
      "url" : "http://worldhealthorganization.github.io/smart-hiv/CodeSystem/HIV.EF",
      "version" : "0.1.0",
      "status" : "draft",
      "name" : "HIV_EF",
      "title" : "HIV.E-F PMTCT  CodeSystem",
      "description" : "CodeSystem for HIV.E-F PMTCT  Data Elements",
      "uses" : {
      },
      "ConceptMap-HIV.EF.PMTCT.html" : "ConceptMap to and from HIV.E-F PMTCT DataElements"
    },
    {
      "url" : "http://worldhealthorganization.github.io/smart-hiv/CodeSystem/HIV.G",
      "version" : "0.1.0",
      "status" : "draft",
      "name" : "HIV_G",
      "title" : "HIV.G Diagnostics  CodeSystem",
      "description" : "CodeSystem for HIV.G Diagnostics  Data Elements",
      "uses" : {
      },
      "ConceptMap-HIVGDiagnostics.html" : "ConceptMap to and from HIV.G Diagnostics DataElements"
    },
    {
      "url" : "http://worldhealthorganization.github.io/smart-hiv/CodeSystem/HIV.H",
      "version" : "0.1.0",
      "status" : "draft",
      "name" : "HIV_M",
      "title" : "HIV.H Follow-up  CodeSystem",
      "description" : "CodeSystem for HIV.H Follow-up  Data Elements",
      "uses" : {
      },
      "ConceptMap-HIVHFollowUp.html" : "ConceptMap to and from HIV.H Follow-up DataElements"
    },
    {
      "url" : "http://worldhealthorganization.github.io/smart-hiv/CodeSystem/HIV.I",
      "version" : "0.1.0",
      "status" : "draft",
      "name" : "HIV_I",
      "title" : "HIV.I Referral  CodeSystem",
      "description" : "CodeSystem for HIV.I Referral Data Elements",
      "uses" : {
      },
      "ConceptMap-HIVIReferral.html" : "ConceptMap to and from HIV.I Referral DataElements"
    },
    {
      "url" : "http://worldhealthorganization.github.io/smart-hiv/CodeSystem/HIV.Prevention",
      "version" : "0.1.0",
      "status" : "draft",
      "name" : "HIV_Prevention",
      "title" : "HIV.Prevention  CodeSystem",
      "description" : "CodeSystem for HIV.Prevention Data Elements",
      "uses" : {
      },
      "ConceptMap-HIV.Prevention.html" : "ConceptMap to and from HIV.Prevention DataElements"
    },
    {
      "url" : "urn:ietf:bcp:47",
      "version" : "2.0.1",
      "status" : "active",
      "name" : "Ietf3066",
      "title" : "Tags for the Identification of Languages",
      "description" : "Older value from OID registry.  Superceded; see recommendations in BCP-47.",
      "oids" : ["2.16.840.1.113883.6.121"],
      "uses" : {
      },
      "http://hl7.org/fhir/R4B/valueset-languages.html" : "Common Languages"
    },
    {
      "url" : "urn:iso:std:iso:3166",
      "version" : "1.0.0",
      "status" : "active",
      "name" : "ISO3166Part1",
      "title" : "ISO 3166-1 Codes for the representation of names of countries and their subdivisions — Part 1: Country code",
      "description" : "ISO 3166-1 establishes codes that represent the current names of countries, dependencies, and other areas of particular geopolitical interest, on the basis of country names obtained from the United Nations.",
      "oids" : ["1.0.3166.1"],
      "uses" : {
      },
      "http://hl7.org/fhir/R4B/valueset-jurisdiction.html" : "Jurisdiction"
    },
    {
      "url" : "urn:iso:std:iso:3166:-2",
      "version" : "2013-11",
      "status" : "retired",
      "name" : "Iso3166_2",
      "title" : "ISO 3166 Part 2 Country Subdivision Codes",
      "description" : "Identifies the coding system published in the ISO 3166-2 Standard for Country Subdivision codes. This standard is released periodically, and a new OID will be assigned by ISO for new editions.",
      "oids" : ["1.0.3166.2"],
      "uses" : {
      },
      "http://hl7.org/fhir/R4B/valueset-jurisdiction.html" : "Jurisdiction"
    }
  ]
}
