{
  "resourceType" : "Library",
  "id" : "HIVDT01",
  "text" : {
    "status" : "generated",
    "div" : "<div xmlns=\"http://www.w3.org/1999/xhtml\"><h2>Contents</h2></div>"
  },
  "url" : "http://fhir.org/guides/who/anc-cds/Library/HIVDT01",
  "identifier" : [{
    "use" : "official",
    "value" : "HIV.DT.01"
  }],
  "version" : "0.3.0",
  "name" : "HIVDT01",
  "title" : "HIV.DT.01 Check for signs of serious illness",
  "status" : "draft",
  "date" : "2024-03-05T18:24:53+00:00",
  "publisher" : "World Health Organization (WHO) ",
  "contact" : [{
    "telecom" : [{
      "system" : "url",
      "value" : "https://www.who.int"
    }]
  }],
  "jurisdiction" : [{
    "coding" : [{
      "system" : "http://unstats.un.org/unsd/methods/m49/m49.htm",
      "code" : "001"
    }]
  }]
}