<?xml version="1.0" encoding="UTF-8"?>

<ValueSet xmlns="http://hl7.org/fhir">
  <id value="hiv-d-de196"/>
  <text>
    <status value="extensions"/><div xmlns="http://www.w3.org/1999/xhtml"><ul><li>Include these codes as defined in <a href="CodeSystem-concept-codes.html"><code>http://fhir.org/guides/itech-uw/who-smart-hiv-dak/CodeSystem/concept-codes</code></a><table class="none"><tr><td style="white-space:nowrap"><b>Code</b></td><td><b>Display</b></td><td><b>Definition</b></td></tr><tr><td><a href="CodeSystem-concept-codes.html#concept-codes-HIV.46D.46DE196">HIV.D.DE196</a></td><td>Determine WHO clinical stage</td><td>General care activities recommended - Determine WHO clinical stage</td></tr><tr><td><a href="CodeSystem-concept-codes.html#concept-codes-HIV.46D.46DE197">HIV.D.DE197</a></td><td>Determine if advanced disease</td><td>General care activities recommended - Determine if advanced disease</td></tr><tr><td><a href="CodeSystem-concept-codes.html#concept-codes-HIV.46D.46DE198">HIV.D.DE198</a></td><td>Prepare for ART</td><td>General care activities recommended - Prepare for ART</td></tr><tr><td><a href="CodeSystem-concept-codes.html#concept-codes-HIV.46D.46DE199">HIV.D.DE199</a></td><td>Prepare, assess and support adherence</td><td>General care activities recommended - Prepare, assess and support adherence</td></tr><tr><td><a href="CodeSystem-concept-codes.html#concept-codes-HIV.46D.46DE200">HIV.D.DE200</a></td><td>Manage current medications</td><td>General care activities recommended - Manage current medications</td></tr><tr><td><a href="CodeSystem-concept-codes.html#concept-codes-HIV.46D.46DE201">HIV.D.DE201</a></td><td>Check pregnancy status</td><td>General care activities recommended - Check pregnancy status</td></tr><tr><td><a href="CodeSystem-concept-codes.html#concept-codes-HIV.46D.46DE202">HIV.D.DE202</a></td><td>Provide family planning and contraception</td><td>General care activities recommended - Provide family planning and contraception</td></tr><tr><td><a href="CodeSystem-concept-codes.html#concept-codes-HIV.46D.46DE203">HIV.D.DE203</a></td><td>Support disclosure and partner notification</td><td>General care activities recommended - Support disclosure and partner notification</td></tr><tr><td><a href="CodeSystem-concept-codes.html#concept-codes-HIV.46D.46DE204">HIV.D.DE204</a></td><td>Counsel on risk reduction and prevention</td><td>General care activities recommended - Counsel on risk reduction and prevention</td></tr><tr><td><a href="CodeSystem-concept-codes.html#concept-codes-HIV.46D.46DE205">HIV.D.DE205</a></td><td>Assess, prevent and manage noncommunicable diseases</td><td>General care activities recommended - Assess, prevent and manage noncommunicable diseases</td></tr><tr><td><a href="CodeSystem-concept-codes.html#concept-codes-HIV.46D.46DE206">HIV.D.DE206</a></td><td>Screen for and manage mental health problems</td><td>General care activities recommended - Screen for and manage mental health problems</td></tr><tr><td><a href="CodeSystem-concept-codes.html#concept-codes-HIV.46D.46DE207">HIV.D.DE207</a></td><td>Screen for and manage and substance use issues</td><td>General care activities recommended - Screen for and manage and substance use issues</td></tr><tr><td><a href="CodeSystem-concept-codes.html#concept-codes-HIV.46D.46DE208">HIV.D.DE208</a></td><td>Provide psychosocial counselling and support</td><td>General care activities recommended - Provide psychosocial counselling and support</td></tr><tr><td><a href="CodeSystem-concept-codes.html#concept-codes-HIV.46D.46DE209">HIV.D.DE209</a></td><td>Manage pain and symptoms</td><td>General care activities recommended - Manage pain and symptoms</td></tr><tr><td><a href="CodeSystem-concept-codes.html#concept-codes-HIV.46D.46DE210">HIV.D.DE210</a></td><td>Conduct a nutritional assessment and counsel on nutrition</td><td>General care activities recommended - Conduct a nutritional assessment and counsel on nutrition</td></tr><tr><td><a href="CodeSystem-concept-codes.html#concept-codes-HIV.46D.46DE211">HIV.D.DE211</a></td><td>Conduct a growth and development assessment</td><td>General care activities recommended - Conduct a growth and development assessment</td></tr><tr><td><a href="CodeSystem-concept-codes.html#concept-codes-HIV.46D.46DE212">HIV.D.DE212</a></td><td>Provide support on infant and child feeding</td><td>General care activities recommended - Provide support on infant and child feeding</td></tr></table></li></ul></div>
  </text>
  <url value="http://fhir.org/guides/itech-uw/ValueSet/hiv-d-de196"/>
  <version value="0.3.0"/>
  <name value="GeneralcareactivitiesrecommendedCodes"/>
  <title value="General care activities recommended Codes"/>
  <status value="draft"/>
  <experimental value="false"/>
  <date value="2024-03-05T18:24:53+00:00"/>
  <publisher value="World Health Organization (WHO) "/>
  <contact>
    <telecom>
      <system value="url"/>
      <value value="https://www.who.int"/>
    </telecom>
  </contact>
  <description value="Codes representing possible values for the General care activities recommended element"/>
  <jurisdiction>
    <coding>
      <system value="http://unstats.un.org/unsd/methods/m49/m49.htm"/>
      <code value="001"/>
    </coding>
  </jurisdiction>
  <immutable value="true"/>
  <compose>
    <include>
      <system value="http://fhir.org/guides/itech-uw/who-smart-hiv-dak/CodeSystem/concept-codes"/>
      <concept>
        <code value="HIV.D.DE196"/>
        <display value="Determine WHO clinical stage"/>
      </concept>
      <concept>
        <code value="HIV.D.DE197"/>
        <display value="Determine if advanced disease"/>
      </concept>
      <concept>
        <code value="HIV.D.DE198"/>
        <display value="Prepare for ART"/>
      </concept>
      <concept>
        <code value="HIV.D.DE199"/>
        <display value="Prepare, assess and support adherence"/>
      </concept>
      <concept>
        <code value="HIV.D.DE200"/>
        <display value="Manage current medications"/>
      </concept>
      <concept>
        <code value="HIV.D.DE201"/>
        <display value="Check pregnancy status"/>
      </concept>
      <concept>
        <code value="HIV.D.DE202"/>
        <display value="Provide family planning and contraception"/>
      </concept>
      <concept>
        <code value="HIV.D.DE203"/>
        <display value="Support disclosure and partner notification"/>
      </concept>
      <concept>
        <code value="HIV.D.DE204"/>
        <display value="Counsel on risk reduction and prevention"/>
      </concept>
      <concept>
        <code value="HIV.D.DE205"/>
        <display value="Assess, prevent and manage noncommunicable diseases"/>
      </concept>
      <concept>
        <code value="HIV.D.DE206"/>
        <display value="Screen for and manage mental health problems"/>
      </concept>
      <concept>
        <code value="HIV.D.DE207"/>
        <display value="Screen for and manage and substance use issues"/>
      </concept>
      <concept>
        <code value="HIV.D.DE208"/>
        <display value="Provide psychosocial counselling and support"/>
      </concept>
      <concept>
        <code value="HIV.D.DE209"/>
        <display value="Manage pain and symptoms"/>
      </concept>
      <concept>
        <code value="HIV.D.DE210"/>
        <display value="Conduct a nutritional assessment and counsel on nutrition"/>
      </concept>
      <concept>
        <code value="HIV.D.DE211"/>
        <display value="Conduct a growth and development assessment"/>
      </concept>
      <concept>
        <code value="HIV.D.DE212"/>
        <display value="Provide support on infant and child feeding"/>
      </concept>
    </include>
  </compose>
</ValueSet>