{"resourceType":"CodeSystem","id":"HIV.Prevention","text":{"status":"generated","div":"<div xmlns=\"http://www.w3.org/1999/xhtml\"><p>This case-insensitive code system <code>http://worldhealthorganization.github.io/smart-hiv/CodeSystem/HIV.Prevention</code> defines the following codes:</p><table class=\"codes\"><tr><td style=\"white-space:nowrap\"><b>Code</b></td><td><b>Display</b></td><td><b>Definition</b></td></tr><tr><td style=\"white-space:nowrap\">DE1<a name=\"HIV.Prevention-DE1\"> </a></td><td>At elevated risk for HIV acquisition</td><td>Client is at elevated risk for HIV acquisition, defined according to country/programme context</td></tr><tr><td style=\"white-space:nowrap\">DE2<a name=\"HIV.Prevention-DE2\"> </a></td><td>HIV prevention intervention</td><td>HIV prevention intervention that client accessed</td></tr><tr><td style=\"white-space:nowrap\">DE3<a name=\"HIV.Prevention-DE3\"> </a></td><td>PrEP service</td><td>Client accessed PrEP services</td></tr><tr><td style=\"white-space:nowrap\">DE4<a name=\"HIV.Prevention-DE4\"> </a></td><td>OAMT</td><td>Client accessed opioid agonist maintenance treatment (OAMT) services</td></tr><tr><td style=\"white-space:nowrap\">DE5<a name=\"HIV.Prevention-DE5\"> </a></td><td>NSP</td><td>Client accessed needle-syringe programme (NSP) services</td></tr><tr><td style=\"white-space:nowrap\">DE6<a name=\"HIV.Prevention-DE6\"> </a></td><td>STI services</td><td>Client accessed sexually transmitted infection (STI) services</td></tr><tr><td style=\"white-space:nowrap\">DE7<a name=\"HIV.Prevention-DE7\"> </a></td><td>VMMC</td><td>Client accessed voluntary medical male circumcision (VMMC) services</td></tr><tr><td style=\"white-space:nowrap\">DE8<a name=\"HIV.Prevention-DE8\"> </a></td><td>Other</td><td>Client accessed other HIV prevention services</td></tr><tr><td style=\"white-space:nowrap\">DE9<a name=\"HIV.Prevention-DE9\"> </a></td><td>Other (specify)</td><td>Client accessed other HIV prevention services (specify)</td></tr><tr><td style=\"white-space:nowrap\">DE10<a name=\"HIV.Prevention-DE10\"> </a></td><td>Date accessed HIV prevention intervention</td><td>Date the client accessed HIV prevention intervention</td></tr><tr><td style=\"white-space:nowrap\">DE11<a name=\"HIV.Prevention-DE11\"> </a></td><td>HIV status of contact</td><td>The HIV status of the client's contact</td></tr><tr><td style=\"white-space:nowrap\">DE12<a name=\"HIV.Prevention-DE12\"> </a></td><td>HIV-positive</td><td>Client's contact is HIV-positive</td></tr><tr><td style=\"white-space:nowrap\">DE13<a name=\"HIV.Prevention-DE13\"> </a></td><td>HIV-negative</td><td>Client's contact is HIV-negative</td></tr><tr><td style=\"white-space:nowrap\">DE14<a name=\"HIV.Prevention-DE14\"> </a></td><td>Unknown</td><td>Client does not know contact's HIV status</td></tr><tr><td style=\"white-space:nowrap\">DE15<a name=\"HIV.Prevention-DE15\"> </a></td><td>Date injecting equipment provided</td><td>Date client was provided with injecting equipment</td></tr><tr><td style=\"white-space:nowrap\">DE16<a name=\"HIV.Prevention-DE16\"> </a></td><td>Number of needles-syringes provided</td><td>Number of needles-syringes provided to client</td></tr><tr><td style=\"white-space:nowrap\">DE17<a name=\"HIV.Prevention-DE17\"> </a></td><td>Date OAMT initiated</td><td>Date client initiated opioid agonist maintenance treatment (OAMT)</td></tr><tr><td style=\"white-space:nowrap\">DE18<a name=\"HIV.Prevention-DE18\"> </a></td><td>Date OAMT dose received</td><td>Date client received opioid agonist maintenance treatment (OAMT) dose</td></tr><tr><td style=\"white-space:nowrap\">DE19<a name=\"HIV.Prevention-DE19\"> </a></td><td>Date OAMT take-away dose(s) dispensed</td><td>Date the client was dispensed opioid agonist maintenance treatment (OAMT) take-away dose(s)</td></tr><tr><td style=\"white-space:nowrap\">DE20<a name=\"HIV.Prevention-DE20\"> </a></td><td>Currently on OAMT</td><td>Client is currently on opioid agonist maintenance treatment (OAMT) at reporting date, defined according to country/program to account for medication dispensed and LTFU criterion</td></tr><tr><td style=\"white-space:nowrap\">DE21<a name=\"HIV.Prevention-DE21\"> </a></td><td>Retained on OAMT</td><td>Client is retained on opioid agonist maintenance treatment (OAMT) at reporting date, defined according to country/program to account for medication dispensed and LTFU criterion</td></tr><tr><td style=\"white-space:nowrap\">DE22<a name=\"HIV.Prevention-DE22\"> </a></td><td>Client being inducted on OAMT</td><td>Client is currently being inducted on opioid agonist maintenance treatment (OAMT), defined according to country/program</td></tr><tr><td style=\"white-space:nowrap\">DE23<a name=\"HIV.Prevention-DE23\"> </a></td><td>Client on reducing doses of OAMT</td><td>Client is current on reducing doses of opioid agonist maintenance treatment (OAMT), defined according to country/program</td></tr><tr><td style=\"white-space:nowrap\">DE24<a name=\"HIV.Prevention-DE24\"> </a></td><td>Date first maintenance dose received</td><td>First date on which client received maintenance dose</td></tr><tr><td style=\"white-space:nowrap\">DE25<a name=\"HIV.Prevention-DE25\"> </a></td><td>Date of loss to follow-up or OAMT stopped</td><td>Date of loss to follow-up or opioid agonist maintenance treatment (OAMT) stopped</td></tr><tr><td style=\"white-space:nowrap\">DE26<a name=\"HIV.Prevention-DE26\"> </a></td><td>Date medications dispensed</td><td>Date the client was dispensed medications</td></tr><tr><td style=\"white-space:nowrap\">DE27<a name=\"HIV.Prevention-DE27\"> </a></td><td>Date medications prescribed</td><td>Date the client was prescribed medications</td></tr><tr><td style=\"white-space:nowrap\">DE28<a name=\"HIV.Prevention-DE28\"> </a></td><td>Number of days prescribed</td><td>Days of medication client has been prescribed</td></tr></table></div>"},"url":"http://worldhealthorganization.github.io/smart-hiv/CodeSystem/HIV.Prevention","version":"0.1.0","name":"HIV_Prevention","title":"HIV.Prevention  CodeSystem","status":"draft","experimental":false,"date":"2024-05-28T19:00:34+00:00","publisher":"WHO","contact":[{"name":"WHO","telecom":[{"system":"url","value":"http://who.int"}]}],"description":"CodeSystem for HIV.Prevention Data Elements","caseSensitive":false,"content":"complete","count":28,"concept":[{"code":"DE1","display":"At elevated risk for HIV acquisition","definition":"Client is at elevated risk for HIV acquisition, defined according to country/programme context"},{"code":"DE2","display":"HIV prevention intervention","definition":"HIV prevention intervention that client accessed"},{"code":"DE3","display":"PrEP service","definition":"Client accessed PrEP services"},{"code":"DE4","display":"OAMT","definition":"Client accessed opioid agonist maintenance treatment (OAMT) services"},{"code":"DE5","display":"NSP","definition":"Client accessed needle-syringe programme (NSP) services"},{"code":"DE6","display":"STI services","definition":"Client accessed sexually transmitted infection (STI) services"},{"code":"DE7","display":"VMMC","definition":"Client accessed voluntary medical male circumcision (VMMC) services"},{"code":"DE8","display":"Other","definition":"Client accessed other HIV prevention services"},{"code":"DE9","display":"Other (specify)","definition":"Client accessed other HIV prevention services (specify)"},{"code":"DE10","display":"Date accessed HIV prevention intervention","definition":"Date the client accessed HIV prevention intervention"},{"code":"DE11","display":"HIV status of contact","definition":"The HIV status of the client's contact"},{"code":"DE12","display":"HIV-positive","definition":"Client's contact is HIV-positive"},{"code":"DE13","display":"HIV-negative","definition":"Client's contact is HIV-negative"},{"code":"DE14","display":"Unknown","definition":"Client does not know contact's HIV status"},{"code":"DE15","display":"Date injecting equipment provided","definition":"Date client was provided with injecting equipment"},{"code":"DE16","display":"Number of needles-syringes provided","definition":"Number of needles-syringes provided to client"},{"code":"DE17","display":"Date OAMT initiated","definition":"Date client initiated opioid agonist maintenance treatment (OAMT)"},{"code":"DE18","display":"Date OAMT dose received","definition":"Date client received opioid agonist maintenance treatment (OAMT) dose"},{"code":"DE19","display":"Date OAMT take-away dose(s) dispensed","definition":"Date the client was dispensed opioid agonist maintenance treatment (OAMT) take-away dose(s)"},{"code":"DE20","display":"Currently on OAMT","definition":"Client is currently on opioid agonist maintenance treatment (OAMT) at reporting date, defined according to country/program to account for medication dispensed and LTFU criterion"},{"code":"DE21","display":"Retained on OAMT","definition":"Client is retained on opioid agonist maintenance treatment (OAMT) at reporting date, defined according to country/program to account for medication dispensed and LTFU criterion"},{"code":"DE22","display":"Client being inducted on OAMT","definition":"Client is currently being inducted on opioid agonist maintenance treatment (OAMT), defined according to country/program"},{"code":"DE23","display":"Client on reducing doses of OAMT","definition":"Client is current on reducing doses of opioid agonist maintenance treatment (OAMT), defined according to country/program"},{"code":"DE24","display":"Date first maintenance dose received","definition":"First date on which client received maintenance dose"},{"code":"DE25","display":"Date of loss to follow-up or OAMT stopped","definition":"Date of loss to follow-up or opioid agonist maintenance treatment (OAMT) stopped"},{"code":"DE26","display":"Date medications dispensed","definition":"Date the client was dispensed medications"},{"code":"DE27","display":"Date medications prescribed","definition":"Date the client was prescribed medications"},{"code":"DE28","display":"Number of days prescribed","definition":"Days of medication client has been prescribed"}]}