{"resourceType":"ImplementationGuide","id":"who.fhir.hiv","meta":{"profile":["SMARTImplementationGuide"]},"text":{"status":"extensions","div":"<div xmlns=\"http://www.w3.org/1999/xhtml\"><h2>HIV</h2><p>The official URL for this implementation guide is: </p><pre>http://worldhealthorganization.github.io/smart-hiv/ImplementationGuide/who.fhir.hiv</pre><div><p>The implementation guide for the SMART WHO HIV guidelines, translated from the WHO HIV L2 artifacts and HIV DAK.</p>\n</div></div>"},"url":"http://worldhealthorganization.github.io/smart-hiv/ImplementationGuide/who.fhir.hiv","version":"0.1.0","name":"HIV","title":"SMART WHO HIV Implmementation Guide","status":"draft","date":"2024-05-28T18:53:31+00:00","publisher":"WHO","contact":[{"name":"WHO","telecom":[{"system":"url","value":"http://who.int"}]}],"description":"The implementation guide for the SMART WHO HIV guidelines, translated from the WHO HIV L2 artifacts and HIV DAK.","packageId":"who.fhir.hiv","license":"CC0-1.0","fhirVersion":["4.3.0"],"dependsOn":[{"id":"hl7tx","extension":[{"url":"http://hl7.org/fhir/tools/StructureDefinition/implementationguide-dependency-comment","valueMarkdown":"Automatically added as a dependency - all IGs depend on HL7 Terminology"}],"uri":"http://terminology.hl7.org/ImplementationGuide/hl7.terminology","packageId":"hl7.terminology.r4","version":"5.5.0"},{"id":"hl7ext","extension":[{"url":"http://hl7.org/fhir/tools/StructureDefinition/implementationguide-dependency-comment","valueMarkdown":"Automatically added as a dependency - all IGs depend on the HL7 Extension Pack"}],"uri":"http://hl7.org/fhir/extensions/ImplementationGuide/hl7.fhir.uv.extensions","packageId":"hl7.fhir.uv.extensions.r4","version":"5.1.0"},{"id":"who_base","uri":"http://smart.who.int/base/ImplementationGuide/who.base","packageId":"who.base","version":"current"}],"definition":{"extension":[{"extension":[{"url":"code","valueString":"copyrightyear"},{"url":"value","valueString":"2023+"}],"url":"http://hl7.org/fhir/tools/StructureDefinition/ig-parameter"},{"extension":[{"url":"code","valueString":"releaselabel"},{"url":"value","valueString":"ci-build"}],"url":"http://hl7.org/fhir/tools/StructureDefinition/ig-parameter"},{"extension":[{"url":"code","valueString":"autoload-resources"},{"url":"value","valueString":"true"}],"url":"http://hl7.org/fhir/tools/StructureDefinition/ig-parameter"},{"extension":[{"url":"code","valueString":"path-liquid"},{"url":"value","valueString":"template/liquid"}],"url":"http://hl7.org/fhir/tools/StructureDefinition/ig-parameter"},{"extension":[{"url":"code","valueString":"path-liquid"},{"url":"value","valueString":"input/liquid"}],"url":"http://hl7.org/fhir/tools/StructureDefinition/ig-parameter"},{"extension":[{"url":"code","valueString":"path-qa"},{"url":"value","valueString":"temp/qa"}],"url":"http://hl7.org/fhir/tools/StructureDefinition/ig-parameter"},{"extension":[{"url":"code","valueString":"path-temp"},{"url":"value","valueString":"temp/pages"}],"url":"http://hl7.org/fhir/tools/StructureDefinition/ig-parameter"},{"extension":[{"url":"code","valueString":"path-output"},{"url":"value","valueString":"output"}],"url":"http://hl7.org/fhir/tools/StructureDefinition/ig-parameter"},{"extension":[{"url":"code","valueString":"path-suppressed-warnings"},{"url":"value","valueString":"input/ignoreWarnings.txt"}],"url":"http://hl7.org/fhir/tools/StructureDefinition/ig-parameter"},{"extension":[{"url":"code","valueString":"path-history"},{"url":"value","valueString":"http://worldhealthorganization.github.io/smart-hiv/history.html"}],"url":"http://hl7.org/fhir/tools/StructureDefinition/ig-parameter"},{"extension":[{"url":"code","valueString":"template-html"},{"url":"value","valueString":"template-page.html"}],"url":"http://hl7.org/fhir/tools/StructureDefinition/ig-parameter"},{"extension":[{"url":"code","valueString":"template-md"},{"url":"value","valueString":"template-page-md.html"}],"url":"http://hl7.org/fhir/tools/StructureDefinition/ig-parameter"},{"extension":[{"url":"code","valueString":"apply-contact"},{"url":"value","valueString":"true"}],"url":"http://hl7.org/fhir/tools/StructureDefinition/ig-parameter"},{"extension":[{"url":"code","valueString":"apply-context"},{"url":"value","valueString":"true"}],"url":"http://hl7.org/fhir/tools/StructureDefinition/ig-parameter"},{"extension":[{"url":"code","valueString":"apply-copyright"},{"url":"value","valueString":"true"}],"url":"http://hl7.org/fhir/tools/StructureDefinition/ig-parameter"},{"extension":[{"url":"code","valueString":"apply-jurisdiction"},{"url":"value","valueString":"true"}],"url":"http://hl7.org/fhir/tools/StructureDefinition/ig-parameter"},{"extension":[{"url":"code","valueString":"apply-license"},{"url":"value","valueString":"true"}],"url":"http://hl7.org/fhir/tools/StructureDefinition/ig-parameter"},{"extension":[{"url":"code","valueString":"apply-publisher"},{"url":"value","valueString":"true"}],"url":"http://hl7.org/fhir/tools/StructureDefinition/ig-parameter"},{"extension":[{"url":"code","valueString":"apply-version"},{"url":"value","valueString":"true"}],"url":"http://hl7.org/fhir/tools/StructureDefinition/ig-parameter"},{"extension":[{"url":"code","valueString":"apply-wg"},{"url":"value","valueString":"true"}],"url":"http://hl7.org/fhir/tools/StructureDefinition/ig-parameter"},{"extension":[{"url":"code","valueString":"active-tables"},{"url":"value","valueString":"true"}],"url":"http://hl7.org/fhir/tools/StructureDefinition/ig-parameter"},{"extension":[{"url":"code","valueString":"fmm-definition"},{"url":"value","valueString":"http://hl7.org/fhir/versions.html#maturity"}],"url":"http://hl7.org/fhir/tools/StructureDefinition/ig-parameter"},{"extension":[{"url":"code","valueString":"propagate-status"},{"url":"value","valueString":"true"}],"url":"http://hl7.org/fhir/tools/StructureDefinition/ig-parameter"},{"extension":[{"url":"code","valueString":"excludelogbinaryformat"},{"url":"value","valueString":"true"}],"url":"http://hl7.org/fhir/tools/StructureDefinition/ig-parameter"},{"extension":[{"url":"code","valueString":"tabbed-snapshots"},{"url":"value","valueString":"true"}],"url":"http://hl7.org/fhir/tools/StructureDefinition/ig-parameter"},{"url":"http://hl7.org/fhir/tools/StructureDefinition/ig-internal-dependency","valueCode":"hl7.fhir.uv.tools#0.1.0"},{"extension":[{"url":"code","valueCode":"copyrightyear"},{"url":"value","valueString":"2023+"}],"url":"http://hl7.org/fhir/tools/StructureDefinition/ig-parameter"},{"extension":[{"url":"code","valueCode":"releaselabel"},{"url":"value","valueString":"ci-build"}],"url":"http://hl7.org/fhir/tools/StructureDefinition/ig-parameter"},{"extension":[{"url":"code","valueCode":"autoload-resources"},{"url":"value","valueString":"true"}],"url":"http://hl7.org/fhir/tools/StructureDefinition/ig-parameter"},{"extension":[{"url":"code","valueCode":"path-liquid"},{"url":"value","valueString":"template/liquid"}],"url":"http://hl7.org/fhir/tools/StructureDefinition/ig-parameter"},{"extension":[{"url":"code","valueCode":"path-liquid"},{"url":"value","valueString":"input/liquid"}],"url":"http://hl7.org/fhir/tools/StructureDefinition/ig-parameter"},{"extension":[{"url":"code","valueCode":"path-qa"},{"url":"value","valueString":"temp/qa"}],"url":"http://hl7.org/fhir/tools/StructureDefinition/ig-parameter"},{"extension":[{"url":"code","valueCode":"path-temp"},{"url":"value","valueString":"temp/pages"}],"url":"http://hl7.org/fhir/tools/StructureDefinition/ig-parameter"},{"extension":[{"url":"code","valueCode":"path-output"},{"url":"value","valueString":"output"}],"url":"http://hl7.org/fhir/tools/StructureDefinition/ig-parameter"},{"extension":[{"url":"code","valueCode":"path-suppressed-warnings"},{"url":"value","valueString":"input/ignoreWarnings.txt"}],"url":"http://hl7.org/fhir/tools/StructureDefinition/ig-parameter"},{"extension":[{"url":"code","valueCode":"path-history"},{"url":"value","valueString":"http://worldhealthorganization.github.io/smart-hiv/history.html"}],"url":"http://hl7.org/fhir/tools/StructureDefinition/ig-parameter"},{"extension":[{"url":"code","valueCode":"template-html"},{"url":"value","valueString":"template-page.html"}],"url":"http://hl7.org/fhir/tools/StructureDefinition/ig-parameter"},{"extension":[{"url":"code","valueCode":"template-md"},{"url":"value","valueString":"template-page-md.html"}],"url":"http://hl7.org/fhir/tools/StructureDefinition/ig-parameter"},{"extension":[{"url":"code","valueCode":"apply-contact"},{"url":"value","valueString":"true"}],"url":"http://hl7.org/fhir/tools/StructureDefinition/ig-parameter"},{"extension":[{"url":"code","valueCode":"apply-context"},{"url":"value","valueString":"true"}],"url":"http://hl7.org/fhir/tools/StructureDefinition/ig-parameter"},{"extension":[{"url":"code","valueCode":"apply-copyright"},{"url":"value","valueString":"true"}],"url":"http://hl7.org/fhir/tools/StructureDefinition/ig-parameter"},{"extension":[{"url":"code","valueCode":"apply-jurisdiction"},{"url":"value","valueString":"true"}],"url":"http://hl7.org/fhir/tools/StructureDefinition/ig-parameter"},{"extension":[{"url":"code","valueCode":"apply-license"},{"url":"value","valueString":"true"}],"url":"http://hl7.org/fhir/tools/StructureDefinition/ig-parameter"},{"extension":[{"url":"code","valueCode":"apply-publisher"},{"url":"value","valueString":"true"}],"url":"http://hl7.org/fhir/tools/StructureDefinition/ig-parameter"},{"extension":[{"url":"code","valueCode":"apply-version"},{"url":"value","valueString":"true"}],"url":"http://hl7.org/fhir/tools/StructureDefinition/ig-parameter"},{"extension":[{"url":"code","valueCode":"apply-wg"},{"url":"value","valueString":"true"}],"url":"http://hl7.org/fhir/tools/StructureDefinition/ig-parameter"},{"extension":[{"url":"code","valueCode":"active-tables"},{"url":"value","valueString":"true"}],"url":"http://hl7.org/fhir/tools/StructureDefinition/ig-parameter"},{"extension":[{"url":"code","valueCode":"fmm-definition"},{"url":"value","valueString":"http://hl7.org/fhir/versions.html#maturity"}],"url":"http://hl7.org/fhir/tools/StructureDefinition/ig-parameter"},{"extension":[{"url":"code","valueCode":"propagate-status"},{"url":"value","valueString":"true"}],"url":"http://hl7.org/fhir/tools/StructureDefinition/ig-parameter"},{"extension":[{"url":"code","valueCode":"excludelogbinaryformat"},{"url":"value","valueString":"true"}],"url":"http://hl7.org/fhir/tools/StructureDefinition/ig-parameter"},{"extension":[{"url":"code","valueCode":"tabbed-snapshots"},{"url":"value","valueString":"true"}],"url":"http://hl7.org/fhir/tools/StructureDefinition/ig-parameter"},{"extension":[{"url":"code","valueCode":"copyrightyear"},{"url":"value","valueString":"2023+"}],"url":"http://hl7.org/fhir/tools/StructureDefinition/ig-parameter"},{"extension":[{"url":"code","valueCode":"releaselabel"},{"url":"value","valueString":"ci-build"}],"url":"http://hl7.org/fhir/tools/StructureDefinition/ig-parameter"},{"extension":[{"url":"code","valueCode":"autoload-resources"},{"url":"value","valueString":"true"}],"url":"http://hl7.org/fhir/tools/StructureDefinition/ig-parameter"},{"extension":[{"url":"code","valueCode":"path-liquid"},{"url":"value","valueString":"template/liquid"}],"url":"http://hl7.org/fhir/tools/StructureDefinition/ig-parameter"},{"extension":[{"url":"code","valueCode":"path-liquid"},{"url":"value","valueString":"input/liquid"}],"url":"http://hl7.org/fhir/tools/StructureDefinition/ig-parameter"},{"extension":[{"url":"code","valueCode":"path-qa"},{"url":"value","valueString":"temp/qa"}],"url":"http://hl7.org/fhir/tools/StructureDefinition/ig-parameter"},{"extension":[{"url":"code","valueCode":"path-temp"},{"url":"value","valueString":"temp/pages"}],"url":"http://hl7.org/fhir/tools/StructureDefinition/ig-parameter"},{"extension":[{"url":"code","valueCode":"path-output"},{"url":"value","valueString":"output"}],"url":"http://hl7.org/fhir/tools/StructureDefinition/ig-parameter"},{"extension":[{"url":"code","valueCode":"path-suppressed-warnings"},{"url":"value","valueString":"input/ignoreWarnings.txt"}],"url":"http://hl7.org/fhir/tools/StructureDefinition/ig-parameter"},{"extension":[{"url":"code","valueCode":"path-history"},{"url":"value","valueString":"http://worldhealthorganization.github.io/smart-hiv/history.html"}],"url":"http://hl7.org/fhir/tools/StructureDefinition/ig-parameter"},{"extension":[{"url":"code","valueCode":"template-html"},{"url":"value","valueString":"template-page.html"}],"url":"http://hl7.org/fhir/tools/StructureDefinition/ig-parameter"},{"extension":[{"url":"code","valueCode":"template-md"},{"url":"value","valueString":"template-page-md.html"}],"url":"http://hl7.org/fhir/tools/StructureDefinition/ig-parameter"},{"extension":[{"url":"code","valueCode":"apply-contact"},{"url":"value","valueString":"true"}],"url":"http://hl7.org/fhir/tools/StructureDefinition/ig-parameter"},{"extension":[{"url":"code","valueCode":"apply-context"},{"url":"value","valueString":"true"}],"url":"http://hl7.org/fhir/tools/StructureDefinition/ig-parameter"},{"extension":[{"url":"code","valueCode":"apply-copyright"},{"url":"value","valueString":"true"}],"url":"http://hl7.org/fhir/tools/StructureDefinition/ig-parameter"},{"extension":[{"url":"code","valueCode":"apply-jurisdiction"},{"url":"value","valueString":"true"}],"url":"http://hl7.org/fhir/tools/StructureDefinition/ig-parameter"},{"extension":[{"url":"code","valueCode":"apply-license"},{"url":"value","valueString":"true"}],"url":"http://hl7.org/fhir/tools/StructureDefinition/ig-parameter"},{"extension":[{"url":"code","valueCode":"apply-publisher"},{"url":"value","valueString":"true"}],"url":"http://hl7.org/fhir/tools/StructureDefinition/ig-parameter"},{"extension":[{"url":"code","valueCode":"apply-version"},{"url":"value","valueString":"true"}],"url":"http://hl7.org/fhir/tools/StructureDefinition/ig-parameter"},{"extension":[{"url":"code","valueCode":"apply-wg"},{"url":"value","valueString":"true"}],"url":"http://hl7.org/fhir/tools/StructureDefinition/ig-parameter"},{"extension":[{"url":"code","valueCode":"active-tables"},{"url":"value","valueString":"true"}],"url":"http://hl7.org/fhir/tools/StructureDefinition/ig-parameter"},{"extension":[{"url":"code","valueCode":"fmm-definition"},{"url":"value","valueString":"http://hl7.org/fhir/versions.html#maturity"}],"url":"http://hl7.org/fhir/tools/StructureDefinition/ig-parameter"},{"extension":[{"url":"code","valueCode":"propagate-status"},{"url":"value","valueString":"true"}],"url":"http://hl7.org/fhir/tools/StructureDefinition/ig-parameter"},{"extension":[{"url":"code","valueCode":"excludelogbinaryformat"},{"url":"value","valueString":"true"}],"url":"http://hl7.org/fhir/tools/StructureDefinition/ig-parameter"},{"extension":[{"url":"code","valueCode":"tabbed-snapshots"},{"url":"value","valueString":"true"}],"url":"http://hl7.org/fhir/tools/StructureDefinition/ig-parameter"}],"grouping":[{"id":"-str-logicalmodel","name":"Structures: Logical Models","description":"These define data models that represent the domain covered by this implementation guide in more business-friendly terms than the underlying FHIR resources."},{"id":"-str-profile","name":"Structures: Resource Profiles","description":"These define constraints on FHIR resources for systems conforming to this implementation guide."},{"id":"-term-codesystem","name":"Terminology: Code Systems","description":"These define new code systems used by systems conforming to this implementation guide."},{"id":"-map-conceptmap","name":"Terminology: Concept Maps","description":"These define transformations to convert between codes by systems conforming with this implementation guide."},{"id":"-ex-example","name":"Example: Example Instances","description":"These are example instances that show what data produced and consumed by systems conforming with this implementation guide might look like."}],"resource":[{"extension":[{"url":"http://hl7.org/fhir/tools/StructureDefinition/resource-sort","valueInteger":999999999},{"url":"http://hl7.org/fhir/StructureDefinition/implementationguide-page","valueUri":"StructureDefinition-HIVA.html"}],"reference":{"reference":"StructureDefinition/HIVA"},"name":"HIV.A Registration Logical Model","description":"Logical Model for HIV.A Registration data elements.","exampleBoolean":false,"groupingId":"-str-logicalmodel"},{"extension":[{"url":"http://hl7.org/fhir/tools/StructureDefinition/resource-sort","valueInteger":999999999},{"url":"http://hl7.org/fhir/StructureDefinition/implementationguide-page","valueUri":"StructureDefinition-HIVB.html"}],"reference":{"reference":"StructureDefinition/HIVB"},"name":"HIV.B HTS visit Logical Model","description":"Logical Model for HIV.B HTS visit data elements.","exampleBoolean":false,"groupingId":"-str-logicalmodel"},{"extension":[{"url":"http://hl7.org/fhir/tools/StructureDefinition/resource-sort","valueInteger":999999999},{"url":"http://hl7.org/fhir/StructureDefinition/implementationguide-page","valueUri":"StructureDefinition-HIVC.html"}],"reference":{"reference":"StructureDefinition/HIVC"},"name":"HIV.C PrEP visit Logical Model","description":"Logical Model for HIV.C PrEP visit data elements.","exampleBoolean":false,"groupingId":"-str-logicalmodel"},{"extension":[{"url":"http://hl7.org/fhir/tools/StructureDefinition/resource-sort","valueInteger":999999999},{"url":"http://hl7.org/fhir/StructureDefinition/implementationguide-page","valueUri":"StructureDefinition-HIVConfiguration.html"}],"reference":{"reference":"StructureDefinition/HIVConfiguration"},"name":"HIV.Configuration Logical Model","description":"Logical Model for HIV.Configuration data elements.","exampleBoolean":false,"groupingId":"-str-logicalmodel"},{"extension":[{"url":"http://hl7.org/fhir/tools/StructureDefinition/resource-sort","valueInteger":999999999},{"url":"http://hl7.org/fhir/StructureDefinition/implementationguide-page","valueUri":"StructureDefinition-HIVD.html"}],"reference":{"reference":"StructureDefinition/HIVD"},"name":"HIV.D Care-Treatment Logical Model","description":"Logical Model for HIV.D Care-Treatment data elements.","exampleBoolean":false,"groupingId":"-str-logicalmodel"},{"extension":[{"url":"http://hl7.org/fhir/tools/StructureDefinition/resource-sort","valueInteger":999999999},{"url":"http://hl7.org/fhir/StructureDefinition/implementationguide-page","valueUri":"StructureDefinition-HIVEF.html"}],"reference":{"reference":"StructureDefinition/HIVEF"},"name":"HIV.E-F PMTCT Logical Model","description":"Logical Model for HIV.E-F PMTCT data elements.","exampleBoolean":false,"groupingId":"-str-logicalmodel"},{"extension":[{"url":"http://hl7.org/fhir/tools/StructureDefinition/resource-sort","valueInteger":999999999},{"url":"http://hl7.org/fhir/StructureDefinition/implementationguide-page","valueUri":"StructureDefinition-HIVG.html"}],"reference":{"reference":"StructureDefinition/HIVG"},"name":"HIV.G Diagnostics Logical Model","description":"Logical Model for HIV.G Diagnostics data elements.","exampleBoolean":false,"groupingId":"-str-logicalmodel"},{"extension":[{"url":"http://hl7.org/fhir/tools/StructureDefinition/resource-sort","valueInteger":999999999},{"url":"http://hl7.org/fhir/StructureDefinition/implementationguide-page","valueUri":"StructureDefinition-HIVH.html"}],"reference":{"reference":"StructureDefinition/HIVH"},"name":"HIV.H Follow-up Logical Model","description":"Logical Model for HIV.H Follow-up data elements.","exampleBoolean":false,"groupingId":"-str-logicalmodel"},{"extension":[{"url":"http://hl7.org/fhir/tools/StructureDefinition/resource-sort","valueInteger":999999999},{"url":"http://hl7.org/fhir/StructureDefinition/implementationguide-page","valueUri":"StructureDefinition-HIVI.html"}],"reference":{"reference":"StructureDefinition/HIVI"},"name":"HIV.I Referral Logical Model","description":"Logical Model for HIV.I Referral data elements.","exampleBoolean":false,"groupingId":"-str-logicalmodel"},{"extension":[{"url":"http://hl7.org/fhir/tools/StructureDefinition/resource-sort","valueInteger":999999999},{"url":"http://hl7.org/fhir/StructureDefinition/implementationguide-page","valueUri":"StructureDefinition-HIVPrevention.html"}],"reference":{"reference":"StructureDefinition/HIVPrevention"},"name":"HIV.Prevention Logical Model","description":"Logical Model for HIV.Prevention data elements.","exampleBoolean":false,"groupingId":"-str-logicalmodel"},{"extension":[{"url":"http://hl7.org/fhir/tools/StructureDefinition/resource-sort","valueInteger":999999999},{"url":"http://hl7.org/fhir/StructureDefinition/implementationguide-page","valueUri":"StructureDefinition-HIVDTB.html"}],"reference":{"reference":"StructureDefinition/HIVDTB"},"name":"HIVD HIV-TB Logical Model","description":"Logical Model for HIV.D HIV-TB data elements.","exampleBoolean":false,"groupingId":"-str-logicalmodel"},{"extension":[{"url":"http://hl7.org/fhir/tools/StructureDefinition/resource-sort","valueInteger":999999999},{"url":"http://hl7.org/fhir/StructureDefinition/implementationguide-page","valueUri":"StructureDefinition-HIVIND27-library.html"}],"reference":{"reference":"StructureDefinition/HIVIND27-library"},"name":"HIVIND27 Library","description":"Library: HIV.IND.27","exampleBoolean":false,"groupingId":"-str-profile"},{"extension":[{"url":"http://hl7.org/fhir/tools/StructureDefinition/resource-sort","valueInteger":999999999},{"url":"http://hl7.org/fhir/StructureDefinition/implementationguide-page","valueUri":"CodeSystem-HIV.A.html"}],"reference":{"reference":"CodeSystem/HIV.A"},"name":"HIV.A  Registration CodeSystem","description":"CodeSystem for HIV.A  Registration Data Elements","exampleBoolean":false,"groupingId":"-term-codesystem"},{"extension":[{"url":"http://hl7.org/fhir/tools/StructureDefinition/resource-sort","valueInteger":999999999},{"url":"http://hl7.org/fhir/StructureDefinition/implementationguide-page","valueUri":"CodeSystem-HIV.B.html"}],"reference":{"reference":"CodeSystem/HIV.B"},"name":"HIV.B HTS visit  CodeSystem","description":"CodeSystem for HIV.B HTS visit  Data Elements","exampleBoolean":false,"groupingId":"-term-codesystem"},{"extension":[{"url":"http://hl7.org/fhir/tools/StructureDefinition/resource-sort","valueInteger":999999999},{"url":"http://hl7.org/fhir/StructureDefinition/implementationguide-page","valueUri":"CodeSystem-HIV.C.html"}],"reference":{"reference":"CodeSystem/HIV.C"},"name":"HIV.C PrEP visit  CodeSystem","description":"CodeSystem for HIV.C PrEP visit  Data Elements","exampleBoolean":false,"groupingId":"-term-codesystem"},{"extension":[{"url":"http://hl7.org/fhir/tools/StructureDefinition/resource-sort","valueInteger":999999999},{"url":"http://hl7.org/fhir/StructureDefinition/implementationguide-page","valueUri":"CodeSystem-HIV.Configuration.html"}],"reference":{"reference":"CodeSystem/HIV.Configuration"},"name":"HIV.Configuration CodeSystem","description":"CodeSystem for HIV.Configuration  Data Elements","exampleBoolean":false,"groupingId":"-term-codesystem"},{"extension":[{"url":"http://hl7.org/fhir/tools/StructureDefinition/resource-sort","valueInteger":999999999},{"url":"http://hl7.org/fhir/StructureDefinition/implementationguide-page","valueUri":"CodeSystem-HIV.D.html"}],"reference":{"reference":"CodeSystem/HIV.D"},"name":"HIV.D  CodeSystem","description":"CodeSystem for HIV.D Data Elements","exampleBoolean":false,"groupingId":"-term-codesystem"},{"extension":[{"url":"http://hl7.org/fhir/tools/StructureDefinition/resource-sort","valueInteger":999999999},{"url":"http://hl7.org/fhir/StructureDefinition/implementationguide-page","valueUri":"CodeSystem-HIV.EF.html"}],"reference":{"reference":"CodeSystem/HIV.EF"},"name":"HIV.E-F PMTCT  CodeSystem","description":"CodeSystem for HIV.E-F PMTCT  Data Elements","exampleBoolean":false,"groupingId":"-term-codesystem"},{"extension":[{"url":"http://hl7.org/fhir/tools/StructureDefinition/resource-sort","valueInteger":999999999},{"url":"http://hl7.org/fhir/StructureDefinition/implementationguide-page","valueUri":"CodeSystem-HIV.G.html"}],"reference":{"reference":"CodeSystem/HIV.G"},"name":"HIV.G Diagnostics  CodeSystem","description":"CodeSystem for HIV.G Diagnostics  Data Elements","exampleBoolean":false,"groupingId":"-term-codesystem"},{"extension":[{"url":"http://hl7.org/fhir/tools/StructureDefinition/resource-sort","valueInteger":999999999},{"url":"http://hl7.org/fhir/StructureDefinition/implementationguide-page","valueUri":"CodeSystem-HIV.H.html"}],"reference":{"reference":"CodeSystem/HIV.H"},"name":"HIV.H Follow-up  CodeSystem","description":"CodeSystem for HIV.H Follow-up  Data Elements","exampleBoolean":false,"groupingId":"-term-codesystem"},{"extension":[{"url":"http://hl7.org/fhir/tools/StructureDefinition/resource-sort","valueInteger":999999999},{"url":"http://hl7.org/fhir/StructureDefinition/implementationguide-page","valueUri":"CodeSystem-HIV.I.html"}],"reference":{"reference":"CodeSystem/HIV.I"},"name":"HIV.I Referral  CodeSystem","description":"CodeSystem for HIV.I Referral Data Elements","exampleBoolean":false,"groupingId":"-term-codesystem"},{"extension":[{"url":"http://hl7.org/fhir/tools/StructureDefinition/resource-sort","valueInteger":999999999},{"url":"http://hl7.org/fhir/StructureDefinition/implementationguide-page","valueUri":"CodeSystem-HIV.Prevention.html"}],"reference":{"reference":"CodeSystem/HIV.Prevention"},"name":"HIV.Prevention  CodeSystem","description":"CodeSystem for HIV.Prevention Data Elements","exampleBoolean":false,"groupingId":"-term-codesystem"},{"extension":[{"url":"http://hl7.org/fhir/tools/StructureDefinition/resource-sort","valueInteger":999999999},{"url":"http://hl7.org/fhir/StructureDefinition/implementationguide-page","valueUri":"ConceptMap-HIVARegistration.html"}],"reference":{"reference":"ConceptMap/HIVARegistration"},"name":"ConceptMap to and from HIV.A Registration DataElements","description":"Mapping to and from HIV.A Registration Data Dictionary to other codesystems.","exampleBoolean":false,"groupingId":"-map-conceptmap"},{"extension":[{"url":"http://hl7.org/fhir/tools/StructureDefinition/resource-sort","valueInteger":999999999},{"url":"http://hl7.org/fhir/StructureDefinition/implementationguide-page","valueUri":"ConceptMap-HIV.BHTSVisit.html"}],"reference":{"reference":"ConceptMap/HIV.BHTSVisit"},"name":"ConceptMap to and from HIV.B HTS visit DataElements","description":"Mapping to and from HIV.B HTS visit Data Dictionary to other codesystems.","exampleBoolean":false,"groupingId":"-map-conceptmap"},{"extension":[{"url":"http://hl7.org/fhir/tools/StructureDefinition/resource-sort","valueInteger":999999999},{"url":"http://hl7.org/fhir/StructureDefinition/implementationguide-page","valueUri":"ConceptMap-HIVCPrEP.html"}],"reference":{"reference":"ConceptMap/HIVCPrEP"},"name":"ConceptMap to and from HIV.C PrEP visit DataElements","description":"Mapping to and from HIV.C PrEP visit Data Dictionary to other codesystems.","exampleBoolean":false,"groupingId":"-map-conceptmap"},{"extension":[{"url":"http://hl7.org/fhir/tools/StructureDefinition/resource-sort","valueInteger":999999999},{"url":"http://hl7.org/fhir/StructureDefinition/implementationguide-page","valueUri":"ConceptMap-HIVConfiguration.html"}],"reference":{"reference":"ConceptMap/HIVConfiguration"},"name":"ConceptMap to and from HIV.Configuration DataElements","description":"Mapping to and from HIV.Configuration Data Dictionary to other codesystems.","exampleBoolean":false,"groupingId":"-map-conceptmap"},{"extension":[{"url":"http://hl7.org/fhir/tools/StructureDefinition/resource-sort","valueInteger":999999999},{"url":"http://hl7.org/fhir/StructureDefinition/implementationguide-page","valueUri":"ConceptMap-HIVDCareTreatment.html"}],"reference":{"reference":"ConceptMap/HIVDCareTreatment"},"name":"ConceptMap to and from HIV.D Care-Treatment DataElements","description":"Mapping to and from HIV.D Care-Treatment Data Dictionary to other codesystems.","exampleBoolean":false,"groupingId":"-map-conceptmap"},{"extension":[{"url":"http://hl7.org/fhir/tools/StructureDefinition/resource-sort","valueInteger":999999999},{"url":"http://hl7.org/fhir/StructureDefinition/implementationguide-page","valueUri":"ConceptMap-HIV.D.HIVTB.html"}],"reference":{"reference":"ConceptMap/HIV.D.HIVTB"},"name":"ConceptMap to and from HIV.D HIV-TB DataElements","description":"Mapping to and from HIV.D HIV-TB Data Dictionary to other codesystems.","exampleBoolean":false,"groupingId":"-map-conceptmap"},{"extension":[{"url":"http://hl7.org/fhir/tools/StructureDefinition/resource-sort","valueInteger":999999999},{"url":"http://hl7.org/fhir/StructureDefinition/implementationguide-page","valueUri":"ConceptMap-HIV.EF.PMTCT.html"}],"reference":{"reference":"ConceptMap/HIV.EF.PMTCT"},"name":"ConceptMap to and from HIV.E-F PMTCT DataElements","description":"Mapping to and from HIV.E-F PMTCT Data Dictionary to other codesystems.","exampleBoolean":false,"groupingId":"-map-conceptmap"},{"extension":[{"url":"http://hl7.org/fhir/tools/StructureDefinition/resource-sort","valueInteger":999999999},{"url":"http://hl7.org/fhir/StructureDefinition/implementationguide-page","valueUri":"ConceptMap-HIVGDiagnostics.html"}],"reference":{"reference":"ConceptMap/HIVGDiagnostics"},"name":"ConceptMap to and from HIV.G Diagnostics DataElements","description":"Mapping to and from HIV.G Diagnostics Data Dictionary to other codesystems.","exampleBoolean":false,"groupingId":"-map-conceptmap"},{"extension":[{"url":"http://hl7.org/fhir/tools/StructureDefinition/resource-sort","valueInteger":999999999},{"url":"http://hl7.org/fhir/StructureDefinition/implementationguide-page","valueUri":"ConceptMap-HIVHFollowUp.html"}],"reference":{"reference":"ConceptMap/HIVHFollowUp"},"name":"ConceptMap to and from HIV.H Follow-up DataElements","description":"Mapping to and from HIV.H Follow-up Data Dictionary to other codesystems.","exampleBoolean":false,"groupingId":"-map-conceptmap"},{"extension":[{"url":"http://hl7.org/fhir/tools/StructureDefinition/resource-sort","valueInteger":999999999},{"url":"http://hl7.org/fhir/StructureDefinition/implementationguide-page","valueUri":"ConceptMap-HIVIReferral.html"}],"reference":{"reference":"ConceptMap/HIVIReferral"},"name":"ConceptMap to and from HIV.I Referral DataElements","description":"Mapping to and from HIV.I Referral Data Dictionary to other codesystems.","exampleBoolean":false,"groupingId":"-map-conceptmap"},{"extension":[{"url":"http://hl7.org/fhir/tools/StructureDefinition/resource-sort","valueInteger":999999999},{"url":"http://hl7.org/fhir/StructureDefinition/implementationguide-page","valueUri":"ConceptMap-HIV.Prevention.html"}],"reference":{"reference":"ConceptMap/HIV.Prevention"},"name":"ConceptMap to and from HIV.Prevention DataElements","description":"Mapping to and from HIV.Prevention Data Dictionary to other codesystems.","exampleBoolean":false,"groupingId":"-map-conceptmap"},{"extension":[{"url":"http://hl7.org/fhir/tools/StructureDefinition/resource-sort","valueInteger":999999999},{"url":"http://hl7.org/fhir/StructureDefinition/implementationguide-page","valueUri":"Library-f185bb76-c298-4671-9be3-ccc94c0a9868.html"}],"reference":{"reference":"Library/f185bb76-c298-4671-9be3-ccc94c0a9868"},"name":"Library: HIV.IND.27","description":"Library: HIV.IND.27 Example","exampleCanonical":"http://worldhealthorganization.github.io/smart-hiv/StructureDefinition/HIVIND27-library","groupingId":"-ex-example"}],"page":{"nameUrl":"toc.html","title":"Table of Contents","generation":"html","page":[{"nameUrl":"index.html","title":"Home","generation":"markdown","page":[{"nameUrl":"changes.html","title":"Changes","generation":"markdown"},{"nameUrl":"dependencies.html","title":"Dependencies","generation":"markdown"},{"nameUrl":"references.html","title":"References","generation":"markdown"},{"nameUrl":"adapting.html","title":"Adapting Guidelines for Country use","generation":"markdown"},{"nameUrl":"license.html","title":"License","generation":"markdown"}]},{"nameUrl":"business-requirements.html","title":"Business Requirements","generation":"markdown","page":[{"nameUrl":"concepts.html","title":"Concepts","generation":"markdown"},{"nameUrl":"personas.html","title":"Generic Personas","generation":"markdown"},{"nameUrl":"scenarios.html","title":"User Scenarios","generation":"markdown"},{"nameUrl":"business-processes.html","title":"Business Processes","generation":"markdown"},{"nameUrl":"dictionary.html","title":"Data Dictionary","generation":"markdown"},{"nameUrl":"decision-logic.html","title":"Decision-support logic","generation":"markdown"},{"nameUrl":"indicators.html","title":"Indicator and Performance Metrics","generation":"markdown"},{"nameUrl":"functional-requirements.html","title":"Functional Requirements","generation":"markdown"},{"nameUrl":"non-functional-requirements.html","title":"Non-functional Requirements","generation":"markdown"}]},{"nameUrl":"data-models-and-exchange.html","title":"Data Models and Exchange","generation":"markdown","page":[{"nameUrl":"system-actors.html","title":"System Actors","generation":"markdown"},{"nameUrl":"sequence-diagrams.html","title":"Sequence Diagrams","generation":"markdown"},{"nameUrl":"transactions.html","title":"Transactions","generation":"markdown"},{"nameUrl":"indicators-measures.html","title":"Indicators and Measures","generation":"markdown"},{"nameUrl":"codings.html","title":"Codings","generation":"markdown"}]},{"nameUrl":"deployment.html","title":"Deployment","generation":"markdown","page":[{"nameUrl":"security-privacy.html","title":"Security and Privacy Considerations","generation":"markdown"},{"nameUrl":"testing.html","title":"Testing","generation":"markdown"},{"nameUrl":"test-data.html","title":"Test Data","generation":"markdown"},{"nameUrl":"reference-implementations.html","title":"Reference Implementations","generation":"markdown"},{"nameUrl":"downloads.html","title":"Downloads","generation":"markdown"}]},{"nameUrl":"indices.html","title":"Indices","generation":"markdown","page":[{"nameUrl":"artifacts.html","title":"Artifact Index","generation":"html","page":[{"nameUrl":"StructureDefinition-HIVA.html","title":"HIV.A Registration Logical Model","generation":"generated"},{"nameUrl":"StructureDefinition-HIVB.html","title":"HIV.B HTS visit Logical Model","generation":"generated"},{"nameUrl":"StructureDefinition-HIVC.html","title":"HIV.C PrEP visit Logical Model","generation":"generated"},{"nameUrl":"StructureDefinition-HIVConfiguration.html","title":"HIV.Configuration Logical Model","generation":"generated"},{"nameUrl":"StructureDefinition-HIVD.html","title":"HIV.D Care-Treatment Logical Model","generation":"generated"},{"nameUrl":"StructureDefinition-HIVEF.html","title":"HIV.E-F PMTCT Logical Model","generation":"generated"},{"nameUrl":"StructureDefinition-HIVG.html","title":"HIV.G Diagnostics Logical Model","generation":"generated"},{"nameUrl":"StructureDefinition-HIVH.html","title":"HIV.H Follow-up Logical Model","generation":"generated"},{"nameUrl":"StructureDefinition-HIVI.html","title":"HIV.I Referral Logical Model","generation":"generated"},{"nameUrl":"StructureDefinition-HIVPrevention.html","title":"HIV.Prevention Logical Model","generation":"generated"},{"nameUrl":"StructureDefinition-HIVDTB.html","title":"HIVD HIV-TB Logical Model","generation":"generated"},{"nameUrl":"StructureDefinition-HIVIND27-library.html","title":"HIVIND27 Library","generation":"generated"},{"nameUrl":"CodeSystem-HIV.A.html","title":"HIV.A  Registration CodeSystem","generation":"generated"},{"nameUrl":"CodeSystem-HIV.B.html","title":"HIV.B HTS visit  CodeSystem","generation":"generated"},{"nameUrl":"CodeSystem-HIV.C.html","title":"HIV.C PrEP visit  CodeSystem","generation":"generated"},{"nameUrl":"CodeSystem-HIV.Configuration.html","title":"HIV.Configuration CodeSystem","generation":"generated"},{"nameUrl":"CodeSystem-HIV.D.html","title":"HIV.D  CodeSystem","generation":"generated"},{"nameUrl":"CodeSystem-HIV.EF.html","title":"HIV.E-F PMTCT  CodeSystem","generation":"generated"},{"nameUrl":"CodeSystem-HIV.G.html","title":"HIV.G Diagnostics  CodeSystem","generation":"generated"},{"nameUrl":"CodeSystem-HIV.H.html","title":"HIV.H Follow-up  CodeSystem","generation":"generated"},{"nameUrl":"CodeSystem-HIV.I.html","title":"HIV.I Referral  CodeSystem","generation":"generated"},{"nameUrl":"CodeSystem-HIV.Prevention.html","title":"HIV.Prevention  CodeSystem","generation":"generated"},{"nameUrl":"ConceptMap-HIVARegistration.html","title":"ConceptMap to and from HIV.A Registration DataElements","generation":"generated"},{"nameUrl":"ConceptMap-HIV.BHTSVisit.html","title":"ConceptMap to and from HIV.B HTS visit DataElements","generation":"generated"},{"nameUrl":"ConceptMap-HIVCPrEP.html","title":"ConceptMap to and from HIV.C PrEP visit DataElements","generation":"generated"},{"nameUrl":"ConceptMap-HIVConfiguration.html","title":"ConceptMap to and from HIV.Configuration DataElements","generation":"generated"},{"nameUrl":"ConceptMap-HIVDCareTreatment.html","title":"ConceptMap to and from HIV.D Care-Treatment DataElements","generation":"generated"},{"nameUrl":"ConceptMap-HIV.D.HIVTB.html","title":"ConceptMap to and from HIV.D HIV-TB DataElements","generation":"generated"},{"nameUrl":"ConceptMap-HIV.EF.PMTCT.html","title":"ConceptMap to and from HIV.E-F PMTCT DataElements","generation":"generated"},{"nameUrl":"ConceptMap-HIVGDiagnostics.html","title":"ConceptMap to and from HIV.G Diagnostics DataElements","generation":"generated"},{"nameUrl":"ConceptMap-HIVHFollowUp.html","title":"ConceptMap to and from HIV.H Follow-up DataElements","generation":"generated"},{"nameUrl":"ConceptMap-HIVIReferral.html","title":"ConceptMap to and from HIV.I Referral DataElements","generation":"generated"},{"nameUrl":"ConceptMap-HIV.Prevention.html","title":"ConceptMap to and from HIV.Prevention DataElements","generation":"generated"},{"nameUrl":"Library-f185bb76-c298-4671-9be3-ccc94c0a9868.html","title":"Library: HIV.IND.27","generation":"generated"}]},{"nameUrl":"maps.html","title":"Mappings","generation":"markdown"}]}]},"parameter":[{"code":"path-resource","value":"input/capabilities"},{"code":"path-resource","value":"input/examples"},{"code":"path-resource","value":"input/extensions"},{"code":"path-resource","value":"input/models"},{"code":"path-resource","value":"input/operations"},{"code":"path-resource","value":"input/profiles"},{"code":"path-resource","value":"input/resources"},{"code":"path-resource","value":"input/vocabulary"},{"code":"path-resource","value":"input/maps"},{"code":"path-resource","value":"input/testing"},{"code":"path-resource","value":"input/history"},{"code":"path-resource","value":"fsh-generated/resources"},{"code":"path-pages","value":"template/config"},{"code":"path-pages","value":"input/images"},{"code":"path-tx-cache","value":"input-cache/txcache"}]}}