{"resourceType":"PlanDefinition","id":"HIVD15DT","url":"http://fhir.org/guides/who/anc-cds/PlanDefinition/HIVD15DT","identifier":[{"use":"official","value":"HIV.D15.DT"}],"version":"0.3.0","name":"HIVD15DT","title":"HIV.D15.DT","type":{"coding":[{"system":"http://terminology.hl7.org/CodeSystem/plan-definition-type","code":"eca-rule"}]},"status":"active","experimental":false,"date":"2024-03-26T13:56:58+03:00","publisher":"World Health Organization (WHO) ","contact":[{"telecom":[{"system":"url","value":"https://www.who.int"}]}],"description":"Determine WHO clinical staging of HIV disease in adults, adolescents and children","useContext":[{"code":{"system":"http://terminology.hl7.org/CodeSystem/usage-context-type","code":"task","display":"Workflow Task"},"valueCodeableConcept":{"coding":[{"system":"http://fhir.org/guides/who/anc-cds/CodeSystem/activity-codes","code":"HIV.D15","display":"Determine clinical stage of HIV"}]}}],"jurisdiction":[{"coding":[{"system":"http://unstats.un.org/unsd/methods/m49/m49.htm","code":"001"}]}],"library":["http://fhir.org/guides/who/anc-cds/Library/HIVD15DT"],"action":[{"title":"HIV.D15.DT","trigger":[{"type":"named-event","name":"HIV.D15 Determine clinical stage of HIV"}]}]}