{"resourceType":"ValueSet","id":"hiv-d-de359","text":{"status":"extensions","div":"<div xmlns=\"http://www.w3.org/1999/xhtml\"><ul><li>Include these codes as defined in <a href=\"CodeSystem-concept-codes.html\"><code>http://fhir.org/guides/itech-uw/who-smart-hiv-dak/CodeSystem/concept-codes</code></a><table class=\"none\"><tr><td style=\"white-space:nowrap\"><b>Code</b></td><td><b>Display</b></td><td><b>Definition</b></td></tr><tr><td><a href=\"CodeSystem-concept-codes.html#concept-codes-HIV.46D.46DE359\">HIV.D.DE359</a></td><td>WHO clinical stage 1</td><td>Clinical stage at start of ART - WHO clinical stage 1</td></tr><tr><td><a href=\"CodeSystem-concept-codes.html#concept-codes-HIV.46D.46DE360\">HIV.D.DE360</a></td><td>WHO clinical stage 2</td><td>Clinical stage at start of ART - WHO clinical stage 2</td></tr><tr><td><a href=\"CodeSystem-concept-codes.html#concept-codes-HIV.46D.46DE361\">HIV.D.DE361</a></td><td>WHO clinical stage 3</td><td>Clinical stage at start of ART - WHO clinical stage 3</td></tr><tr><td><a href=\"CodeSystem-concept-codes.html#concept-codes-HIV.46D.46DE362\">HIV.D.DE362</a></td><td>WHO clinical stage 4</td><td>Clinical stage at start of ART - WHO clinical stage 4</td></tr></table></li></ul></div>"},"url":"http://fhir.org/guides/itech-uw/ValueSet/hiv-d-de359","version":"0.3.0","name":"ClinicalstageatstartofARTCodes","title":"Clinical stage at start of ART Codes","status":"draft","experimental":false,"date":"2024-05-29T19:37:49+00:00","publisher":"World Health Organization (WHO) ","contact":[{"telecom":[{"system":"url","value":"https://www.who.int"}]}],"description":"Codes representing possible values for the Clinical stage at start of ART element","jurisdiction":[{"coding":[{"system":"http://unstats.un.org/unsd/methods/m49/m49.htm","code":"001"}]}],"immutable":true,"compose":{"include":[{"system":"http://fhir.org/guides/itech-uw/who-smart-hiv-dak/CodeSystem/concept-codes","concept":[{"code":"HIV.D.DE359","display":"WHO clinical stage 1"},{"code":"HIV.D.DE360","display":"WHO clinical stage 2"},{"code":"HIV.D.DE361","display":"WHO clinical stage 3"},{"code":"HIV.D.DE362","display":"WHO clinical stage 4"}]}]}}