{"resourceType":"ValueSet","id":"hiv-c-de12","text":{"status":"extensions","div":"<div xmlns=\"http://www.w3.org/1999/xhtml\"><ul><li>Include these codes as defined in <a href=\"CodeSystem-concept-codes.html\"><code>http://fhir.org/guides/itech-uw/who-smart-hiv-dak/CodeSystem/concept-codes</code></a><table class=\"none\"><tr><td style=\"white-space:nowrap\"><b>Code</b></td><td><b>Display</b></td><td><b>Definition</b></td></tr><tr><td><a href=\"CodeSystem-concept-codes.html#concept-codes-HIV.46C.46DE12\">HIV.C.DE12</a></td><td>Daily oral PrEP</td><td>PrEP dosing type - Daily oral PrEP</td></tr><tr><td><a href=\"CodeSystem-concept-codes.html#concept-codes-HIV.46C.46DE13\">HIV.C.DE13</a></td><td>Event-driven PrEP (2+1+1)</td><td>PrEP dosing type - Event-driven PrEP (2+1+1)</td></tr><tr><td><a href=\"CodeSystem-concept-codes.html#concept-codes-HIV.46C.46DE14\">HIV.C.DE14</a></td><td>Other PrEP dosing type</td><td>PrEP dosing type - Other PrEP dosing type</td></tr></table></li></ul></div>"},"url":"http://fhir.org/guides/itech-uw/ValueSet/hiv-c-de12","version":"0.3.0","name":"PrEPdosingtypeCodes","title":"PrEP dosing type Codes","status":"draft","experimental":false,"date":"2024-05-29T20:05:57+00:00","publisher":"World Health Organization (WHO) ","contact":[{"telecom":[{"system":"url","value":"https://www.who.int"}]}],"description":"Codes representing possible values for the PrEP dosing type element","jurisdiction":[{"coding":[{"system":"http://unstats.un.org/unsd/methods/m49/m49.htm","code":"001"}]}],"immutable":true,"compose":{"include":[{"system":"http://fhir.org/guides/itech-uw/who-smart-hiv-dak/CodeSystem/concept-codes","concept":[{"code":"HIV.C.DE12","display":"Daily oral PrEP"},{"code":"HIV.C.DE13","display":"Event-driven PrEP (2+1+1)"},{"code":"HIV.C.DE14","display":"Other PrEP dosing type"}]}]}}