{"resourceType":"ValueSet","id":"hiv-d-de698","text":{"status":"extensions","div":"<div xmlns=\"http://www.w3.org/1999/xhtml\"><ul><li>Include these codes as defined in <a href=\"CodeSystem-concept-codes.html\"><code>http://fhir.org/guides/itech-uw/who-smart-hiv-dak/CodeSystem/concept-codes</code></a><table class=\"none\"><tr><td style=\"white-space:nowrap\"><b>Code</b></td><td><b>Display</b></td><td><b>Definition</b></td></tr><tr><td><a href=\"CodeSystem-concept-codes.html#concept-codes-HIV.46D.46DE698\">HIV.D.DE698</a></td><td>Normal</td><td>Cervical cancer histopathology result - Normal</td></tr><tr><td><a href=\"CodeSystem-concept-codes.html#concept-codes-HIV.46D.46DE699\">HIV.D.DE699</a></td><td>LSIL (inclusive of LSIL-CIN1)</td><td>Cervical cancer histopathology result - LSIL (inclusive of LSIL-CIN1)</td></tr><tr><td><a href=\"CodeSystem-concept-codes.html#concept-codes-HIV.46D.46DE700\">HIV.D.DE700</a></td><td>HSIL (inclusive of HSIL-CIN2 or HSIL-CIN3)</td><td>Cervical cancer histopathology result - HSIL (inclusive of HSIL-CIN2 or HSIL-CIN3)</td></tr><tr><td><a href=\"CodeSystem-concept-codes.html#concept-codes-HIV.46D.46DE701\">HIV.D.DE701</a></td><td>Invasive cervical cancer</td><td>Cervical cancer histopathology result - Invasive cervical cancer</td></tr></table></li></ul></div>"},"url":"http://fhir.org/guides/itech-uw/ValueSet/hiv-d-de698","version":"0.3.0","name":"CervicalcancerhistopathologyresultCodes","title":"Cervical cancer histopathology result Codes","status":"draft","experimental":false,"date":"2024-05-28T18:56:02+00:00","publisher":"World Health Organization (WHO) ","contact":[{"telecom":[{"system":"url","value":"https://www.who.int"}]}],"description":"Codes representing possible values for the Cervical cancer histopathology result element","jurisdiction":[{"coding":[{"system":"http://unstats.un.org/unsd/methods/m49/m49.htm","code":"001"}]}],"immutable":true,"compose":{"include":[{"system":"http://fhir.org/guides/itech-uw/who-smart-hiv-dak/CodeSystem/concept-codes","concept":[{"code":"HIV.D.DE698","display":"Normal"},{"code":"HIV.D.DE699","display":"LSIL (inclusive of LSIL-CIN1)"},{"code":"HIV.D.DE700","display":"HSIL (inclusive of HSIL-CIN2 or HSIL-CIN3)"},{"code":"HIV.D.DE701","display":"Invasive cervical cancer"}]}]}}