{"resourceType":"ValueSet","id":"hiv-d-de519","text":{"status":"extensions","div":"<div xmlns=\"http://www.w3.org/1999/xhtml\"><ul><li>Include these codes as defined in <a href=\"CodeSystem-concept-codes.html\"><code>http://fhir.org/guides/itech-uw/who-smart-hiv-dak/CodeSystem/concept-codes</code></a><table class=\"none\"><tr><td style=\"white-space:nowrap\"><b>Code</b></td><td><b>Display</b></td><td><b>Definition</b></td></tr><tr><td><a href=\"CodeSystem-concept-codes.html#concept-codes-HIV.46D.46DE519\">HIV.D.DE519</a></td><td>Currently taking</td><td>Medication status - Currently taking</td></tr><tr><td><a href=\"CodeSystem-concept-codes.html#concept-codes-HIV.46D.46DE520\">HIV.D.DE520</a></td><td>Completed</td><td>Medication status - Completed</td></tr><tr><td><a href=\"CodeSystem-concept-codes.html#concept-codes-HIV.46D.46DE521\">HIV.D.DE521</a></td><td>Entered in error</td><td>Medication status - Entered in error</td></tr><tr><td><a href=\"CodeSystem-concept-codes.html#concept-codes-HIV.46D.46DE522\">HIV.D.DE522</a></td><td>Intended</td><td>Medication status - Intended</td></tr><tr><td><a href=\"CodeSystem-concept-codes.html#concept-codes-HIV.46D.46DE523\">HIV.D.DE523</a></td><td>Stopped</td><td>Medication status - Stopped</td></tr><tr><td><a href=\"CodeSystem-concept-codes.html#concept-codes-HIV.46D.46DE524\">HIV.D.DE524</a></td><td>On hold</td><td>Medication status - On hold</td></tr><tr><td><a href=\"CodeSystem-concept-codes.html#concept-codes-HIV.46D.46DE525\">HIV.D.DE525</a></td><td>Unknown</td><td>Medication status - Unknown</td></tr><tr><td><a href=\"CodeSystem-concept-codes.html#concept-codes-HIV.46D.46DE526\">HIV.D.DE526</a></td><td>Did not take</td><td>Medication status - Did not take</td></tr></table></li></ul></div>"},"url":"http://fhir.org/guides/itech-uw/ValueSet/hiv-d-de519","version":"0.3.0","name":"MedicationstatusCodes","title":"Medication status Codes","status":"draft","experimental":false,"date":"2024-03-05T18:24:53+00:00","publisher":"World Health Organization (WHO) ","contact":[{"telecom":[{"system":"url","value":"https://www.who.int"}]}],"description":"Codes representing possible values for the Medication status element","jurisdiction":[{"coding":[{"system":"http://unstats.un.org/unsd/methods/m49/m49.htm","code":"001"}]}],"immutable":true,"compose":{"include":[{"system":"http://fhir.org/guides/itech-uw/who-smart-hiv-dak/CodeSystem/concept-codes","concept":[{"code":"HIV.D.DE519","display":"Currently taking"},{"code":"HIV.D.DE520","display":"Completed"},{"code":"HIV.D.DE521","display":"Entered in error"},{"code":"HIV.D.DE522","display":"Intended"},{"code":"HIV.D.DE523","display":"Stopped"},{"code":"HIV.D.DE524","display":"On hold"},{"code":"HIV.D.DE525","display":"Unknown"},{"code":"HIV.D.DE526","display":"Did not take"}]}]}}