{"resourceType":"ValueSet","id":"hiv-b-de9","text":{"status":"extensions","div":"<div xmlns=\"http://www.w3.org/1999/xhtml\"><ul><li>Include these codes as defined in <a href=\"CodeSystem-concept-codes.html\"><code>http://fhir.org/guides/itech-uw/who-smart-hiv-dak/CodeSystem/concept-codes</code></a><table class=\"none\"><tr><td style=\"white-space:nowrap\"><b>Code</b></td><td><b>Display</b></td><td><b>Definition</b></td></tr><tr><td><a href=\"CodeSystem-concept-codes.html#concept-codes-HIV.46B.46DE9\">HIV.B.DE9</a></td><td>Biological child</td><td>Type of contact or partner for partner services - Biological child</td></tr><tr><td><a href=\"CodeSystem-concept-codes.html#concept-codes-HIV.46B.46DE10\">HIV.B.DE10</a></td><td>Drug-injecting partner</td><td>Type of contact or partner for partner services - Drug-injecting partner</td></tr><tr><td><a href=\"CodeSystem-concept-codes.html#concept-codes-HIV.46B.46DE11\">HIV.B.DE11</a></td><td>Sexual partner</td><td>Type of contact or partner for partner services - Sexual partner</td></tr><tr><td><a href=\"CodeSystem-concept-codes.html#concept-codes-HIV.46B.46DE12\">HIV.B.DE12</a></td><td>Social contact</td><td>Type of contact or partner for partner services - Social contact</td></tr></table></li></ul></div>"},"url":"http://fhir.org/guides/itech-uw/ValueSet/hiv-b-de9","version":"0.3.0","name":"TypeofcontactorpartnerforpartnerservicesCodes","title":"Type of contact or partner for partner services Codes","status":"draft","experimental":false,"date":"2024-05-28T18:56:02+00:00","publisher":"World Health Organization (WHO) ","contact":[{"telecom":[{"system":"url","value":"https://www.who.int"}]}],"description":"Codes representing possible values for the Type of contact or partner for partner services element","jurisdiction":[{"coding":[{"system":"http://unstats.un.org/unsd/methods/m49/m49.htm","code":"001"}]}],"immutable":true,"compose":{"include":[{"system":"http://fhir.org/guides/itech-uw/who-smart-hiv-dak/CodeSystem/concept-codes","concept":[{"code":"HIV.B.DE9","display":"Biological child"},{"code":"HIV.B.DE10","display":"Drug-injecting partner"},{"code":"HIV.B.DE11","display":"Sexual partner"},{"code":"HIV.B.DE12","display":"Social contact"}]}]}}