{"resourceType":"ValueSet","id":"hiv-b-de313","text":{"status":"extensions","div":"<div xmlns=\"http://www.w3.org/1999/xhtml\"><ul><li>Include these codes as defined in <a href=\"CodeSystem-concept-codes.html\"><code>http://fhir.org/guides/itech-uw/who-smart-hiv-dak/CodeSystem/concept-codes</code></a><table class=\"none\"><tr><td style=\"white-space:nowrap\"><b>Code</b></td><td><b>Display</b></td><td><b>Definition</b></td></tr><tr><td><a href=\"CodeSystem-concept-codes.html#concept-codes-HIV.46B.46DE313\">HIV.B.DE313</a></td><td>Positive</td><td>STI test result - Positive</td></tr><tr><td><a href=\"CodeSystem-concept-codes.html#concept-codes-HIV.46B.46DE314\">HIV.B.DE314</a></td><td>Negative</td><td>STI test result - Negative</td></tr><tr><td><a href=\"CodeSystem-concept-codes.html#concept-codes-HIV.46B.46DE315\">HIV.B.DE315</a></td><td>Inconclusive</td><td>STI test result - Inconclusive</td></tr><tr><td><a href=\"CodeSystem-concept-codes.html#concept-codes-HIV.46D.46DE865\">HIV.D.DE865</a></td><td>Positive</td><td>STI test result - Positive</td></tr><tr><td><a href=\"CodeSystem-concept-codes.html#concept-codes-HIV.46D.46DE866\">HIV.D.DE866</a></td><td>Negative</td><td>STI test result - Negative</td></tr><tr><td><a href=\"CodeSystem-concept-codes.html#concept-codes-HIV.46D.46DE867\">HIV.D.DE867</a></td><td>Inconclusive</td><td>STI test result - Inconclusive</td></tr></table></li></ul></div>"},"url":"http://fhir.org/guides/itech-uw/ValueSet/hiv-b-de313","version":"0.3.0","name":"STItestresultCodes","title":"STI test result Codes","status":"draft","experimental":false,"date":"2024-05-29T19:37:49+00:00","publisher":"World Health Organization (WHO) ","contact":[{"telecom":[{"system":"url","value":"https://www.who.int"}]}],"description":"Codes representing possible values for the STI test result element","jurisdiction":[{"coding":[{"system":"http://unstats.un.org/unsd/methods/m49/m49.htm","code":"001"}]}],"immutable":true,"compose":{"include":[{"system":"http://fhir.org/guides/itech-uw/who-smart-hiv-dak/CodeSystem/concept-codes","concept":[{"code":"HIV.B.DE313","display":"Positive"},{"code":"HIV.B.DE314","display":"Negative"},{"code":"HIV.B.DE315","display":"Inconclusive"},{"code":"HIV.D.DE865","display":"Positive"},{"code":"HIV.D.DE866","display":"Negative"},{"code":"HIV.D.DE867","display":"Inconclusive"}]}]}}