{"resourceType":"ValueSet","id":"hiv-c-de37","text":{"status":"extensions","div":"<div xmlns=\"http://www.w3.org/1999/xhtml\"><ul><li>Include these codes as defined in <a href=\"CodeSystem-concept-codes.html\"><code>http://fhir.org/guides/itech-uw/who-smart-hiv-dak/CodeSystem/concept-codes</code></a><table class=\"none\"><tr><td style=\"white-space:nowrap\"><b>Code</b></td><td><b>Display</b></td><td><b>Definition</b></td></tr><tr><td><a href=\"CodeSystem-concept-codes.html#concept-codes-HIV.46C.46DE37\">HIV.C.DE37</a></td><td>Yes, I want to become pregnant</td><td>Pregnancy intention - Yes, I want to become pregnant</td></tr><tr><td><a href=\"CodeSystem-concept-codes.html#concept-codes-HIV.46C.46DE38\">HIV.C.DE38</a></td><td>I'm OK either way</td><td>Pregnancy intention - I'm OK either way</td></tr><tr><td><a href=\"CodeSystem-concept-codes.html#concept-codes-HIV.46C.46DE39\">HIV.C.DE39</a></td><td>No, I don't want to become pregnant</td><td>Pregnancy intention - No, I don't want to become pregnant</td></tr><tr><td><a href=\"CodeSystem-concept-codes.html#concept-codes-HIV.46C.46DE40\">HIV.C.DE40</a></td><td>Unsure</td><td>Pregnancy intention - Unsure</td></tr></table></li></ul></div>"},"url":"http://fhir.org/guides/itech-uw/ValueSet/hiv-c-de37","version":"0.3.0","name":"PregnancyintentionCodes","title":"Pregnancy intention Codes","status":"draft","experimental":false,"date":"2024-03-05T18:24:53+00:00","publisher":"World Health Organization (WHO) ","contact":[{"telecom":[{"system":"url","value":"https://www.who.int"}]}],"description":"Codes representing possible values for the Pregnancy intention element","jurisdiction":[{"coding":[{"system":"http://unstats.un.org/unsd/methods/m49/m49.htm","code":"001"}]}],"immutable":true,"compose":{"include":[{"system":"http://fhir.org/guides/itech-uw/who-smart-hiv-dak/CodeSystem/concept-codes","concept":[{"code":"HIV.C.DE37","display":"Yes, I want to become pregnant"},{"code":"HIV.C.DE38","display":"I'm OK either way"},{"code":"HIV.C.DE39","display":"No, I don't want to become pregnant"},{"code":"HIV.C.DE40","display":"Unsure"}]}]}}