{"resourceType":"ValueSet","id":"hiv-d-de765","text":{"status":"extensions","div":"<div xmlns=\"http://www.w3.org/1999/xhtml\"><ul><li>Include these codes as defined in <a href=\"CodeSystem-concept-codes.html\"><code>http://fhir.org/guides/itech-uw/who-smart-hiv-dak/CodeSystem/concept-codes</code></a><table class=\"none\"><tr><td style=\"white-space:nowrap\"><b>Code</b></td><td><b>Display</b></td><td><b>Definition</b></td></tr><tr><td><a href=\"CodeSystem-concept-codes.html#concept-codes-HIV.46D.46DE765\">HIV.D.DE765</a></td><td>Fast track ART refill</td><td>DSD ART model(s) - Fast track ART refill</td></tr><tr><td><a href=\"CodeSystem-concept-codes.html#concept-codes-HIV.46D.46DE766\">HIV.D.DE766</a></td><td>Facility adherence club</td><td>DSD ART model(s) - Facility adherence club</td></tr><tr><td><a href=\"CodeSystem-concept-codes.html#concept-codes-HIV.46D.46DE767\">HIV.D.DE767</a></td><td>Community ART distribution point</td><td>DSD ART model(s) - Community ART distribution point</td></tr><tr><td><a href=\"CodeSystem-concept-codes.html#concept-codes-HIV.46D.46DE768\">HIV.D.DE768</a></td><td>CHW/peer educator community ART group</td><td>DSD ART model(s) - CHW/peer educator community ART group</td></tr><tr><td><a href=\"CodeSystem-concept-codes.html#concept-codes-HIV.46D.46DE769\">HIV.D.DE769</a></td><td>Patient/client community ART group</td><td>DSD ART model(s) - Patient/client community ART group</td></tr><tr><td><a href=\"CodeSystem-concept-codes.html#concept-codes-HIV.46D.46DE770\">HIV.D.DE770</a></td><td>Other DSD ART model</td><td>DSD ART model(s) - Other DSD ART model</td></tr></table></li></ul></div>"},"url":"http://fhir.org/guides/itech-uw/ValueSet/hiv-d-de765","version":"0.3.0","name":"DSDARTmodelsCodes","title":"DSD ART model(s) Codes","status":"draft","experimental":false,"date":"2024-05-29T20:05:57+00:00","publisher":"World Health Organization (WHO) ","contact":[{"telecom":[{"system":"url","value":"https://www.who.int"}]}],"description":"Codes representing possible values for the DSD ART model(s) element","jurisdiction":[{"coding":[{"system":"http://unstats.un.org/unsd/methods/m49/m49.htm","code":"001"}]}],"immutable":true,"compose":{"include":[{"system":"http://fhir.org/guides/itech-uw/who-smart-hiv-dak/CodeSystem/concept-codes","concept":[{"code":"HIV.D.DE765","display":"Fast track ART refill"},{"code":"HIV.D.DE766","display":"Facility adherence club"},{"code":"HIV.D.DE767","display":"Community ART distribution point"},{"code":"HIV.D.DE768","display":"CHW/peer educator community ART group"},{"code":"HIV.D.DE769","display":"Patient/client community ART group"},{"code":"HIV.D.DE770","display":"Other DSD ART model"}]}]}}