{"resourceType":"ValueSet","id":"hiv-h-de24","text":{"status":"extensions","div":"<div xmlns=\"http://www.w3.org/1999/xhtml\"><ul><li>Include these codes as defined in <a href=\"CodeSystem-concept-codes.html\"><code>http://fhir.org/guides/itech-uw/who-smart-hiv-dak/CodeSystem/concept-codes</code></a><table class=\"none\"><tr><td style=\"white-space:nowrap\"><b>Code</b></td><td><b>Display</b></td><td><b>Definition</b></td></tr><tr><td><a href=\"CodeSystem-concept-codes.html#concept-codes-HIV.46H.46DE24\">HIV.H.DE24</a></td><td>Returning to clinic</td><td>Outcome from outreach attempt - Returning to clinic</td></tr><tr><td><a href=\"CodeSystem-concept-codes.html#concept-codes-HIV.46H.46DE25\">HIV.H.DE25</a></td><td>Self-transferred out</td><td>Outcome from outreach attempt - Self-transferred out</td></tr><tr><td><a href=\"CodeSystem-concept-codes.html#concept-codes-HIV.46H.46DE26\">HIV.H.DE26</a></td><td>Hospitalized</td><td>Outcome from outreach attempt - Hospitalized</td></tr><tr><td><a href=\"CodeSystem-concept-codes.html#concept-codes-HIV.46H.46DE27\">HIV.H.DE27</a></td><td>Refused to return</td><td>Outcome from outreach attempt - Refused to return</td></tr><tr><td><a href=\"CodeSystem-concept-codes.html#concept-codes-HIV.46H.46DE28\">HIV.H.DE28</a></td><td>Not located</td><td>Outcome from outreach attempt - Not located</td></tr><tr><td><a href=\"CodeSystem-concept-codes.html#concept-codes-HIV.46H.46DE29\">HIV.H.DE29</a></td><td>Died (reported)</td><td>Outcome from outreach attempt - Died (reported)</td></tr></table></li></ul></div>"},"url":"http://fhir.org/guides/itech-uw/ValueSet/hiv-h-de24","version":"0.3.0","name":"OutcomefromoutreachattemptCodes","title":"Outcome from outreach attempt Codes","status":"draft","experimental":false,"date":"2024-05-29T20:05:57+00:00","publisher":"World Health Organization (WHO) ","contact":[{"telecom":[{"system":"url","value":"https://www.who.int"}]}],"description":"Codes representing possible values for the Outcome from outreach attempt element","jurisdiction":[{"coding":[{"system":"http://unstats.un.org/unsd/methods/m49/m49.htm","code":"001"}]}],"immutable":true,"compose":{"include":[{"system":"http://fhir.org/guides/itech-uw/who-smart-hiv-dak/CodeSystem/concept-codes","concept":[{"code":"HIV.H.DE24","display":"Returning to clinic"},{"code":"HIV.H.DE25","display":"Self-transferred out"},{"code":"HIV.H.DE26","display":"Hospitalized"},{"code":"HIV.H.DE27","display":"Refused to return"},{"code":"HIV.H.DE28","display":"Not located"},{"code":"HIV.H.DE29","display":"Died (reported)"}]}]}}