{"resourceType":"ValueSet","id":"hiv-d-de107","text":{"status":"extensions","div":"<div xmlns=\"http://www.w3.org/1999/xhtml\"><ul><li>Include these codes as defined in <a href=\"CodeSystem-concept-codes.html\"><code>http://fhir.org/guides/itech-uw/who-smart-hiv-dak/CodeSystem/concept-codes</code></a><table class=\"none\"><tr><td style=\"white-space:nowrap\"><b>Code</b></td><td><b>Display</b></td><td><b>Definition</b></td></tr><tr><td><a href=\"CodeSystem-concept-codes.html#concept-codes-HIV.46D.46DE107\">HIV.D.DE107</a></td><td>ABC + 3TC + DTG</td><td>First-line ART regimen for children - ABC + 3TC + DTG</td></tr><tr><td><a href=\"CodeSystem-concept-codes.html#concept-codes-HIV.46D.46DE108\">HIV.D.DE108</a></td><td>ABC + 3TC + LPV/r</td><td>First-line ART regimen for children - ABC + 3TC + LPV/r</td></tr><tr><td><a href=\"CodeSystem-concept-codes.html#concept-codes-HIV.46D.46DE109\">HIV.D.DE109</a></td><td>ABC + 3TC + RAL</td><td>First-line ART regimen for children - ABC + 3TC + RAL</td></tr><tr><td><a href=\"CodeSystem-concept-codes.html#concept-codes-HIV.46D.46DE110\">HIV.D.DE110</a></td><td>TAF + 3TC + DTG</td><td>First-line ART regimen for children - TAF + 3TC + DTG</td></tr><tr><td><a href=\"CodeSystem-concept-codes.html#concept-codes-HIV.46D.46DE111\">HIV.D.DE111</a></td><td>TAF + FTC + DTG</td><td>First-line ART regimen for children - TAF + FTC + DTG</td></tr></table></li></ul></div>"},"url":"http://fhir.org/guides/itech-uw/ValueSet/hiv-d-de107","version":"0.3.0","name":"FirstlineARTregimenforchildrenCodes","title":"First-line ART regimen for children Codes","status":"draft","experimental":false,"date":"2024-03-05T18:24:53+00:00","publisher":"World Health Organization (WHO) ","contact":[{"telecom":[{"system":"url","value":"https://www.who.int"}]}],"description":"Codes representing possible values for the First-line ART regimen for children element","jurisdiction":[{"coding":[{"system":"http://unstats.un.org/unsd/methods/m49/m49.htm","code":"001"}]}],"immutable":true,"compose":{"include":[{"system":"http://fhir.org/guides/itech-uw/who-smart-hiv-dak/CodeSystem/concept-codes","concept":[{"code":"HIV.D.DE107","display":"ABC + 3TC + DTG"},{"code":"HIV.D.DE108","display":"ABC + 3TC + LPV/r"},{"code":"HIV.D.DE109","display":"ABC + 3TC + RAL"},{"code":"HIV.D.DE110","display":"TAF + 3TC + DTG"},{"code":"HIV.D.DE111","display":"TAF + FTC + DTG"}]}]}}