{"resourceType":"ValueSet","id":"hiv-h-de2","text":{"status":"extensions","div":"<div xmlns=\"http://www.w3.org/1999/xhtml\"><ul><li>Include these codes as defined in <a href=\"CodeSystem-concept-codes.html\"><code>http://fhir.org/guides/itech-uw/who-smart-hiv-dak/CodeSystem/concept-codes</code></a><table class=\"none\"><tr><td style=\"white-space:nowrap\"><b>Code</b></td><td><b>Display</b></td><td><b>Definition</b></td></tr><tr><td><a href=\"CodeSystem-concept-codes.html#concept-codes-HIV.46H.46DE2\">HIV.H.DE2</a></td><td>Missed care visit</td><td>Reason for follow-up - Missed care visit</td></tr><tr><td><a href=\"CodeSystem-concept-codes.html#concept-codes-HIV.46H.46DE3\">HIV.H.DE3</a></td><td>Missed medication pickup</td><td>Reason for follow-up - Missed medication pickup</td></tr><tr><td><a href=\"CodeSystem-concept-codes.html#concept-codes-HIV.46H.46DE4\">HIV.H.DE4</a></td><td>Did not initiate ART</td><td>Reason for follow-up - Did not initiate ART</td></tr><tr><td><a href=\"CodeSystem-concept-codes.html#concept-codes-HIV.46H.46DE5\">HIV.H.DE5</a></td><td>Incomplete visit</td><td>Reason for follow-up - Incomplete visit</td></tr><tr><td><a href=\"CodeSystem-concept-codes.html#concept-codes-HIV.46H.46DE6\">HIV.H.DE6</a></td><td>Inconclusive HIV status</td><td>Reason for follow-up - Inconclusive HIV status</td></tr><tr><td><a href=\"CodeSystem-concept-codes.html#concept-codes-HIV.46H.46DE7\">HIV.H.DE7</a></td><td>Test results received</td><td>Reason for follow-up - Test results received</td></tr><tr><td><a href=\"CodeSystem-concept-codes.html#concept-codes-HIV.46H.46DE8\">HIV.H.DE8</a></td><td>Other follow-up reason (specify)</td><td>Reason for follow-up - Other follow-up reason (specify)</td></tr></table></li></ul></div>"},"url":"http://fhir.org/guides/itech-uw/ValueSet/hiv-h-de2","version":"0.3.0","name":"ReasonforfollowupCodes","title":"Reason for follow-up Codes","status":"draft","experimental":false,"date":"2024-03-05T18:24:53+00:00","publisher":"World Health Organization (WHO) ","contact":[{"telecom":[{"system":"url","value":"https://www.who.int"}]}],"description":"Codes representing possible values for the Reason for follow-up element","jurisdiction":[{"coding":[{"system":"http://unstats.un.org/unsd/methods/m49/m49.htm","code":"001"}]}],"immutable":true,"compose":{"include":[{"system":"http://fhir.org/guides/itech-uw/who-smart-hiv-dak/CodeSystem/concept-codes","concept":[{"code":"HIV.H.DE2","display":"Missed care visit"},{"code":"HIV.H.DE3","display":"Missed medication pickup"},{"code":"HIV.H.DE4","display":"Did not initiate ART"},{"code":"HIV.H.DE5","display":"Incomplete visit"},{"code":"HIV.H.DE6","display":"Inconclusive HIV status"},{"code":"HIV.H.DE7","display":"Test results received"},{"code":"HIV.H.DE8","display":"Other follow-up reason (specify)"}]}]}}