{"resourceType":"ValueSet","id":"hiv-a-de26","text":{"status":"extensions","div":"<div xmlns=\"http://www.w3.org/1999/xhtml\"><ul><li>Include these codes as defined in <a href=\"CodeSystem-concept-codes.html\"><code>http://fhir.org/guides/itech-uw/who-smart-hiv-dak/CodeSystem/concept-codes</code></a><table class=\"none\"><tr><td style=\"white-space:nowrap\"><b>Code</b></td><td><b>Display</b></td><td><b>Definition</b></td></tr><tr><td><a href=\"CodeSystem-concept-codes.html#concept-codes-HIV.46A.46DE26\">HIV.A.DE26</a></td><td>Female</td><td>Sex - Female</td></tr><tr><td><a href=\"CodeSystem-concept-codes.html#concept-codes-HIV.46A.46DE27\">HIV.A.DE27</a></td><td>Male</td><td>Sex - Male</td></tr><tr><td><a href=\"CodeSystem-concept-codes.html#concept-codes-HIV.46A.46DE28\">HIV.A.DE28</a></td><td>Other</td><td>Sex - Other</td></tr></table></li></ul></div>"},"url":"http://fhir.org/guides/itech-uw/ValueSet/hiv-a-de26","version":"0.3.0","name":"SexCodes","title":"Sex Codes","status":"draft","experimental":false,"date":"2024-05-29T20:05:57+00:00","publisher":"World Health Organization (WHO) ","contact":[{"telecom":[{"system":"url","value":"https://www.who.int"}]}],"description":"Codes representing possible values for the Sex element","jurisdiction":[{"coding":[{"system":"http://unstats.un.org/unsd/methods/m49/m49.htm","code":"001"}]}],"immutable":true,"compose":{"include":[{"system":"http://fhir.org/guides/itech-uw/who-smart-hiv-dak/CodeSystem/concept-codes","concept":[{"code":"HIV.A.DE26","display":"Female"},{"code":"HIV.A.DE27","display":"Male"},{"code":"HIV.A.DE28","display":"Other"}]}]}}