{"resourceType":"ValueSet","id":"hiv-c-de96","text":{"status":"extensions","div":"<div xmlns=\"http://www.w3.org/1999/xhtml\"><ul><li>Include these codes as defined in <a href=\"CodeSystem-concept-codes.html\"><code>http://fhir.org/guides/itech-uw/who-smart-hiv-dak/CodeSystem/concept-codes</code></a><table class=\"none\"><tr><td style=\"white-space:nowrap\"><b>Code</b></td><td><b>Display</b></td><td><b>Definition</b></td></tr><tr><td><a href=\"CodeSystem-concept-codes.html#concept-codes-HIV.46C.46DE96\">HIV.C.DE96</a></td><td>ABC + 3TC</td><td>Alternative PEP backbone regimen - ABC + 3TC</td></tr><tr><td><a href=\"CodeSystem-concept-codes.html#concept-codes-HIV.46C.46DE97\">HIV.C.DE97</a></td><td>TDF + 3TC</td><td>Alternative PEP backbone regimen - TDF + 3TC</td></tr><tr><td><a href=\"CodeSystem-concept-codes.html#concept-codes-HIV.46C.46DE98\">HIV.C.DE98</a></td><td>TDF + FTC</td><td>Alternative PEP backbone regimen - TDF + FTC</td></tr></table></li></ul></div>"},"url":"http://fhir.org/guides/itech-uw/ValueSet/hiv-c-de96","version":"0.3.0","name":"AlternativePEPbackboneregimenCodes","title":"Alternative PEP backbone regimen Codes","status":"draft","experimental":false,"date":"2024-05-29T20:05:57+00:00","publisher":"World Health Organization (WHO) ","contact":[{"telecom":[{"system":"url","value":"https://www.who.int"}]}],"description":"Codes representing possible values for the Alternative PEP backbone regimen element","jurisdiction":[{"coding":[{"system":"http://unstats.un.org/unsd/methods/m49/m49.htm","code":"001"}]}],"immutable":true,"compose":{"include":[{"system":"http://fhir.org/guides/itech-uw/who-smart-hiv-dak/CodeSystem/concept-codes","concept":[{"code":"HIV.C.DE96","display":"ABC + 3TC"},{"code":"HIV.C.DE97","display":"TDF + 3TC"},{"code":"HIV.C.DE98","display":"TDF + FTC"}]}]}}