{"resourceType":"ValueSet","id":"hiv-b-de103","text":{"status":"extensions","div":"<div xmlns=\"http://www.w3.org/1999/xhtml\"><ul><li>Include these codes as defined in <a href=\"CodeSystem-concept-codes.html\"><code>http://fhir.org/guides/itech-uw/who-smart-hiv-dak/CodeSystem/concept-codes</code></a><table class=\"none\"><tr><td style=\"white-space:nowrap\"><b>Code</b></td><td><b>Display</b></td><td><b>Definition</b></td></tr><tr><td><a href=\"CodeSystem-concept-codes.html#concept-codes-HIV.46B.46DE103\">HIV.B.DE103</a></td><td>Reactive</td><td>Test result of HIV assay 1 repeated - Reactive</td></tr><tr><td><a href=\"CodeSystem-concept-codes.html#concept-codes-HIV.46B.46DE104\">HIV.B.DE104</a></td><td>Non-reactive</td><td>Test result of HIV assay 1 repeated - Non-reactive</td></tr><tr><td><a href=\"CodeSystem-concept-codes.html#concept-codes-HIV.46E.46DE129\">HIV.E.DE129</a></td><td>Reactive</td><td>Test result of HIV assay 1 repeated - Reactive</td></tr><tr><td><a href=\"CodeSystem-concept-codes.html#concept-codes-HIV.46E.46DE130\">HIV.E.DE130</a></td><td>Non-reactive</td><td>Test result of HIV assay 1 repeated - Non-reactive</td></tr></table></li></ul></div>"},"url":"http://fhir.org/guides/itech-uw/ValueSet/hiv-b-de103","version":"0.3.0","name":"TestresultofHIVassay1repeatedCodes","title":"Test result of HIV assay 1 repeated Codes","status":"draft","experimental":false,"date":"2024-03-05T18:24:53+00:00","publisher":"World Health Organization (WHO) ","contact":[{"telecom":[{"system":"url","value":"https://www.who.int"}]}],"description":"Codes representing possible values for the Test result of HIV assay 1 repeated element","jurisdiction":[{"coding":[{"system":"http://unstats.un.org/unsd/methods/m49/m49.htm","code":"001"}]}],"immutable":true,"compose":{"include":[{"system":"http://fhir.org/guides/itech-uw/who-smart-hiv-dak/CodeSystem/concept-codes","concept":[{"code":"HIV.B.DE103","display":"Reactive"},{"code":"HIV.B.DE104","display":"Non-reactive"},{"code":"HIV.E.DE129","display":"Reactive"},{"code":"HIV.E.DE130","display":"Non-reactive"}]}]}}