{"resourceType":"ValueSet","id":"hiv-b-de23","text":{"status":"extensions","div":"<div xmlns=\"http://www.w3.org/1999/xhtml\"><ul><li>Include these codes as defined in <a href=\"CodeSystem-concept-codes.html\"><code>http://fhir.org/guides/itech-uw/who-smart-hiv-dak/CodeSystem/concept-codes</code></a><table class=\"none\"><tr><td style=\"white-space:nowrap\"><b>Code</b></td><td><b>Display</b></td><td><b>Definition</b></td></tr><tr><td><a href=\"CodeSystem-concept-codes.html#concept-codes-HIV.46B.46DE23\">HIV.B.DE23</a></td><td>Provider-initiated tested in a clinic or emergency facility</td><td>Entry point for facility-level testing - Provider-initiated tested in a clinic or emergency facility</td></tr><tr><td><a href=\"CodeSystem-concept-codes.html#concept-codes-HIV.46B.46DE24\">HIV.B.DE24</a></td><td>Antenatal care clinic</td><td>Entry point for facility-level testing - Antenatal care clinic</td></tr><tr><td><a href=\"CodeSystem-concept-codes.html#concept-codes-HIV.46B.46DE25\">HIV.B.DE25</a></td><td>Voluntary counselling and testing (within a health facility setting)</td><td>Entry point for facility-level testing - Voluntary counselling and testing (within a health facility setting)</td></tr><tr><td><a href=\"CodeSystem-concept-codes.html#concept-codes-HIV.46B.46DE26\">HIV.B.DE26</a></td><td>Family planning clinic</td><td>Entry point for facility-level testing - Family planning clinic</td></tr><tr><td><a href=\"CodeSystem-concept-codes.html#concept-codes-HIV.46B.46DE27\">HIV.B.DE27</a></td><td>Other facility-level testing</td><td>Entry point for facility-level testing - Other facility-level testing</td></tr><tr><td><a href=\"CodeSystem-concept-codes.html#concept-codes-HIV.46B.46DE28\">HIV.B.DE28</a></td><td>Tuberculosis (TB) clinic</td><td>Entry point for facility-level testing - Tuberculosis (TB) clinic</td></tr><tr><td><a href=\"CodeSystem-concept-codes.html#concept-codes-HIV.46D.46DE747\">HIV.D.DE747</a></td><td>Provider-initiated tested in a clinic or emergency facility</td><td>Entry point for facility-level testing - Provider-initiated tested in a clinic or emergency facility</td></tr><tr><td><a href=\"CodeSystem-concept-codes.html#concept-codes-HIV.46D.46DE748\">HIV.D.DE748</a></td><td>Antenatal care clinic</td><td>Entry point for facility-level testing - Antenatal care clinic</td></tr><tr><td><a href=\"CodeSystem-concept-codes.html#concept-codes-HIV.46D.46DE749\">HIV.D.DE749</a></td><td>Voluntary counselling and testing (within a health facility setting)</td><td>Entry point for facility-level testing - Voluntary counselling and testing (within a health facility setting)</td></tr><tr><td><a href=\"CodeSystem-concept-codes.html#concept-codes-HIV.46D.46DE750\">HIV.D.DE750</a></td><td>Family planning clinic</td><td>Entry point for facility-level testing - Family planning clinic</td></tr><tr><td><a href=\"CodeSystem-concept-codes.html#concept-codes-HIV.46D.46DE751\">HIV.D.DE751</a></td><td>Other facility-level testing</td><td>Entry point for facility-level testing - Other facility-level testing</td></tr><tr><td><a href=\"CodeSystem-concept-codes.html#concept-codes-HIV.46D.46DE752\">HIV.D.DE752</a></td><td>Tuberculosis (TB) clinic</td><td>Entry point for facility-level testing - Tuberculosis (TB) clinic</td></tr></table></li></ul></div>"},"url":"http://fhir.org/guides/itech-uw/ValueSet/hiv-b-de23","version":"0.3.0","name":"EntrypointforfacilityleveltestingCodes","title":"Entry point for facility-level testing Codes","status":"draft","experimental":false,"date":"2024-05-29T20:05:57+00:00","publisher":"World Health Organization (WHO) ","contact":[{"telecom":[{"system":"url","value":"https://www.who.int"}]}],"description":"Codes representing possible values for the Entry point for facility-level testing element","jurisdiction":[{"coding":[{"system":"http://unstats.un.org/unsd/methods/m49/m49.htm","code":"001"}]}],"immutable":true,"compose":{"include":[{"system":"http://fhir.org/guides/itech-uw/who-smart-hiv-dak/CodeSystem/concept-codes","concept":[{"code":"HIV.B.DE23","display":"Provider-initiated tested in a clinic or emergency facility"},{"code":"HIV.B.DE24","display":"Antenatal care clinic"},{"code":"HIV.B.DE25","display":"Voluntary counselling and testing (within a health facility setting)"},{"code":"HIV.B.DE26","display":"Family planning clinic"},{"code":"HIV.B.DE27","display":"Other facility-level testing"},{"code":"HIV.B.DE28","display":"Tuberculosis (TB) clinic"},{"code":"HIV.D.DE747","display":"Provider-initiated tested in a clinic or emergency facility"},{"code":"HIV.D.DE748","display":"Antenatal care clinic"},{"code":"HIV.D.DE749","display":"Voluntary counselling and testing (within a health facility setting)"},{"code":"HIV.D.DE750","display":"Family planning clinic"},{"code":"HIV.D.DE751","display":"Other facility-level testing"},{"code":"HIV.D.DE752","display":"Tuberculosis (TB) clinic"}]}]}}