<?xml version="1.0" encoding="UTF-8"?>

<ConceptMap xmlns="http://hl7.org/fhir">
  <id value="HIVIReferral"/>
  <text>
    <status value="extensions"/><div xmlns="http://www.w3.org/1999/xhtml"><p>Mapping from (not specified) to (not specified)</p><p>ACTIVE. Published on 2023-12-09 by WHO (WHO: <a href="http://who.int">http://who.int</a>). </p><div><p>Mapping to and from HIV.I Referral Data Dictionary to other codesystems.</p>
</div><br/><p><b>Group 1</b>Mapping from <a href="CodeSystem-HIV.I.html">HIV.I Referral  CodeSystem</a> to <a href="http://terminology.hl7.org/5.3.0/CodeSystem-v3-loinc.html">Logical Observation Identifiers, Names and Codes (LOINC)</a></p><table class="grid"><tr><td><b>Source Code</b></td><td><b>Relationship</b></td><td><b>Target Code</b></td></tr><tr><td>DE1 (Emergency referral)</td><td><a href="http://hl7.org/fhir/R4B/codesystem-concept-map-equivalence.html#null"/></td><td>96349-6 (Referral letter)</td></tr><tr><td>DE3 (Hospital)</td><td><a href="http://hl7.org/fhir/R4B/codesystem-concept-map-equivalence.html#null"/></td><td>79429-7 (Hospital Admission notification)</td></tr><tr><td>DE4 (Referral for screening including diagnostics and lab testing)</td><td><a href="http://hl7.org/fhir/R4B/codesystem-concept-map-equivalence.html#null"/></td><td>96349-6 (Referral letter)</td></tr><tr><td>DE5 (TB referral)</td><td><a href="http://hl7.org/fhir/R4B/codesystem-concept-map-equivalence.html#null"/></td><td>96349-6 (Referral letter)</td></tr><tr><td>DE6 (Antenatal care referral)</td><td><a href="http://hl7.org/fhir/R4B/codesystem-concept-map-equivalence.html#null"/></td><td>78332-4 (Family medicine Referral note)</td></tr><tr><td>DE7 (Referral for other general services)</td><td><a href="http://hl7.org/fhir/R4B/codesystem-concept-map-equivalence.html#null"/></td><td>96349-6 (Referral letter)</td></tr><tr><td>DE8 (Referral for other general services (specify))</td><td><a href="http://hl7.org/fhir/R4B/codesystem-concept-map-equivalence.html#null"/></td><td>96349-6 (Referral letter)</td></tr><tr><td>DE9 (Any treatment given before referral?)</td><td><a href="http://hl7.org/fhir/R4B/codesystem-concept-map-equivalence.html#null"/></td><td>55753-8 (Treatment information)</td></tr><tr><td>DE10 (Date of scheduled referral appointment)</td><td><a href="http://hl7.org/fhir/R4B/codesystem-concept-map-equivalence.html#null"/></td><td>57202-4 (Date of Referral)</td></tr><tr><td>DE11 (Location of scheduled referral appointment)</td><td><a href="http://hl7.org/fhir/R4B/codesystem-concept-map-equivalence.html#null"/></td><td>80412-0 (Encounter location)</td></tr><tr><td>DE12 (Date referral was made)</td><td><a href="http://hl7.org/fhir/R4B/codesystem-concept-map-equivalence.html#null"/></td><td>57202-4 (Date of Referral)</td></tr><tr><td>DE13 (Provider who made referral)</td><td><a href="http://hl7.org/fhir/R4B/codesystem-concept-map-equivalence.html#null"/></td><td>42216-2 (Referral lab name [Identifier])</td></tr><tr><td>DE14 (Provider's facility)</td><td><a href="http://hl7.org/fhir/R4B/codesystem-concept-map-equivalence.html#null"/></td><td>42216-2 (Referral lab name [Identifier])</td></tr><tr><td>DE15 (Provider's telephone number)</td><td><a href="http://hl7.org/fhir/R4B/codesystem-concept-map-equivalence.html#null"/></td><td>65651-2 (Phone number Facility)</td></tr><tr><td>DE16 (Referral notes)</td><td><a href="http://hl7.org/fhir/R4B/codesystem-concept-map-equivalence.html#null"/></td><td>57133-1 (Referral note)</td></tr><tr><td>DE17 (Client history summary)</td><td><a href="http://hl7.org/fhir/R4B/codesystem-concept-map-equivalence.html#null"/></td><td>34117-2 (History and physical note)</td></tr></table><hr/><p><b>Group 2</b>Mapping from <a href="CodeSystem-HIV.I.html">HIV.I Referral  CodeSystem</a> to <a href="http://terminology.hl7.org/5.3.0/CodeSystem-ICF.html">International Classification of Functioning, Disability and Health</a></p><table class="grid"><tr><td><b>Source Code</b></td><td><b>Relationship</b></td><td><b>Target Code</b></td></tr><tr><td>DE1 (Emergency referral)</td><td><a href="http://hl7.org/fhir/R4B/codesystem-concept-map-equivalence.html#null"/></td><td>UEP.TI.ZZ</td></tr><tr><td>DE3 (Hospital)</td><td><a href="http://hl7.org/fhir/R4B/codesystem-concept-map-equivalence.html#null"/></td><td>UEP.TI.ZZ</td></tr><tr><td>DE4 (Referral for screening including diagnostics and lab testing)</td><td><a href="http://hl7.org/fhir/R4B/codesystem-concept-map-equivalence.html#null"/></td><td>PZX.AH.ZZ</td></tr><tr><td>DE5 (TB referral)</td><td><a href="http://hl7.org/fhir/R4B/codesystem-concept-map-equivalence.html#null"/></td><td>UEP.TI.ZZ</td></tr><tr><td>DE6 (Antenatal care referral)</td><td><a href="http://hl7.org/fhir/R4B/codesystem-concept-map-equivalence.html#null"/></td><td>UEP.TI.ZZ</td></tr><tr><td>DE7 (Referral for other general services)</td><td><a href="http://hl7.org/fhir/R4B/codesystem-concept-map-equivalence.html#null"/></td><td>UEP.TI.ZZ</td></tr><tr><td>DE8 (Referral for other general services (specify))</td><td><a href="http://hl7.org/fhir/R4B/codesystem-concept-map-equivalence.html#null"/></td><td>UEP.TI.ZZ</td></tr><tr><td>DE9 (Any treatment given before referral?)</td><td><a href="http://hl7.org/fhir/R4B/codesystem-concept-map-equivalence.html#null"/></td><td>PZA.DB.AZ</td></tr></table><hr/><p><b>Group 3</b>Mapping from <a href="CodeSystem-HIV.I.html">HIV.I Referral  CodeSystem</a> to <a href="http://hl7.org/fhir/R4B/codesystem-snomedct.html">SNOMED CT (all versions)</a></p><table class="grid"><tr><td><b>Source Code</b></td><td><b>Relationship</b></td><td><b>Target Code</b></td></tr><tr><td>DE1 (Emergency referral)</td><td><a href="http://hl7.org/fhir/R4B/codesystem-concept-map-equivalence.html#null"/></td><td>183866009 (Referral to emergency clinic)</td></tr><tr><td>DE3 (Hospital)</td><td><a href="http://hl7.org/fhir/R4B/codesystem-concept-map-equivalence.html#null"/></td><td>32485007 (Hospital admission)</td></tr><tr><td>DE4 (Referral for screening including diagnostics and lab testing)</td><td><a href="http://hl7.org/fhir/R4B/codesystem-concept-map-equivalence.html#null"/></td><td>360156006 (Screening)</td></tr><tr><td>DE5 (TB referral)</td><td><a href="http://hl7.org/fhir/R4B/codesystem-concept-map-equivalence.html#null"/></td><td>3457005 (Patient referral)</td></tr><tr><td>DE6 (Antenatal care referral)</td><td><a href="http://hl7.org/fhir/R4B/codesystem-concept-map-equivalence.html#null"/></td><td>183860003 (Referral to antenatal clinic)</td></tr><tr><td>DE7 (Referral for other general services)</td><td><a href="http://hl7.org/fhir/R4B/codesystem-concept-map-equivalence.html#null"/></td><td>3457005 (Patient referral)</td></tr><tr><td>DE8 (Referral for other general services (specify))</td><td><a href="http://hl7.org/fhir/R4B/codesystem-concept-map-equivalence.html#null"/></td><td>3457005 (Patient referral)</td></tr><tr><td>DE9 (Any treatment given before referral?)</td><td><a href="http://hl7.org/fhir/R4B/codesystem-concept-map-equivalence.html#null"/></td><td>182991002 (Treatment given)</td></tr><tr><td>DE10 (Date of scheduled referral appointment)</td><td><a href="http://hl7.org/fhir/R4B/codesystem-concept-map-equivalence.html#null"/></td><td>185353001 (Appointment date)</td></tr><tr><td>DE11 (Location of scheduled referral appointment)</td><td><a href="http://hl7.org/fhir/R4B/codesystem-concept-map-equivalence.html#null"/></td><td>246267002 (Location)</td></tr><tr><td>DE12 (Date referral was made)</td><td><a href="http://hl7.org/fhir/R4B/codesystem-concept-map-equivalence.html#null"/></td><td>439771001 (Date of event (observable entity))</td></tr><tr><td>DE13 (Provider who made referral)</td><td><a href="http://hl7.org/fhir/R4B/codesystem-concept-map-equivalence.html#null"/></td><td>270423004 (Provider of encounter)</td></tr><tr><td>DE14 (Provider's facility)</td><td><a href="http://hl7.org/fhir/R4B/codesystem-concept-map-equivalence.html#null"/></td><td>257622000 (Healthcare facility (environment))</td></tr><tr><td>DE15 (Provider's telephone number)</td><td><a href="http://hl7.org/fhir/R4B/codesystem-concept-map-equivalence.html#null"/></td><td>734005006 (Telephone number (property) (qualifier value))</td></tr><tr><td>DE16 (Referral notes)</td><td><a href="http://hl7.org/fhir/R4B/codesystem-concept-map-equivalence.html#null"/></td><td>721927009 (Referral note (record artifact))</td></tr><tr><td>DE17 (Client history summary)</td><td><a href="http://hl7.org/fhir/R4B/codesystem-concept-map-equivalence.html#null"/></td><td>721927009 (Referral note (record artifact))</td></tr></table></div>
  </text>
  <url value="http://worldhealthorganization.github.io/smart/ConceptMap/HIVIReferral"/>
  <version value="0.1.0"/>
  <name value="HIV_I_Referral"/>
  <title value="ConceptMap to and from HIV.I Referral DataElements"/>
  <status value="active"/>
  <experimental value="false"/>
  <date value="2023-12-09"/>
  <publisher value="WHO"/>
  <contact>
    <name value="WHO"/>
    <telecom>
      <system value="url"/>
      <value value="http://who.int"/>
    </telecom>
  </contact>
  <description value="Mapping to and from HIV.I Referral Data Dictionary to other codesystems."/>
  <group>
    <source value="http://worldhealthorganization.github.io/smart/CodeSystem/HIV.I"/>
    <target value="http://loinc.org"/>
    <element>
      <code value="DE1"/>
      <target>
        <modifierExtension url="http://hl7.org/fhir/1.0/StructureDefinition/extension-ConceptMap.element.target.equivalence">
          <valueCode value="equivalent"/>
        </modifierExtension>
        <code value="96349-6"/>
        <equivalence value="equivalent"/>
      </target>
    </element>
    <element>
      <code value="DE3"/>
      <target>
        <modifierExtension url="http://hl7.org/fhir/1.0/StructureDefinition/extension-ConceptMap.element.target.equivalence">
          <valueCode value="equivalent"/>
        </modifierExtension>
        <code value="79429-7"/>
        <equivalence value="equivalent"/>
      </target>
    </element>
    <element>
      <code value="DE4"/>
      <target>
        <modifierExtension url="http://hl7.org/fhir/1.0/StructureDefinition/extension-ConceptMap.element.target.equivalence">
          <valueCode value="equivalent"/>
        </modifierExtension>
        <code value="96349-6"/>
        <equivalence value="equivalent"/>
      </target>
    </element>
    <element>
      <code value="DE5"/>
      <target>
        <modifierExtension url="http://hl7.org/fhir/1.0/StructureDefinition/extension-ConceptMap.element.target.equivalence">
          <valueCode value="equivalent"/>
        </modifierExtension>
        <code value="96349-6"/>
        <equivalence value="equivalent"/>
      </target>
    </element>
    <element>
      <code value="DE6"/>
      <target>
        <modifierExtension url="http://hl7.org/fhir/1.0/StructureDefinition/extension-ConceptMap.element.target.equivalence">
          <valueCode value="equivalent"/>
        </modifierExtension>
        <code value="78332-4"/>
        <equivalence value="equivalent"/>
      </target>
    </element>
    <element>
      <code value="DE7"/>
      <target>
        <modifierExtension url="http://hl7.org/fhir/1.0/StructureDefinition/extension-ConceptMap.element.target.equivalence">
          <valueCode value="equivalent"/>
        </modifierExtension>
        <code value="96349-6"/>
        <equivalence value="equivalent"/>
      </target>
    </element>
    <element>
      <code value="DE8"/>
      <target>
        <modifierExtension url="http://hl7.org/fhir/1.0/StructureDefinition/extension-ConceptMap.element.target.equivalence">
          <valueCode value="equivalent"/>
        </modifierExtension>
        <code value="96349-6"/>
        <equivalence value="equivalent"/>
      </target>
    </element>
    <element>
      <code value="DE9"/>
      <target>
        <modifierExtension url="http://hl7.org/fhir/1.0/StructureDefinition/extension-ConceptMap.element.target.equivalence">
          <valueCode value="equivalent"/>
        </modifierExtension>
        <code value="55753-8"/>
        <equivalence value="equivalent"/>
      </target>
    </element>
    <element>
      <code value="DE10"/>
      <target>
        <modifierExtension url="http://hl7.org/fhir/1.0/StructureDefinition/extension-ConceptMap.element.target.equivalence">
          <valueCode value="equivalent"/>
        </modifierExtension>
        <code value="57202-4"/>
        <equivalence value="equivalent"/>
      </target>
    </element>
    <element>
      <code value="DE11"/>
      <target>
        <modifierExtension url="http://hl7.org/fhir/1.0/StructureDefinition/extension-ConceptMap.element.target.equivalence">
          <valueCode value="equivalent"/>
        </modifierExtension>
        <code value="80412-0"/>
        <equivalence value="equivalent"/>
      </target>
    </element>
    <element>
      <code value="DE12"/>
      <target>
        <modifierExtension url="http://hl7.org/fhir/1.0/StructureDefinition/extension-ConceptMap.element.target.equivalence">
          <valueCode value="equivalent"/>
        </modifierExtension>
        <code value="57202-4"/>
        <equivalence value="equivalent"/>
      </target>
    </element>
    <element>
      <code value="DE13"/>
      <target>
        <modifierExtension url="http://hl7.org/fhir/1.0/StructureDefinition/extension-ConceptMap.element.target.equivalence">
          <valueCode value="equivalent"/>
        </modifierExtension>
        <code value="42216-2"/>
        <equivalence value="equivalent"/>
      </target>
    </element>
    <element>
      <code value="DE14"/>
      <target>
        <modifierExtension url="http://hl7.org/fhir/1.0/StructureDefinition/extension-ConceptMap.element.target.equivalence">
          <valueCode value="equivalent"/>
        </modifierExtension>
        <code value="42216-2"/>
        <equivalence value="equivalent"/>
      </target>
    </element>
    <element>
      <code value="DE15"/>
      <target>
        <modifierExtension url="http://hl7.org/fhir/1.0/StructureDefinition/extension-ConceptMap.element.target.equivalence">
          <valueCode value="equivalent"/>
        </modifierExtension>
        <code value="65651-2"/>
        <equivalence value="equivalent"/>
      </target>
    </element>
    <element>
      <code value="DE16"/>
      <target>
        <modifierExtension url="http://hl7.org/fhir/1.0/StructureDefinition/extension-ConceptMap.element.target.equivalence">
          <valueCode value="equivalent"/>
        </modifierExtension>
        <code value="57133-1"/>
        <equivalence value="equivalent"/>
      </target>
    </element>
    <element>
      <code value="DE17"/>
      <target>
        <modifierExtension url="http://hl7.org/fhir/1.0/StructureDefinition/extension-ConceptMap.element.target.equivalence">
          <valueCode value="equivalent"/>
        </modifierExtension>
        <code value="34117-2"/>
        <equivalence value="equivalent"/>
      </target>
    </element>
  </group>
  <group>
    <source value="http://worldhealthorganization.github.io/smart/CodeSystem/HIV.I"/>
    <target value="http://hl7.org/fhir/sid/icf"/>
    <element>
      <code value="DE1"/>
      <target>
        <modifierExtension url="http://hl7.org/fhir/1.0/StructureDefinition/extension-ConceptMap.element.target.equivalence">
          <valueCode value="equivalent"/>
        </modifierExtension>
        <code value="UEP.TI.ZZ"/>
        <equivalence value="equivalent"/>
      </target>
    </element>
    <element>
      <code value="DE3"/>
      <target>
        <modifierExtension url="http://hl7.org/fhir/1.0/StructureDefinition/extension-ConceptMap.element.target.equivalence">
          <valueCode value="equivalent"/>
        </modifierExtension>
        <code value="UEP.TI.ZZ"/>
        <equivalence value="equivalent"/>
      </target>
    </element>
    <element>
      <code value="DE4"/>
      <target>
        <modifierExtension url="http://hl7.org/fhir/1.0/StructureDefinition/extension-ConceptMap.element.target.equivalence">
          <valueCode value="equivalent"/>
        </modifierExtension>
        <code value="PZX.AH.ZZ"/>
        <equivalence value="equivalent"/>
      </target>
    </element>
    <element>
      <code value="DE5"/>
      <target>
        <modifierExtension url="http://hl7.org/fhir/1.0/StructureDefinition/extension-ConceptMap.element.target.equivalence">
          <valueCode value="equivalent"/>
        </modifierExtension>
        <code value="UEP.TI.ZZ"/>
        <equivalence value="equivalent"/>
      </target>
    </element>
    <element>
      <code value="DE6"/>
      <target>
        <modifierExtension url="http://hl7.org/fhir/1.0/StructureDefinition/extension-ConceptMap.element.target.equivalence">
          <valueCode value="equivalent"/>
        </modifierExtension>
        <code value="UEP.TI.ZZ"/>
        <equivalence value="equivalent"/>
      </target>
    </element>
    <element>
      <code value="DE7"/>
      <target>
        <modifierExtension url="http://hl7.org/fhir/1.0/StructureDefinition/extension-ConceptMap.element.target.equivalence">
          <valueCode value="equivalent"/>
        </modifierExtension>
        <code value="UEP.TI.ZZ"/>
        <equivalence value="equivalent"/>
      </target>
    </element>
    <element>
      <code value="DE8"/>
      <target>
        <modifierExtension url="http://hl7.org/fhir/1.0/StructureDefinition/extension-ConceptMap.element.target.equivalence">
          <valueCode value="equivalent"/>
        </modifierExtension>
        <code value="UEP.TI.ZZ"/>
        <equivalence value="equivalent"/>
      </target>
    </element>
    <element>
      <code value="DE9"/>
      <target>
        <modifierExtension url="http://hl7.org/fhir/1.0/StructureDefinition/extension-ConceptMap.element.target.equivalence">
          <valueCode value="equivalent"/>
        </modifierExtension>
        <code value="PZA.DB.AZ"/>
        <equivalence value="equivalent"/>
      </target>
    </element>
  </group>
  <group>
    <source value="http://worldhealthorganization.github.io/smart/CodeSystem/HIV.I"/>
    <target value="http://snomed.info/sct"/>
    <element>
      <code value="DE1"/>
      <target>
        <modifierExtension url="http://hl7.org/fhir/1.0/StructureDefinition/extension-ConceptMap.element.target.equivalence">
          <valueCode value="equivalent"/>
        </modifierExtension>
        <code value="183866009"/>
        <equivalence value="equivalent"/>
      </target>
    </element>
    <element>
      <code value="DE3"/>
      <target>
        <modifierExtension url="http://hl7.org/fhir/1.0/StructureDefinition/extension-ConceptMap.element.target.equivalence">
          <valueCode value="equivalent"/>
        </modifierExtension>
        <code value="32485007"/>
        <equivalence value="equivalent"/>
      </target>
    </element>
    <element>
      <code value="DE4"/>
      <target>
        <modifierExtension url="http://hl7.org/fhir/1.0/StructureDefinition/extension-ConceptMap.element.target.equivalence">
          <valueCode value="equivalent"/>
        </modifierExtension>
        <code value="360156006"/>
        <equivalence value="equivalent"/>
      </target>
    </element>
    <element>
      <code value="DE5"/>
      <target>
        <modifierExtension url="http://hl7.org/fhir/1.0/StructureDefinition/extension-ConceptMap.element.target.equivalence">
          <valueCode value="equivalent"/>
        </modifierExtension>
        <code value="3457005"/>
        <equivalence value="equivalent"/>
      </target>
    </element>
    <element>
      <code value="DE6"/>
      <target>
        <modifierExtension url="http://hl7.org/fhir/1.0/StructureDefinition/extension-ConceptMap.element.target.equivalence">
          <valueCode value="equivalent"/>
        </modifierExtension>
        <code value="183860003"/>
        <equivalence value="equivalent"/>
      </target>
    </element>
    <element>
      <code value="DE7"/>
      <target>
        <modifierExtension url="http://hl7.org/fhir/1.0/StructureDefinition/extension-ConceptMap.element.target.equivalence">
          <valueCode value="equivalent"/>
        </modifierExtension>
        <code value="3457005"/>
        <equivalence value="equivalent"/>
      </target>
    </element>
    <element>
      <code value="DE8"/>
      <target>
        <modifierExtension url="http://hl7.org/fhir/1.0/StructureDefinition/extension-ConceptMap.element.target.equivalence">
          <valueCode value="equivalent"/>
        </modifierExtension>
        <code value="3457005"/>
        <equivalence value="equivalent"/>
      </target>
    </element>
    <element>
      <code value="DE9"/>
      <target>
        <modifierExtension url="http://hl7.org/fhir/1.0/StructureDefinition/extension-ConceptMap.element.target.equivalence">
          <valueCode value="equivalent"/>
        </modifierExtension>
        <code value="182991002"/>
        <equivalence value="equivalent"/>
      </target>
    </element>
    <element>
      <code value="DE10"/>
      <target>
        <modifierExtension url="http://hl7.org/fhir/1.0/StructureDefinition/extension-ConceptMap.element.target.equivalence">
          <valueCode value="equivalent"/>
        </modifierExtension>
        <code value="185353001"/>
        <equivalence value="equivalent"/>
      </target>
    </element>
    <element>
      <code value="DE11"/>
      <target>
        <modifierExtension url="http://hl7.org/fhir/1.0/StructureDefinition/extension-ConceptMap.element.target.equivalence">
          <valueCode value="equivalent"/>
        </modifierExtension>
        <code value="246267002"/>
        <equivalence value="equivalent"/>
      </target>
    </element>
    <element>
      <code value="DE12"/>
      <target>
        <modifierExtension url="http://hl7.org/fhir/1.0/StructureDefinition/extension-ConceptMap.element.target.equivalence">
          <valueCode value="equivalent"/>
        </modifierExtension>
        <code value="439771001"/>
        <equivalence value="equivalent"/>
      </target>
    </element>
    <element>
      <code value="DE13"/>
      <target>
        <modifierExtension url="http://hl7.org/fhir/1.0/StructureDefinition/extension-ConceptMap.element.target.equivalence">
          <valueCode value="equivalent"/>
        </modifierExtension>
        <code value="270423004"/>
        <equivalence value="equivalent"/>
      </target>
    </element>
    <element>
      <code value="DE14"/>
      <target>
        <modifierExtension url="http://hl7.org/fhir/1.0/StructureDefinition/extension-ConceptMap.element.target.equivalence">
          <valueCode value="equivalent"/>
        </modifierExtension>
        <code value="257622000"/>
        <equivalence value="equivalent"/>
      </target>
    </element>
    <element>
      <code value="DE15"/>
      <target>
        <modifierExtension url="http://hl7.org/fhir/1.0/StructureDefinition/extension-ConceptMap.element.target.equivalence">
          <valueCode value="equivalent"/>
        </modifierExtension>
        <code value="734005006"/>
        <equivalence value="equivalent"/>
      </target>
    </element>
    <element>
      <code value="DE16"/>
      <target>
        <modifierExtension url="http://hl7.org/fhir/1.0/StructureDefinition/extension-ConceptMap.element.target.equivalence">
          <valueCode value="equivalent"/>
        </modifierExtension>
        <code value="721927009"/>
        <equivalence value="equivalent"/>
      </target>
    </element>
    <element>
      <code value="DE17"/>
      <target>
        <modifierExtension url="http://hl7.org/fhir/1.0/StructureDefinition/extension-ConceptMap.element.target.equivalence">
          <valueCode value="equivalent"/>
        </modifierExtension>
        <code value="721927009"/>
        <equivalence value="equivalent"/>
      </target>
    </element>
  </group>
</ConceptMap>