{
  "resourceType" : "ConceptMap",
  "id" : "HIVHFollowUp",
  "text" : {
    "status" : "extensions",
    "div" : "<div xmlns=\"http://www.w3.org/1999/xhtml\"><p>Mapping from (not specified) to (not specified)</p><p>ACTIVE. Published on 2023-12-09 by WHO (WHO: <a href=\"http://who.int\">http://who.int</a>). </p><div><p>Mapping to and from HIV.H Follow-up Data Dictionary to other codesystems.</p>\n</div><br/><p><b>Group 1</b>Mapping from <a href=\"CodeSystem-HIV.H.html\">HIV.H Follow-up  CodeSystem</a> to <a href=\"http://terminology.hl7.org/5.3.0/CodeSystem-ICD11MMS.html\">International Classification of Diseases, 11th Revision Mortality and Morbidity Statistics (MMS)</a></p><table class=\"grid\"><tr><td><b>Source Code</b></td><td><b>Relationship</b></td><td><b>Target Code</b></td></tr><tr><td>DE2 (Missed care visit)</td><td><a href=\"http://hl7.org/fhir/R4B/codesystem-concept-map-equivalence.html#null\"/></td><td>QC49</td></tr><tr><td>DE3 (Missed medication pickup)</td><td><a href=\"http://hl7.org/fhir/R4B/codesystem-concept-map-equivalence.html#null\"/></td><td>QC49</td></tr><tr><td>DE4 (Did not initiate ART)</td><td><a href=\"http://hl7.org/fhir/R4B/codesystem-concept-map-equivalence.html#null\"/></td><td>QC49</td></tr><tr><td>DE5 (Incomplete visit)</td><td><a href=\"http://hl7.org/fhir/R4B/codesystem-concept-map-equivalence.html#null\"/></td><td>QC49</td></tr><tr><td>DE6 (Inconclusive HIV status)</td><td><a href=\"http://hl7.org/fhir/R4B/codesystem-concept-map-equivalence.html#null\"/></td><td>QC49</td></tr><tr><td>DE27 (Refused to return)</td><td><a href=\"http://hl7.org/fhir/R4B/codesystem-concept-map-equivalence.html#null\"/></td><td>QC49</td></tr><tr><td>DE29 (Died (reported))</td><td><a href=\"http://hl7.org/fhir/R4B/codesystem-concept-map-equivalence.html#null\"/></td><td>MH13</td></tr><tr><td>DE35 (Already knew positive)</td><td><a href=\"http://hl7.org/fhir/R4B/codesystem-concept-map-equivalence.html#null\"/></td><td>QC90.6</td></tr><tr><td>DE36 (Newly diagnosed)</td><td><a href=\"http://hl7.org/fhir/R4B/codesystem-concept-map-equivalence.html#null\"/></td><td>QC90.6</td></tr><tr><td>DE44 (Death (documented))</td><td><a href=\"http://hl7.org/fhir/R4B/codesystem-concept-map-equivalence.html#null\"/></td><td>MH13</td></tr><tr><td>DE45 (Refused (stopped) treatment)</td><td><a href=\"http://hl7.org/fhir/R4B/codesystem-concept-map-equivalence.html#null\"/></td><td>QC49</td></tr><tr><td>DE47 (On ART)</td><td><a href=\"http://hl7.org/fhir/R4B/codesystem-concept-map-equivalence.html#null\"/></td><td>XM63K0</td></tr><tr><td>DE55 (Toxicity/side effects)</td><td><a href=\"http://hl7.org/fhir/R4B/codesystem-concept-map-equivalence.html#null\"/></td><td>NE60</td></tr><tr><td>DE61 (Stock-out)</td><td><a href=\"http://hl7.org/fhir/R4B/codesystem-concept-map-equivalence.html#null\"/></td><td>QB15</td></tr><tr><td>DE62 (Too ill)</td><td><a href=\"http://hl7.org/fhir/R4B/codesystem-concept-map-equivalence.html#null\"/></td><td>MG48</td></tr><tr><td>DE65 (Depression)</td><td><a href=\"http://hl7.org/fhir/R4B/codesystem-concept-map-equivalence.html#null\"/></td><td>6A7Z</td></tr><tr><td>DE66 (Alcohol use)</td><td><a href=\"http://hl7.org/fhir/R4B/codesystem-concept-map-equivalence.html#null\"/></td><td>QE10</td></tr><tr><td>DE67 (Substance use)</td><td><a href=\"http://hl7.org/fhir/R4B/codesystem-concept-map-equivalence.html#null\"/></td><td>QE11.9</td></tr><tr><td>DE69 (Lack of food)</td><td><a href=\"http://hl7.org/fhir/R4B/codesystem-concept-map-equivalence.html#null\"/></td><td>QD61</td></tr><tr><td>DE75 (Toxicity/side effects)</td><td><a href=\"http://hl7.org/fhir/R4B/codesystem-concept-map-equivalence.html#null\"/></td><td>NE60</td></tr><tr><td>DE76 (Severe illness, hospitalization)</td><td><a href=\"http://hl7.org/fhir/R4B/codesystem-concept-map-equivalence.html#null\"/></td><td>XE28K</td></tr><tr><td>DE77 (Drugs out of stock )</td><td><a href=\"http://hl7.org/fhir/R4B/codesystem-concept-map-equivalence.html#null\"/></td><td>NE60</td></tr><tr><td>DE78 (Client lacks finances )</td><td><a href=\"http://hl7.org/fhir/R4B/codesystem-concept-map-equivalence.html#null\"/></td><td>QD51</td></tr><tr><td>DE79 (Excluded HIV infection in infant)</td><td><a href=\"http://hl7.org/fhir/R4B/codesystem-concept-map-equivalence.html#null\"/></td><td>QA02.Y</td></tr></table><hr/><p><b>Group 2</b>Mapping from <a href=\"CodeSystem-HIV.H.html\">HIV.H Follow-up  CodeSystem</a> to <a href=\"http://terminology.hl7.org/5.3.0/CodeSystem-icd10.html\">ICD-10</a></p><table class=\"grid\"><tr><td><b>Source Code</b></td><td><b>Relationship</b></td><td><b>Target Code</b></td></tr><tr><td>DE2 (Missed care visit)</td><td><a href=\"http://hl7.org/fhir/R4B/codesystem-concept-map-equivalence.html#null\"/></td><td>Z91.1 (Personal history of noncompliance with medical treatment and regimen)</td></tr><tr><td>DE3 (Missed medication pickup)</td><td><a href=\"http://hl7.org/fhir/R4B/codesystem-concept-map-equivalence.html#null\"/></td><td>Z91.1 (Personal history of noncompliance with medical treatment and regimen)</td></tr><tr><td>DE4 (Did not initiate ART)</td><td><a href=\"http://hl7.org/fhir/R4B/codesystem-concept-map-equivalence.html#null\"/></td><td>Z91.1 (Personal history of noncompliance with medical treatment and regimen)</td></tr><tr><td>DE5 (Incomplete visit)</td><td><a href=\"http://hl7.org/fhir/R4B/codesystem-concept-map-equivalence.html#null\"/></td><td>Z91.1 (Personal history of noncompliance with medical treatment and regimen)</td></tr><tr><td>DE6 (Inconclusive HIV status)</td><td><a href=\"http://hl7.org/fhir/R4B/codesystem-concept-map-equivalence.html#null\"/></td><td>Z91.1 (Personal history of noncompliance with medical treatment and regimen)</td></tr><tr><td>DE27 (Refused to return)</td><td><a href=\"http://hl7.org/fhir/R4B/codesystem-concept-map-equivalence.html#null\"/></td><td>Z91.1 (Personal history of noncompliance with medical treatment and regimen)</td></tr><tr><td>DE29 (Died (reported))</td><td><a href=\"http://hl7.org/fhir/R4B/codesystem-concept-map-equivalence.html#null\"/></td><td>R98 (Unattended death)</td></tr><tr><td>DE35 (Already knew positive)</td><td><a href=\"http://hl7.org/fhir/R4B/codesystem-concept-map-equivalence.html#null\"/></td><td>Z20.6 (Contact with and exposure to human immunodeficiency virus [HIV])</td></tr><tr><td>DE36 (Newly diagnosed)</td><td><a href=\"http://hl7.org/fhir/R4B/codesystem-concept-map-equivalence.html#null\"/></td><td>Z20.6 (Contact with and exposure to human immunodeficiency virus [HIV])</td></tr><tr><td>DE44 (Death (documented))</td><td><a href=\"http://hl7.org/fhir/R4B/codesystem-concept-map-equivalence.html#null\"/></td><td>R98 (Unattended death)</td></tr><tr><td>DE45 (Refused (stopped) treatment)</td><td><a href=\"http://hl7.org/fhir/R4B/codesystem-concept-map-equivalence.html#null\"/></td><td>Z91.1 (Personal history of noncompliance with medical treatment and regimen)</td></tr><tr><td>DE47 (On ART)</td><td><a href=\"http://hl7.org/fhir/R4B/codesystem-concept-map-equivalence.html#null\"/></td><td>Z92.2 (Personal history of long-term (current) use of other medicaments)</td></tr><tr><td>DE55 (Toxicity/side effects)</td><td><a href=\"http://hl7.org/fhir/R4B/codesystem-concept-map-equivalence.html#null\"/></td><td>T50.9 (Other and unspecified drugs, medicaments and biological substances)</td></tr><tr><td>DE61 (Stock-out)</td><td><a href=\"http://hl7.org/fhir/R4B/codesystem-concept-map-equivalence.html#null\"/></td><td>Z75.3 (Unavailability and inaccessibility of health-care facilities)</td></tr><tr><td>DE62 (Too ill)</td><td><a href=\"http://hl7.org/fhir/R4B/codesystem-concept-map-equivalence.html#null\"/></td><td>R69 (Unknown and unspecified causes of morbidity)</td></tr><tr><td>DE65 (Depression)</td><td><a href=\"http://hl7.org/fhir/R4B/codesystem-concept-map-equivalence.html#null\"/></td><td>F32.9 (Depressive episode, unspecified)</td></tr><tr><td>DE66 (Alcohol use)</td><td><a href=\"http://hl7.org/fhir/R4B/codesystem-concept-map-equivalence.html#null\"/></td><td>Z72.1 (Alcohol use)</td></tr><tr><td>DE67 (Substance use)</td><td><a href=\"http://hl7.org/fhir/R4B/codesystem-concept-map-equivalence.html#null\"/></td><td>Z72.2 (Drug use)</td></tr><tr><td>DE69 (Lack of food)</td><td><a href=\"http://hl7.org/fhir/R4B/codesystem-concept-map-equivalence.html#null\"/></td><td>Z59.4 (Lack of adequate food)</td></tr><tr><td>DE75 (Toxicity/side effects)</td><td><a href=\"http://hl7.org/fhir/R4B/codesystem-concept-map-equivalence.html#null\"/></td><td>T37.5 (Antiviral drugs)</td></tr><tr><td>DE77 (Drugs out of stock )</td><td><a href=\"http://hl7.org/fhir/R4B/codesystem-concept-map-equivalence.html#null\"/></td><td>T50.9 (Other and unspecified drugs, medicaments and biological substances)</td></tr><tr><td>DE78 (Client lacks finances )</td><td><a href=\"http://hl7.org/fhir/R4B/codesystem-concept-map-equivalence.html#null\"/></td><td>Z59.6 (Low income)</td></tr><tr><td>DE79 (Excluded HIV infection in infant)</td><td><a href=\"http://hl7.org/fhir/R4B/codesystem-concept-map-equivalence.html#null\"/></td><td>Z03.8 (Observation for other suspected diseases and conditions)</td></tr></table><hr/><p><b>Group 3</b>Mapping from <a href=\"CodeSystem-HIV.H.html\">HIV.H Follow-up  CodeSystem</a> to <a href=\"http://terminology.hl7.org/5.3.0/CodeSystem-v3-loinc.html\">Logical Observation Identifiers, Names and Codes (LOINC)</a></p><table class=\"grid\"><tr><td><b>Source Code</b></td><td><b>Relationship</b></td><td><b>Target Code</b></td></tr><tr><td>DE2 (Missed care visit)</td><td><a href=\"http://hl7.org/fhir/R4B/codesystem-concept-map-equivalence.html#null\"/></td><td>98867-5 (Missed scheduled appointment with healthcare provider in past Mo)</td></tr><tr><td>DE3 (Missed medication pickup)</td><td><a href=\"http://hl7.org/fhir/R4B/codesystem-concept-map-equivalence.html#null\"/></td><td>98867-5 (Missed scheduled appointment with healthcare provider in past Mo)</td></tr><tr><td>DE11 (Date of contact attempt)</td><td><a href=\"http://hl7.org/fhir/R4B/codesystem-concept-map-equivalence.html#null\"/></td><td>67723-7 (Date of health-related event)</td></tr><tr><td>DE38 (Date of death )</td><td><a href=\"http://hl7.org/fhir/R4B/codesystem-concept-map-equivalence.html#null\"/></td><td>81954-0 (Date of death [Date])</td></tr><tr><td>DE39 (Cause of death)</td><td><a href=\"http://hl7.org/fhir/R4B/codesystem-concept-map-equivalence.html#null\"/></td><td>79378-6 (Cause of death)</td></tr><tr><td>DE40 (Place of death)</td><td><a href=\"http://hl7.org/fhir/R4B/codesystem-concept-map-equivalence.html#null\"/></td><td>21987-3 (Geographic place of death)</td></tr><tr><td>DE43 (Transferred out)</td><td><a href=\"http://hl7.org/fhir/R4B/codesystem-concept-map-equivalence.html#null\"/></td><td>80413-8 (Transferred to [Location])</td></tr><tr><td>DE45 (Refused (stopped) treatment)</td><td><a href=\"http://hl7.org/fhir/R4B/codesystem-concept-map-equivalence.html#null\"/></td><td>84298-9 (Treatment stopped for at least 1 week)</td></tr><tr><td>DE46 (Date patient lost to follow-up)</td><td><a href=\"http://hl7.org/fhir/R4B/codesystem-concept-map-equivalence.html#null\"/></td><td>45237-5 (Date lost to HIV treatment follow-up)</td></tr><tr><td>DE51 (Date of transfer out)</td><td><a href=\"http://hl7.org/fhir/R4B/codesystem-concept-map-equivalence.html#null\"/></td><td>46582-3 (Discharge, transfer, death date)</td></tr><tr><td>DE52 (Adherence assessment)</td><td><a href=\"http://hl7.org/fhir/R4B/codesystem-concept-map-equivalence.html#null\"/></td><td>96385-0 (Adherence to treatment)</td></tr><tr><td>DE55 (Toxicity/side effects)</td><td><a href=\"http://hl7.org/fhir/R4B/codesystem-concept-map-equivalence.html#null\"/></td><td>47242-3 (Medication or other side effects associated with HIV treatment)</td></tr><tr><td>DE62 (Too ill)</td><td><a href=\"http://hl7.org/fhir/R4B/codesystem-concept-map-equivalence.html#null\"/></td><td>70410-6 (I feel ill in the past 7 days [FACIT])</td></tr><tr><td>DE65 (Depression)</td><td><a href=\"http://hl7.org/fhir/R4B/codesystem-concept-map-equivalence.html#null\"/></td><td>45666-5 (Depression [Minimum Data Set])</td></tr><tr><td>DE66 (Alcohol use)</td><td><a href=\"http://hl7.org/fhir/R4B/codesystem-concept-map-equivalence.html#null\"/></td><td>74205-6 (Alcohol use [NTDS])</td></tr><tr><td>DE67 (Substance use)</td><td><a href=\"http://hl7.org/fhir/R4B/codesystem-concept-map-equivalence.html#null\"/></td><td>74204-9 (Drug use [NTDS])</td></tr><tr><td>DE69 (Lack of food)</td><td><a href=\"http://hl7.org/fhir/R4B/codesystem-concept-map-equivalence.html#null\"/></td><td>88124-3 (Food insecurity risk [HVS])</td></tr><tr><td>DE73 (Date ART stopped)</td><td><a href=\"http://hl7.org/fhir/R4B/codesystem-concept-map-equivalence.html#null\"/></td><td>63939-3 (End date of treatment or therapy)</td></tr><tr><td>DE76 (Severe illness, hospitalization)</td><td><a href=\"http://hl7.org/fhir/R4B/codesystem-concept-map-equivalence.html#null\"/></td><td>11337-3 (History of Hospitalization)</td></tr></table><hr/><p><b>Group 4</b>Mapping from <a href=\"CodeSystem-HIV.H.html\">HIV.H Follow-up  CodeSystem</a> to <a href=\"http://hl7.org/fhir/R4B/codesystem-snomedct.html\">SNOMED CT (all versions)</a></p><table class=\"grid\"><tr><td><b>Source Code</b></td><td><b>Relationship</b></td><td><b>Target Code</b></td></tr><tr><td>DE2 (Missed care visit)</td><td><a href=\"http://hl7.org/fhir/R4B/codesystem-concept-map-equivalence.html#null\"/></td><td>298058004 (Number of appointments missed)</td></tr><tr><td>DE3 (Missed medication pickup)</td><td><a href=\"http://hl7.org/fhir/R4B/codesystem-concept-map-equivalence.html#null\"/></td><td>182851001 (Drug not collected - no reason)</td></tr><tr><td>DE4 (Did not initiate ART)</td><td><a href=\"http://hl7.org/fhir/R4B/codesystem-concept-map-equivalence.html#null\"/></td><td>410524007 (Was not started (qualifier value))</td></tr><tr><td>DE5 (Incomplete visit)</td><td><a href=\"http://hl7.org/fhir/R4B/codesystem-concept-map-equivalence.html#null\"/></td><td>255599008 (Incomplete)</td></tr><tr><td>DE6 (Inconclusive HIV status)</td><td><a href=\"http://hl7.org/fhir/R4B/codesystem-concept-map-equivalence.html#null\"/></td><td>419984006 (Inconclusive (qualifier value))</td></tr><tr><td>DE7 (Test results received)</td><td><a href=\"http://hl7.org/fhir/R4B/codesystem-concept-map-equivalence.html#null\"/></td><td>165355002 (Patient informed - test result)</td></tr><tr><td>DE10 (Client contact attempted)</td><td><a href=\"http://hl7.org/fhir/R4B/codesystem-concept-map-equivalence.html#null\"/></td><td>11723008 (Contact with)</td></tr><tr><td>DE11 (Date of contact attempt)</td><td><a href=\"http://hl7.org/fhir/R4B/codesystem-concept-map-equivalence.html#null\"/></td><td>439771001 (Date of event (observable entity))</td></tr><tr><td>DE12 (Contact attempted by)</td><td><a href=\"http://hl7.org/fhir/R4B/codesystem-concept-map-equivalence.html#null\"/></td><td>398321007 (Institution name (qualifier value))</td></tr><tr><td>DE14 (Home visit)</td><td><a href=\"http://hl7.org/fhir/R4B/codesystem-concept-map-equivalence.html#null\"/></td><td>439708006 (Home visit (procedure))</td></tr><tr><td>DE15 (Text message)</td><td><a href=\"http://hl7.org/fhir/R4B/codesystem-concept-map-equivalence.html#null\"/></td><td>711408005 (Short message service text message sent (situation))</td></tr><tr><td>DE16 (Phone)</td><td><a href=\"http://hl7.org/fhir/R4B/codesystem-concept-map-equivalence.html#null\"/></td><td>129013008 (Using telephone)</td></tr><tr><td>DE18 (Client)</td><td><a href=\"http://hl7.org/fhir/R4B/codesystem-concept-map-equivalence.html#null\"/></td><td>225330006 (Client participation)</td></tr><tr><td>DE19 (Informed by treatment provider)</td><td><a href=\"http://hl7.org/fhir/R4B/codesystem-concept-map-equivalence.html#null\"/></td><td>1155752006 (Liaising with healthcare provider (procedure))</td></tr><tr><td>DE20 (Informed by family or partner)</td><td><a href=\"http://hl7.org/fhir/R4B/codesystem-concept-map-equivalence.html#null\"/></td><td>303071001 (Family member)</td></tr><tr><td>DE24 (Returning to clinic)</td><td><a href=\"http://hl7.org/fhir/R4B/codesystem-concept-map-equivalence.html#null\"/></td><td>7528007 (Return to)</td></tr><tr><td>DE25 (Self-transferred out)</td><td><a href=\"http://hl7.org/fhir/R4B/codesystem-concept-map-equivalence.html#null\"/></td><td>19712007 (Patient transfer, to another health care facility)</td></tr><tr><td>DE26 (Hospitalized)</td><td><a href=\"http://hl7.org/fhir/R4B/codesystem-concept-map-equivalence.html#null\"/></td><td>32485007 (Hospital admission)</td></tr><tr><td>DE27 (Refused to return)</td><td><a href=\"http://hl7.org/fhir/R4B/codesystem-concept-map-equivalence.html#null\"/></td><td>413311005 (Patient non-compliant - refused intervention / support)</td></tr><tr><td>DE28 (Not located )</td><td><a href=\"http://hl7.org/fhir/R4B/codesystem-concept-map-equivalence.html#null\"/></td><td>385660001 (Not done (qualifier value))</td></tr><tr><td>DE29 (Died (reported))</td><td><a href=\"http://hl7.org/fhir/R4B/codesystem-concept-map-equivalence.html#null\"/></td><td>419099009 (Dead (finding))</td></tr><tr><td>DE30 (Moved from catchment area)</td><td><a href=\"http://hl7.org/fhir/R4B/codesystem-concept-map-equivalence.html#null\"/></td><td>184081006 (Patient has moved away)</td></tr><tr><td>DE31 (Date client moved from catchment area)</td><td><a href=\"http://hl7.org/fhir/R4B/codesystem-concept-map-equivalence.html#null\"/></td><td>439771001 (Date of event (observable entity))</td></tr><tr><td>DE32 (New catchment area)</td><td><a href=\"http://hl7.org/fhir/R4B/codesystem-concept-map-equivalence.html#null\"/></td><td>758638001 (Geographical location (property) (qualifier value))</td></tr><tr><td>DE33 (Partner or contact of index case)</td><td><a href=\"http://hl7.org/fhir/R4B/codesystem-concept-map-equivalence.html#null\"/></td><td>262043009 (Partner in relationship)</td></tr><tr><td>DE35 (Already knew positive)</td><td><a href=\"http://hl7.org/fhir/R4B/codesystem-concept-map-equivalence.html#null\"/></td><td>473302008 (Aware of diagnosis (finding))</td></tr><tr><td>DE36 (Newly diagnosed)</td><td><a href=\"http://hl7.org/fhir/R4B/codesystem-concept-map-equivalence.html#null\"/></td><td>441308009 (New diagnosis (observable entity))</td></tr><tr><td>DE37 (Negative)</td><td><a href=\"http://hl7.org/fhir/R4B/codesystem-concept-map-equivalence.html#null\"/></td><td>165815009 (HIV negative)</td></tr><tr><td>DE38 (Date of death )</td><td><a href=\"http://hl7.org/fhir/R4B/codesystem-concept-map-equivalence.html#null\"/></td><td>399753006 (Date of death (observable entity))</td></tr><tr><td>DE39 (Cause of death)</td><td><a href=\"http://hl7.org/fhir/R4B/codesystem-concept-map-equivalence.html#null\"/></td><td>184305005 (Cause of death)</td></tr><tr><td>DE40 (Place of death)</td><td><a href=\"http://hl7.org/fhir/R4B/codesystem-concept-map-equivalence.html#null\"/></td><td>313384009 (Place of death)</td></tr><tr><td>DE42 (Lost to follow-up)</td><td><a href=\"http://hl7.org/fhir/R4B/codesystem-concept-map-equivalence.html#null\"/></td><td>399307001 (Lost to follow-up (finding))</td></tr><tr><td>DE43 (Transferred out)</td><td><a href=\"http://hl7.org/fhir/R4B/codesystem-concept-map-equivalence.html#null\"/></td><td>107724000 (Patient transfer)</td></tr><tr><td>DE44 (Death (documented))</td><td><a href=\"http://hl7.org/fhir/R4B/codesystem-concept-map-equivalence.html#null\"/></td><td>419099009 (Dead (finding))</td></tr><tr><td>DE45 (Refused (stopped) treatment)</td><td><a href=\"http://hl7.org/fhir/R4B/codesystem-concept-map-equivalence.html#null\"/></td><td>413311005 (Patient non-compliant - refused intervention / support)</td></tr><tr><td>DE46 (Date patient lost to follow-up)</td><td><a href=\"http://hl7.org/fhir/R4B/codesystem-concept-map-equivalence.html#null\"/></td><td>439771001 (Date of event (observable entity))</td></tr><tr><td>DE47 (On ART)</td><td><a href=\"http://hl7.org/fhir/R4B/codesystem-concept-map-equivalence.html#null\"/></td><td>182881009 (Patient on self-medication)</td></tr><tr><td>DE48 (Date HIV treatment outcome changed)</td><td><a href=\"http://hl7.org/fhir/R4B/codesystem-concept-map-equivalence.html#null\"/></td><td>439771001 (Date of event (observable entity))</td></tr><tr><td>DE49 (Transfer confirmed)</td><td><a href=\"http://hl7.org/fhir/R4B/codesystem-concept-map-equivalence.html#null\"/></td><td>74996004 (Confirmation of)</td></tr><tr><td>DE51 (Date of transfer out)</td><td><a href=\"http://hl7.org/fhir/R4B/codesystem-concept-map-equivalence.html#null\"/></td><td>439771001 (Date of event (observable entity))</td></tr><tr><td>DE52 (Adherence assessment)</td><td><a href=\"http://hl7.org/fhir/R4B/codesystem-concept-map-equivalence.html#null\"/></td><td>410128003 (Assessment of compliance with therapeutic regimen)</td></tr><tr><td>DE54 (Forgot)</td><td><a href=\"http://hl7.org/fhir/R4B/codesystem-concept-map-equivalence.html#null\"/></td><td>408367005 (Patient forgets to take medication (finding))</td></tr><tr><td>DE55 (Toxicity/side effects)</td><td><a href=\"http://hl7.org/fhir/R4B/codesystem-concept-map-equivalence.html#null\"/></td><td>182864000 (Drug not taken - side-effects)</td></tr><tr><td>DE56 (Busy)</td><td><a href=\"http://hl7.org/fhir/R4B/codesystem-concept-map-equivalence.html#null\"/></td><td>285623001 (Does not manage time)</td></tr><tr><td>DE57 (Change of routine)</td><td><a href=\"http://hl7.org/fhir/R4B/codesystem-concept-map-equivalence.html#null\"/></td><td>225789002 (Poor daily routine)</td></tr><tr><td>DE58 (Travel cost)</td><td><a href=\"http://hl7.org/fhir/R4B/codesystem-concept-map-equivalence.html#null\"/></td><td>300608009 (Unable to perform travelling activities)</td></tr><tr><td>DE59 (Distance to clinic)</td><td><a href=\"http://hl7.org/fhir/R4B/codesystem-concept-map-equivalence.html#null\"/></td><td>277753008 (Far distance)</td></tr><tr><td>DE60 (Client lost/ran out of pills)</td><td><a href=\"http://hl7.org/fhir/R4B/codesystem-concept-map-equivalence.html#null\"/></td><td>182869005 (Drug not taken - patient lost tablets)</td></tr><tr><td>DE61 (Stock-out)</td><td><a href=\"http://hl7.org/fhir/R4B/codesystem-concept-map-equivalence.html#null\"/></td><td>182856006 (Drug not available - out of stock)</td></tr><tr><td>DE62 (Too ill)</td><td><a href=\"http://hl7.org/fhir/R4B/codesystem-concept-map-equivalence.html#null\"/></td><td>39104002 (Illness)</td></tr><tr><td>DE64 (Felt well)</td><td><a href=\"http://hl7.org/fhir/R4B/codesystem-concept-map-equivalence.html#null\"/></td><td>17326005 (Mental well-being)</td></tr><tr><td>DE65 (Depression)</td><td><a href=\"http://hl7.org/fhir/R4B/codesystem-concept-map-equivalence.html#null\"/></td><td>35489007 (Depressive disorder)</td></tr><tr><td>DE66 (Alcohol use)</td><td><a href=\"http://hl7.org/fhir/R4B/codesystem-concept-map-equivalence.html#null\"/></td><td>219006 (Alcohol user)</td></tr><tr><td>DE67 (Substance use)</td><td><a href=\"http://hl7.org/fhir/R4B/codesystem-concept-map-equivalence.html#null\"/></td><td>417284009 (Current drug user (finding))</td></tr><tr><td>DE68 (Stigma/disclosure concerns)</td><td><a href=\"http://hl7.org/fhir/R4B/codesystem-concept-map-equivalence.html#null\"/></td><td>9097005 (Stigma)</td></tr><tr><td>DE69 (Lack of food)</td><td><a href=\"http://hl7.org/fhir/R4B/codesystem-concept-map-equivalence.html#null\"/></td><td>212968006 (Starvation)</td></tr><tr><td>DE70 (Poor palatability)</td><td><a href=\"http://hl7.org/fhir/R4B/codesystem-concept-map-equivalence.html#null\"/></td><td>302188001 (Bad taste in mouth)</td></tr><tr><td>DE73 (Date ART stopped)</td><td><a href=\"http://hl7.org/fhir/R4B/codesystem-concept-map-equivalence.html#null\"/></td><td>413947000 (Date treatment stopped (observable entity))</td></tr><tr><td>DE75 (Toxicity/side effects)</td><td><a href=\"http://hl7.org/fhir/R4B/codesystem-concept-map-equivalence.html#null\"/></td><td>182864000 (Drug not taken - side-effects)</td></tr><tr><td>DE76 (Severe illness, hospitalization)</td><td><a href=\"http://hl7.org/fhir/R4B/codesystem-concept-map-equivalence.html#null\"/></td><td>32485007 (Hospital admission)</td></tr><tr><td>DE77 (Drugs out of stock )</td><td><a href=\"http://hl7.org/fhir/R4B/codesystem-concept-map-equivalence.html#null\"/></td><td>182856006 (Drug not available - out of stock)</td></tr><tr><td>DE78 (Client lacks finances )</td><td><a href=\"http://hl7.org/fhir/R4B/codesystem-concept-map-equivalence.html#null\"/></td><td>11403006 (Economic deprivation)</td></tr><tr><td>DE79 (Excluded HIV infection in infant)</td><td><a href=\"http://hl7.org/fhir/R4B/codesystem-concept-map-equivalence.html#null\"/></td><td>165815009 (HIV negative)</td></tr></table></div>"
  },
  "url" : "http://worldhealthorganization.github.io/smart/ConceptMap/HIVHFollowUp",
  "version" : "0.1.0",
  "name" : "HIV_H_FollowUp",
  "title" : "ConceptMap to and from HIV.H Follow-up DataElements",
  "status" : "active",
  "experimental" : false,
  "date" : "2023-12-09",
  "publisher" : "WHO",
  "contact" : [{
    "name" : "WHO",
    "telecom" : [{
      "system" : "url",
      "value" : "http://who.int"
    }]
  }],
  "description" : "Mapping to and from HIV.H Follow-up Data Dictionary to other codesystems.",
  "group" : [{
    "source" : "http://worldhealthorganization.github.io/smart/CodeSystem/HIV.H",
    "target" : "http://id.who.int/icd/release/11/mms",
    "element" : [{
      "code" : "DE2",
      "target" : [{
        "modifierExtension" : [{
          "url" : "http://hl7.org/fhir/1.0/StructureDefinition/extension-ConceptMap.element.target.equivalence",
          "valueCode" : "equivalent"
        }],
        "code" : "QC49",
        "equivalence" : "equivalent"
      }]
    },
    {
      "code" : "DE3",
      "target" : [{
        "modifierExtension" : [{
          "url" : "http://hl7.org/fhir/1.0/StructureDefinition/extension-ConceptMap.element.target.equivalence",
          "valueCode" : "equivalent"
        }],
        "code" : "QC49",
        "equivalence" : "equivalent"
      }]
    },
    {
      "code" : "DE4",
      "target" : [{
        "modifierExtension" : [{
          "url" : "http://hl7.org/fhir/1.0/StructureDefinition/extension-ConceptMap.element.target.equivalence",
          "valueCode" : "equivalent"
        }],
        "code" : "QC49",
        "equivalence" : "equivalent"
      }]
    },
    {
      "code" : "DE5",
      "target" : [{
        "modifierExtension" : [{
          "url" : "http://hl7.org/fhir/1.0/StructureDefinition/extension-ConceptMap.element.target.equivalence",
          "valueCode" : "equivalent"
        }],
        "code" : "QC49",
        "equivalence" : "equivalent"
      }]
    },
    {
      "code" : "DE6",
      "target" : [{
        "modifierExtension" : [{
          "url" : "http://hl7.org/fhir/1.0/StructureDefinition/extension-ConceptMap.element.target.equivalence",
          "valueCode" : "equivalent"
        }],
        "code" : "QC49",
        "equivalence" : "equivalent"
      }]
    },
    {
      "code" : "DE27",
      "target" : [{
        "modifierExtension" : [{
          "url" : "http://hl7.org/fhir/1.0/StructureDefinition/extension-ConceptMap.element.target.equivalence",
          "valueCode" : "equivalent"
        }],
        "code" : "QC49",
        "equivalence" : "equivalent"
      }]
    },
    {
      "code" : "DE29",
      "target" : [{
        "modifierExtension" : [{
          "url" : "http://hl7.org/fhir/1.0/StructureDefinition/extension-ConceptMap.element.target.equivalence",
          "valueCode" : "equivalent"
        }],
        "code" : "MH13",
        "equivalence" : "equivalent"
      }]
    },
    {
      "code" : "DE35",
      "target" : [{
        "modifierExtension" : [{
          "url" : "http://hl7.org/fhir/1.0/StructureDefinition/extension-ConceptMap.element.target.equivalence",
          "valueCode" : "equivalent"
        }],
        "code" : "QC90.6",
        "equivalence" : "equivalent"
      }]
    },
    {
      "code" : "DE36",
      "target" : [{
        "modifierExtension" : [{
          "url" : "http://hl7.org/fhir/1.0/StructureDefinition/extension-ConceptMap.element.target.equivalence",
          "valueCode" : "equivalent"
        }],
        "code" : "QC90.6",
        "equivalence" : "equivalent"
      }]
    },
    {
      "code" : "DE44",
      "target" : [{
        "modifierExtension" : [{
          "url" : "http://hl7.org/fhir/1.0/StructureDefinition/extension-ConceptMap.element.target.equivalence",
          "valueCode" : "equivalent"
        }],
        "code" : "MH13",
        "equivalence" : "equivalent"
      }]
    },
    {
      "code" : "DE45",
      "target" : [{
        "modifierExtension" : [{
          "url" : "http://hl7.org/fhir/1.0/StructureDefinition/extension-ConceptMap.element.target.equivalence",
          "valueCode" : "equivalent"
        }],
        "code" : "QC49",
        "equivalence" : "equivalent"
      }]
    },
    {
      "code" : "DE47",
      "target" : [{
        "modifierExtension" : [{
          "url" : "http://hl7.org/fhir/1.0/StructureDefinition/extension-ConceptMap.element.target.equivalence",
          "valueCode" : "equivalent"
        }],
        "code" : "XM63K0",
        "equivalence" : "equivalent"
      }]
    },
    {
      "code" : "DE55",
      "target" : [{
        "modifierExtension" : [{
          "url" : "http://hl7.org/fhir/1.0/StructureDefinition/extension-ConceptMap.element.target.equivalence",
          "valueCode" : "equivalent"
        }],
        "code" : "NE60",
        "equivalence" : "equivalent"
      }]
    },
    {
      "code" : "DE61",
      "target" : [{
        "modifierExtension" : [{
          "url" : "http://hl7.org/fhir/1.0/StructureDefinition/extension-ConceptMap.element.target.equivalence",
          "valueCode" : "equivalent"
        }],
        "code" : "QB15",
        "equivalence" : "equivalent"
      }]
    },
    {
      "code" : "DE62",
      "target" : [{
        "modifierExtension" : [{
          "url" : "http://hl7.org/fhir/1.0/StructureDefinition/extension-ConceptMap.element.target.equivalence",
          "valueCode" : "equivalent"
        }],
        "code" : "MG48",
        "equivalence" : "equivalent"
      }]
    },
    {
      "code" : "DE65",
      "target" : [{
        "modifierExtension" : [{
          "url" : "http://hl7.org/fhir/1.0/StructureDefinition/extension-ConceptMap.element.target.equivalence",
          "valueCode" : "equivalent"
        }],
        "code" : "6A7Z",
        "equivalence" : "equivalent"
      }]
    },
    {
      "code" : "DE66",
      "target" : [{
        "modifierExtension" : [{
          "url" : "http://hl7.org/fhir/1.0/StructureDefinition/extension-ConceptMap.element.target.equivalence",
          "valueCode" : "equivalent"
        }],
        "code" : "QE10",
        "equivalence" : "equivalent"
      }]
    },
    {
      "code" : "DE67",
      "target" : [{
        "modifierExtension" : [{
          "url" : "http://hl7.org/fhir/1.0/StructureDefinition/extension-ConceptMap.element.target.equivalence",
          "valueCode" : "equivalent"
        }],
        "code" : "QE11.9",
        "equivalence" : "equivalent"
      }]
    },
    {
      "code" : "DE69",
      "target" : [{
        "modifierExtension" : [{
          "url" : "http://hl7.org/fhir/1.0/StructureDefinition/extension-ConceptMap.element.target.equivalence",
          "valueCode" : "equivalent"
        }],
        "code" : "QD61",
        "equivalence" : "equivalent"
      }]
    },
    {
      "code" : "DE75",
      "target" : [{
        "modifierExtension" : [{
          "url" : "http://hl7.org/fhir/1.0/StructureDefinition/extension-ConceptMap.element.target.equivalence",
          "valueCode" : "equivalent"
        }],
        "code" : "NE60",
        "equivalence" : "equivalent"
      }]
    },
    {
      "code" : "DE76",
      "target" : [{
        "modifierExtension" : [{
          "url" : "http://hl7.org/fhir/1.0/StructureDefinition/extension-ConceptMap.element.target.equivalence",
          "valueCode" : "equivalent"
        }],
        "code" : "XE28K",
        "equivalence" : "equivalent"
      }]
    },
    {
      "code" : "DE77",
      "target" : [{
        "modifierExtension" : [{
          "url" : "http://hl7.org/fhir/1.0/StructureDefinition/extension-ConceptMap.element.target.equivalence",
          "valueCode" : "equivalent"
        }],
        "code" : "NE60",
        "equivalence" : "equivalent"
      }]
    },
    {
      "code" : "DE78",
      "target" : [{
        "modifierExtension" : [{
          "url" : "http://hl7.org/fhir/1.0/StructureDefinition/extension-ConceptMap.element.target.equivalence",
          "valueCode" : "equivalent"
        }],
        "code" : "QD51",
        "equivalence" : "equivalent"
      }]
    },
    {
      "code" : "DE79",
      "target" : [{
        "modifierExtension" : [{
          "url" : "http://hl7.org/fhir/1.0/StructureDefinition/extension-ConceptMap.element.target.equivalence",
          "valueCode" : "equivalent"
        }],
        "code" : "QA02.Y",
        "equivalence" : "equivalent"
      }]
    }]
  },
  {
    "source" : "http://worldhealthorganization.github.io/smart/CodeSystem/HIV.H",
    "target" : "http://hl7.org/fhir/sid/icd-10",
    "element" : [{
      "code" : "DE2",
      "target" : [{
        "modifierExtension" : [{
          "url" : "http://hl7.org/fhir/1.0/StructureDefinition/extension-ConceptMap.element.target.equivalence",
          "valueCode" : "equivalent"
        }],
        "code" : "Z91.1",
        "equivalence" : "equivalent"
      }]
    },
    {
      "code" : "DE3",
      "target" : [{
        "modifierExtension" : [{
          "url" : "http://hl7.org/fhir/1.0/StructureDefinition/extension-ConceptMap.element.target.equivalence",
          "valueCode" : "equivalent"
        }],
        "code" : "Z91.1",
        "equivalence" : "equivalent"
      }]
    },
    {
      "code" : "DE4",
      "target" : [{
        "modifierExtension" : [{
          "url" : "http://hl7.org/fhir/1.0/StructureDefinition/extension-ConceptMap.element.target.equivalence",
          "valueCode" : "equivalent"
        }],
        "code" : "Z91.1",
        "equivalence" : "equivalent"
      }]
    },
    {
      "code" : "DE5",
      "target" : [{
        "modifierExtension" : [{
          "url" : "http://hl7.org/fhir/1.0/StructureDefinition/extension-ConceptMap.element.target.equivalence",
          "valueCode" : "equivalent"
        }],
        "code" : "Z91.1",
        "equivalence" : "equivalent"
      }]
    },
    {
      "code" : "DE6",
      "target" : [{
        "modifierExtension" : [{
          "url" : "http://hl7.org/fhir/1.0/StructureDefinition/extension-ConceptMap.element.target.equivalence",
          "valueCode" : "equivalent"
        }],
        "code" : "Z91.1",
        "equivalence" : "equivalent"
      }]
    },
    {
      "code" : "DE27",
      "target" : [{
        "modifierExtension" : [{
          "url" : "http://hl7.org/fhir/1.0/StructureDefinition/extension-ConceptMap.element.target.equivalence",
          "valueCode" : "equivalent"
        }],
        "code" : "Z91.1",
        "equivalence" : "equivalent"
      }]
    },
    {
      "code" : "DE29",
      "target" : [{
        "modifierExtension" : [{
          "url" : "http://hl7.org/fhir/1.0/StructureDefinition/extension-ConceptMap.element.target.equivalence",
          "valueCode" : "equivalent"
        }],
        "code" : "R98",
        "equivalence" : "equivalent"
      }]
    },
    {
      "code" : "DE35",
      "target" : [{
        "modifierExtension" : [{
          "url" : "http://hl7.org/fhir/1.0/StructureDefinition/extension-ConceptMap.element.target.equivalence",
          "valueCode" : "equivalent"
        }],
        "code" : "Z20.6",
        "equivalence" : "equivalent"
      }]
    },
    {
      "code" : "DE36",
      "target" : [{
        "modifierExtension" : [{
          "url" : "http://hl7.org/fhir/1.0/StructureDefinition/extension-ConceptMap.element.target.equivalence",
          "valueCode" : "equivalent"
        }],
        "code" : "Z20.6",
        "equivalence" : "equivalent"
      }]
    },
    {
      "code" : "DE44",
      "target" : [{
        "modifierExtension" : [{
          "url" : "http://hl7.org/fhir/1.0/StructureDefinition/extension-ConceptMap.element.target.equivalence",
          "valueCode" : "equivalent"
        }],
        "code" : "R98",
        "equivalence" : "equivalent"
      }]
    },
    {
      "code" : "DE45",
      "target" : [{
        "modifierExtension" : [{
          "url" : "http://hl7.org/fhir/1.0/StructureDefinition/extension-ConceptMap.element.target.equivalence",
          "valueCode" : "equivalent"
        }],
        "code" : "Z91.1",
        "equivalence" : "equivalent"
      }]
    },
    {
      "code" : "DE47",
      "target" : [{
        "modifierExtension" : [{
          "url" : "http://hl7.org/fhir/1.0/StructureDefinition/extension-ConceptMap.element.target.equivalence",
          "valueCode" : "equivalent"
        }],
        "code" : "Z92.2",
        "equivalence" : "equivalent"
      }]
    },
    {
      "code" : "DE55",
      "target" : [{
        "modifierExtension" : [{
          "url" : "http://hl7.org/fhir/1.0/StructureDefinition/extension-ConceptMap.element.target.equivalence",
          "valueCode" : "equivalent"
        }],
        "code" : "T50.9",
        "equivalence" : "equivalent"
      }]
    },
    {
      "code" : "DE61",
      "target" : [{
        "modifierExtension" : [{
          "url" : "http://hl7.org/fhir/1.0/StructureDefinition/extension-ConceptMap.element.target.equivalence",
          "valueCode" : "equivalent"
        }],
        "code" : "Z75.3",
        "equivalence" : "equivalent"
      }]
    },
    {
      "code" : "DE62",
      "target" : [{
        "modifierExtension" : [{
          "url" : "http://hl7.org/fhir/1.0/StructureDefinition/extension-ConceptMap.element.target.equivalence",
          "valueCode" : "equivalent"
        }],
        "code" : "R69",
        "equivalence" : "equivalent"
      }]
    },
    {
      "code" : "DE65",
      "target" : [{
        "modifierExtension" : [{
          "url" : "http://hl7.org/fhir/1.0/StructureDefinition/extension-ConceptMap.element.target.equivalence",
          "valueCode" : "equivalent"
        }],
        "code" : "F32.9",
        "equivalence" : "equivalent"
      }]
    },
    {
      "code" : "DE66",
      "target" : [{
        "modifierExtension" : [{
          "url" : "http://hl7.org/fhir/1.0/StructureDefinition/extension-ConceptMap.element.target.equivalence",
          "valueCode" : "equivalent"
        }],
        "code" : "Z72.1",
        "equivalence" : "equivalent"
      }]
    },
    {
      "code" : "DE67",
      "target" : [{
        "modifierExtension" : [{
          "url" : "http://hl7.org/fhir/1.0/StructureDefinition/extension-ConceptMap.element.target.equivalence",
          "valueCode" : "equivalent"
        }],
        "code" : "Z72.2",
        "equivalence" : "equivalent"
      }]
    },
    {
      "code" : "DE69",
      "target" : [{
        "modifierExtension" : [{
          "url" : "http://hl7.org/fhir/1.0/StructureDefinition/extension-ConceptMap.element.target.equivalence",
          "valueCode" : "equivalent"
        }],
        "code" : "Z59.4",
        "equivalence" : "equivalent"
      }]
    },
    {
      "code" : "DE75",
      "target" : [{
        "modifierExtension" : [{
          "url" : "http://hl7.org/fhir/1.0/StructureDefinition/extension-ConceptMap.element.target.equivalence",
          "valueCode" : "equivalent"
        }],
        "code" : "T37.5",
        "equivalence" : "equivalent"
      }]
    },
    {
      "code" : "DE77",
      "target" : [{
        "modifierExtension" : [{
          "url" : "http://hl7.org/fhir/1.0/StructureDefinition/extension-ConceptMap.element.target.equivalence",
          "valueCode" : "equivalent"
        }],
        "code" : "T50.9",
        "equivalence" : "equivalent"
      }]
    },
    {
      "code" : "DE78",
      "target" : [{
        "modifierExtension" : [{
          "url" : "http://hl7.org/fhir/1.0/StructureDefinition/extension-ConceptMap.element.target.equivalence",
          "valueCode" : "equivalent"
        }],
        "code" : "Z59.6",
        "equivalence" : "equivalent"
      }]
    },
    {
      "code" : "DE79",
      "target" : [{
        "modifierExtension" : [{
          "url" : "http://hl7.org/fhir/1.0/StructureDefinition/extension-ConceptMap.element.target.equivalence",
          "valueCode" : "equivalent"
        }],
        "code" : "Z03.8",
        "equivalence" : "equivalent"
      }]
    }]
  },
  {
    "source" : "http://worldhealthorganization.github.io/smart/CodeSystem/HIV.H",
    "target" : "http://loinc.org",
    "element" : [{
      "code" : "DE2",
      "target" : [{
        "modifierExtension" : [{
          "url" : "http://hl7.org/fhir/1.0/StructureDefinition/extension-ConceptMap.element.target.equivalence",
          "valueCode" : "equivalent"
        }],
        "code" : "98867-5",
        "equivalence" : "equivalent"
      }]
    },
    {
      "code" : "DE3",
      "target" : [{
        "modifierExtension" : [{
          "url" : "http://hl7.org/fhir/1.0/StructureDefinition/extension-ConceptMap.element.target.equivalence",
          "valueCode" : "equivalent"
        }],
        "code" : "98867-5",
        "equivalence" : "equivalent"
      }]
    },
    {
      "code" : "DE11",
      "target" : [{
        "modifierExtension" : [{
          "url" : "http://hl7.org/fhir/1.0/StructureDefinition/extension-ConceptMap.element.target.equivalence",
          "valueCode" : "equivalent"
        }],
        "code" : "67723-7",
        "equivalence" : "equivalent"
      }]
    },
    {
      "code" : "DE38",
      "target" : [{
        "modifierExtension" : [{
          "url" : "http://hl7.org/fhir/1.0/StructureDefinition/extension-ConceptMap.element.target.equivalence",
          "valueCode" : "equivalent"
        }],
        "code" : "81954-0",
        "equivalence" : "equivalent"
      }]
    },
    {
      "code" : "DE39",
      "target" : [{
        "modifierExtension" : [{
          "url" : "http://hl7.org/fhir/1.0/StructureDefinition/extension-ConceptMap.element.target.equivalence",
          "valueCode" : "equivalent"
        }],
        "code" : "79378-6",
        "equivalence" : "equivalent"
      }]
    },
    {
      "code" : "DE40",
      "target" : [{
        "modifierExtension" : [{
          "url" : "http://hl7.org/fhir/1.0/StructureDefinition/extension-ConceptMap.element.target.equivalence",
          "valueCode" : "equivalent"
        }],
        "code" : "21987-3",
        "equivalence" : "equivalent"
      }]
    },
    {
      "code" : "DE43",
      "target" : [{
        "modifierExtension" : [{
          "url" : "http://hl7.org/fhir/1.0/StructureDefinition/extension-ConceptMap.element.target.equivalence",
          "valueCode" : "equivalent"
        }],
        "code" : "80413-8",
        "equivalence" : "equivalent"
      }]
    },
    {
      "code" : "DE45",
      "target" : [{
        "modifierExtension" : [{
          "url" : "http://hl7.org/fhir/1.0/StructureDefinition/extension-ConceptMap.element.target.equivalence",
          "valueCode" : "equivalent"
        }],
        "code" : "84298-9",
        "equivalence" : "equivalent"
      }]
    },
    {
      "code" : "DE46",
      "target" : [{
        "modifierExtension" : [{
          "url" : "http://hl7.org/fhir/1.0/StructureDefinition/extension-ConceptMap.element.target.equivalence",
          "valueCode" : "equivalent"
        }],
        "code" : "45237-5",
        "equivalence" : "equivalent"
      }]
    },
    {
      "code" : "DE51",
      "target" : [{
        "modifierExtension" : [{
          "url" : "http://hl7.org/fhir/1.0/StructureDefinition/extension-ConceptMap.element.target.equivalence",
          "valueCode" : "equivalent"
        }],
        "code" : "46582-3",
        "equivalence" : "equivalent"
      }]
    },
    {
      "code" : "DE52",
      "target" : [{
        "modifierExtension" : [{
          "url" : "http://hl7.org/fhir/1.0/StructureDefinition/extension-ConceptMap.element.target.equivalence",
          "valueCode" : "equivalent"
        }],
        "code" : "96385-0",
        "equivalence" : "equivalent"
      }]
    },
    {
      "code" : "DE55",
      "target" : [{
        "modifierExtension" : [{
          "url" : "http://hl7.org/fhir/1.0/StructureDefinition/extension-ConceptMap.element.target.equivalence",
          "valueCode" : "equivalent"
        }],
        "code" : "47242-3",
        "equivalence" : "equivalent"
      }]
    },
    {
      "code" : "DE62",
      "target" : [{
        "modifierExtension" : [{
          "url" : "http://hl7.org/fhir/1.0/StructureDefinition/extension-ConceptMap.element.target.equivalence",
          "valueCode" : "equivalent"
        }],
        "code" : "70410-6",
        "equivalence" : "equivalent"
      }]
    },
    {
      "code" : "DE65",
      "target" : [{
        "modifierExtension" : [{
          "url" : "http://hl7.org/fhir/1.0/StructureDefinition/extension-ConceptMap.element.target.equivalence",
          "valueCode" : "equivalent"
        }],
        "code" : "45666-5",
        "equivalence" : "equivalent"
      }]
    },
    {
      "code" : "DE66",
      "target" : [{
        "modifierExtension" : [{
          "url" : "http://hl7.org/fhir/1.0/StructureDefinition/extension-ConceptMap.element.target.equivalence",
          "valueCode" : "equivalent"
        }],
        "code" : "74205-6",
        "equivalence" : "equivalent"
      }]
    },
    {
      "code" : "DE67",
      "target" : [{
        "modifierExtension" : [{
          "url" : "http://hl7.org/fhir/1.0/StructureDefinition/extension-ConceptMap.element.target.equivalence",
          "valueCode" : "equivalent"
        }],
        "code" : "74204-9",
        "equivalence" : "equivalent"
      }]
    },
    {
      "code" : "DE69",
      "target" : [{
        "modifierExtension" : [{
          "url" : "http://hl7.org/fhir/1.0/StructureDefinition/extension-ConceptMap.element.target.equivalence",
          "valueCode" : "equivalent"
        }],
        "code" : "88124-3",
        "equivalence" : "equivalent"
      }]
    },
    {
      "code" : "DE73",
      "target" : [{
        "modifierExtension" : [{
          "url" : "http://hl7.org/fhir/1.0/StructureDefinition/extension-ConceptMap.element.target.equivalence",
          "valueCode" : "equivalent"
        }],
        "code" : "63939-3",
        "equivalence" : "equivalent"
      }]
    },
    {
      "code" : "DE76",
      "target" : [{
        "modifierExtension" : [{
          "url" : "http://hl7.org/fhir/1.0/StructureDefinition/extension-ConceptMap.element.target.equivalence",
          "valueCode" : "equivalent"
        }],
        "code" : "11337-3",
        "equivalence" : "equivalent"
      }]
    }]
  },
  {
    "source" : "http://worldhealthorganization.github.io/smart/CodeSystem/HIV.H",
    "target" : "http://snomed.info/sct",
    "element" : [{
      "code" : "DE2",
      "target" : [{
        "modifierExtension" : [{
          "url" : "http://hl7.org/fhir/1.0/StructureDefinition/extension-ConceptMap.element.target.equivalence",
          "valueCode" : "equivalent"
        }],
        "code" : "298058004",
        "equivalence" : "equivalent"
      }]
    },
    {
      "code" : "DE3",
      "target" : [{
        "modifierExtension" : [{
          "url" : "http://hl7.org/fhir/1.0/StructureDefinition/extension-ConceptMap.element.target.equivalence",
          "valueCode" : "equivalent"
        }],
        "code" : "182851001",
        "equivalence" : "equivalent"
      }]
    },
    {
      "code" : "DE4",
      "target" : [{
        "modifierExtension" : [{
          "url" : "http://hl7.org/fhir/1.0/StructureDefinition/extension-ConceptMap.element.target.equivalence",
          "valueCode" : "equivalent"
        }],
        "code" : "410524007",
        "equivalence" : "equivalent"
      }]
    },
    {
      "code" : "DE5",
      "target" : [{
        "modifierExtension" : [{
          "url" : "http://hl7.org/fhir/1.0/StructureDefinition/extension-ConceptMap.element.target.equivalence",
          "valueCode" : "equivalent"
        }],
        "code" : "255599008",
        "equivalence" : "equivalent"
      }]
    },
    {
      "code" : "DE6",
      "target" : [{
        "modifierExtension" : [{
          "url" : "http://hl7.org/fhir/1.0/StructureDefinition/extension-ConceptMap.element.target.equivalence",
          "valueCode" : "equivalent"
        }],
        "code" : "419984006",
        "equivalence" : "equivalent"
      }]
    },
    {
      "code" : "DE7",
      "target" : [{
        "modifierExtension" : [{
          "url" : "http://hl7.org/fhir/1.0/StructureDefinition/extension-ConceptMap.element.target.equivalence",
          "valueCode" : "equivalent"
        }],
        "code" : "165355002",
        "equivalence" : "equivalent"
      }]
    },
    {
      "code" : "DE10",
      "target" : [{
        "modifierExtension" : [{
          "url" : "http://hl7.org/fhir/1.0/StructureDefinition/extension-ConceptMap.element.target.equivalence",
          "valueCode" : "equivalent"
        }],
        "code" : "11723008",
        "equivalence" : "equivalent"
      }]
    },
    {
      "code" : "DE11",
      "target" : [{
        "modifierExtension" : [{
          "url" : "http://hl7.org/fhir/1.0/StructureDefinition/extension-ConceptMap.element.target.equivalence",
          "valueCode" : "equivalent"
        }],
        "code" : "439771001",
        "equivalence" : "equivalent"
      }]
    },
    {
      "code" : "DE12",
      "target" : [{
        "modifierExtension" : [{
          "url" : "http://hl7.org/fhir/1.0/StructureDefinition/extension-ConceptMap.element.target.equivalence",
          "valueCode" : "equivalent"
        }],
        "code" : "398321007",
        "equivalence" : "equivalent"
      }]
    },
    {
      "code" : "DE14",
      "target" : [{
        "modifierExtension" : [{
          "url" : "http://hl7.org/fhir/1.0/StructureDefinition/extension-ConceptMap.element.target.equivalence",
          "valueCode" : "equivalent"
        }],
        "code" : "439708006",
        "equivalence" : "equivalent"
      }]
    },
    {
      "code" : "DE15",
      "target" : [{
        "modifierExtension" : [{
          "url" : "http://hl7.org/fhir/1.0/StructureDefinition/extension-ConceptMap.element.target.equivalence",
          "valueCode" : "equivalent"
        }],
        "code" : "711408005",
        "equivalence" : "equivalent"
      }]
    },
    {
      "code" : "DE16",
      "target" : [{
        "modifierExtension" : [{
          "url" : "http://hl7.org/fhir/1.0/StructureDefinition/extension-ConceptMap.element.target.equivalence",
          "valueCode" : "equivalent"
        }],
        "code" : "129013008",
        "equivalence" : "equivalent"
      }]
    },
    {
      "code" : "DE18",
      "target" : [{
        "modifierExtension" : [{
          "url" : "http://hl7.org/fhir/1.0/StructureDefinition/extension-ConceptMap.element.target.equivalence",
          "valueCode" : "equivalent"
        }],
        "code" : "225330006",
        "equivalence" : "equivalent"
      }]
    },
    {
      "code" : "DE19",
      "target" : [{
        "modifierExtension" : [{
          "url" : "http://hl7.org/fhir/1.0/StructureDefinition/extension-ConceptMap.element.target.equivalence",
          "valueCode" : "equivalent"
        }],
        "code" : "1155752006",
        "equivalence" : "equivalent"
      }]
    },
    {
      "code" : "DE20",
      "target" : [{
        "modifierExtension" : [{
          "url" : "http://hl7.org/fhir/1.0/StructureDefinition/extension-ConceptMap.element.target.equivalence",
          "valueCode" : "equivalent"
        }],
        "code" : "303071001",
        "equivalence" : "equivalent"
      }]
    },
    {
      "code" : "DE24",
      "target" : [{
        "modifierExtension" : [{
          "url" : "http://hl7.org/fhir/1.0/StructureDefinition/extension-ConceptMap.element.target.equivalence",
          "valueCode" : "equivalent"
        }],
        "code" : "7528007",
        "equivalence" : "equivalent"
      }]
    },
    {
      "code" : "DE25",
      "target" : [{
        "modifierExtension" : [{
          "url" : "http://hl7.org/fhir/1.0/StructureDefinition/extension-ConceptMap.element.target.equivalence",
          "valueCode" : "equivalent"
        }],
        "code" : "19712007",
        "equivalence" : "equivalent"
      }]
    },
    {
      "code" : "DE26",
      "target" : [{
        "modifierExtension" : [{
          "url" : "http://hl7.org/fhir/1.0/StructureDefinition/extension-ConceptMap.element.target.equivalence",
          "valueCode" : "equivalent"
        }],
        "code" : "32485007",
        "equivalence" : "equivalent"
      }]
    },
    {
      "code" : "DE27",
      "target" : [{
        "modifierExtension" : [{
          "url" : "http://hl7.org/fhir/1.0/StructureDefinition/extension-ConceptMap.element.target.equivalence",
          "valueCode" : "equivalent"
        }],
        "code" : "413311005",
        "equivalence" : "equivalent"
      }]
    },
    {
      "code" : "DE28",
      "target" : [{
        "modifierExtension" : [{
          "url" : "http://hl7.org/fhir/1.0/StructureDefinition/extension-ConceptMap.element.target.equivalence",
          "valueCode" : "equivalent"
        }],
        "code" : "385660001",
        "equivalence" : "equivalent"
      }]
    },
    {
      "code" : "DE29",
      "target" : [{
        "modifierExtension" : [{
          "url" : "http://hl7.org/fhir/1.0/StructureDefinition/extension-ConceptMap.element.target.equivalence",
          "valueCode" : "equivalent"
        }],
        "code" : "419099009",
        "equivalence" : "equivalent"
      }]
    },
    {
      "code" : "DE30",
      "target" : [{
        "modifierExtension" : [{
          "url" : "http://hl7.org/fhir/1.0/StructureDefinition/extension-ConceptMap.element.target.equivalence",
          "valueCode" : "equivalent"
        }],
        "code" : "184081006",
        "equivalence" : "equivalent"
      }]
    },
    {
      "code" : "DE31",
      "target" : [{
        "modifierExtension" : [{
          "url" : "http://hl7.org/fhir/1.0/StructureDefinition/extension-ConceptMap.element.target.equivalence",
          "valueCode" : "equivalent"
        }],
        "code" : "439771001",
        "equivalence" : "equivalent"
      }]
    },
    {
      "code" : "DE32",
      "target" : [{
        "modifierExtension" : [{
          "url" : "http://hl7.org/fhir/1.0/StructureDefinition/extension-ConceptMap.element.target.equivalence",
          "valueCode" : "equivalent"
        }],
        "code" : "758638001",
        "equivalence" : "equivalent"
      }]
    },
    {
      "code" : "DE33",
      "target" : [{
        "modifierExtension" : [{
          "url" : "http://hl7.org/fhir/1.0/StructureDefinition/extension-ConceptMap.element.target.equivalence",
          "valueCode" : "equivalent"
        }],
        "code" : "262043009",
        "equivalence" : "equivalent"
      }]
    },
    {
      "code" : "DE35",
      "target" : [{
        "modifierExtension" : [{
          "url" : "http://hl7.org/fhir/1.0/StructureDefinition/extension-ConceptMap.element.target.equivalence",
          "valueCode" : "equivalent"
        }],
        "code" : "473302008",
        "equivalence" : "equivalent"
      }]
    },
    {
      "code" : "DE36",
      "target" : [{
        "modifierExtension" : [{
          "url" : "http://hl7.org/fhir/1.0/StructureDefinition/extension-ConceptMap.element.target.equivalence",
          "valueCode" : "equivalent"
        }],
        "code" : "441308009",
        "equivalence" : "equivalent"
      }]
    },
    {
      "code" : "DE37",
      "target" : [{
        "modifierExtension" : [{
          "url" : "http://hl7.org/fhir/1.0/StructureDefinition/extension-ConceptMap.element.target.equivalence",
          "valueCode" : "equivalent"
        }],
        "code" : "165815009",
        "equivalence" : "equivalent"
      }]
    },
    {
      "code" : "DE38",
      "target" : [{
        "modifierExtension" : [{
          "url" : "http://hl7.org/fhir/1.0/StructureDefinition/extension-ConceptMap.element.target.equivalence",
          "valueCode" : "equivalent"
        }],
        "code" : "399753006",
        "equivalence" : "equivalent"
      }]
    },
    {
      "code" : "DE39",
      "target" : [{
        "modifierExtension" : [{
          "url" : "http://hl7.org/fhir/1.0/StructureDefinition/extension-ConceptMap.element.target.equivalence",
          "valueCode" : "equivalent"
        }],
        "code" : "184305005",
        "equivalence" : "equivalent"
      }]
    },
    {
      "code" : "DE40",
      "target" : [{
        "modifierExtension" : [{
          "url" : "http://hl7.org/fhir/1.0/StructureDefinition/extension-ConceptMap.element.target.equivalence",
          "valueCode" : "equivalent"
        }],
        "code" : "313384009",
        "equivalence" : "equivalent"
      }]
    },
    {
      "code" : "DE42",
      "target" : [{
        "modifierExtension" : [{
          "url" : "http://hl7.org/fhir/1.0/StructureDefinition/extension-ConceptMap.element.target.equivalence",
          "valueCode" : "equivalent"
        }],
        "code" : "399307001",
        "equivalence" : "equivalent"
      }]
    },
    {
      "code" : "DE43",
      "target" : [{
        "modifierExtension" : [{
          "url" : "http://hl7.org/fhir/1.0/StructureDefinition/extension-ConceptMap.element.target.equivalence",
          "valueCode" : "equivalent"
        }],
        "code" : "107724000",
        "equivalence" : "equivalent"
      }]
    },
    {
      "code" : "DE44",
      "target" : [{
        "modifierExtension" : [{
          "url" : "http://hl7.org/fhir/1.0/StructureDefinition/extension-ConceptMap.element.target.equivalence",
          "valueCode" : "equivalent"
        }],
        "code" : "419099009",
        "equivalence" : "equivalent"
      }]
    },
    {
      "code" : "DE45",
      "target" : [{
        "modifierExtension" : [{
          "url" : "http://hl7.org/fhir/1.0/StructureDefinition/extension-ConceptMap.element.target.equivalence",
          "valueCode" : "equivalent"
        }],
        "code" : "413311005",
        "equivalence" : "equivalent"
      }]
    },
    {
      "code" : "DE46",
      "target" : [{
        "modifierExtension" : [{
          "url" : "http://hl7.org/fhir/1.0/StructureDefinition/extension-ConceptMap.element.target.equivalence",
          "valueCode" : "equivalent"
        }],
        "code" : "439771001",
        "equivalence" : "equivalent"
      }]
    },
    {
      "code" : "DE47",
      "target" : [{
        "modifierExtension" : [{
          "url" : "http://hl7.org/fhir/1.0/StructureDefinition/extension-ConceptMap.element.target.equivalence",
          "valueCode" : "equivalent"
        }],
        "code" : "182881009",
        "equivalence" : "equivalent"
      }]
    },
    {
      "code" : "DE48",
      "target" : [{
        "modifierExtension" : [{
          "url" : "http://hl7.org/fhir/1.0/StructureDefinition/extension-ConceptMap.element.target.equivalence",
          "valueCode" : "equivalent"
        }],
        "code" : "439771001",
        "equivalence" : "equivalent"
      }]
    },
    {
      "code" : "DE49",
      "target" : [{
        "modifierExtension" : [{
          "url" : "http://hl7.org/fhir/1.0/StructureDefinition/extension-ConceptMap.element.target.equivalence",
          "valueCode" : "equivalent"
        }],
        "code" : "74996004",
        "equivalence" : "equivalent"
      }]
    },
    {
      "code" : "DE51",
      "target" : [{
        "modifierExtension" : [{
          "url" : "http://hl7.org/fhir/1.0/StructureDefinition/extension-ConceptMap.element.target.equivalence",
          "valueCode" : "equivalent"
        }],
        "code" : "439771001",
        "equivalence" : "equivalent"
      }]
    },
    {
      "code" : "DE52",
      "target" : [{
        "modifierExtension" : [{
          "url" : "http://hl7.org/fhir/1.0/StructureDefinition/extension-ConceptMap.element.target.equivalence",
          "valueCode" : "equivalent"
        }],
        "code" : "410128003",
        "equivalence" : "equivalent"
      }]
    },
    {
      "code" : "DE54",
      "target" : [{
        "modifierExtension" : [{
          "url" : "http://hl7.org/fhir/1.0/StructureDefinition/extension-ConceptMap.element.target.equivalence",
          "valueCode" : "equivalent"
        }],
        "code" : "408367005",
        "equivalence" : "equivalent"
      }]
    },
    {
      "code" : "DE55",
      "target" : [{
        "modifierExtension" : [{
          "url" : "http://hl7.org/fhir/1.0/StructureDefinition/extension-ConceptMap.element.target.equivalence",
          "valueCode" : "equivalent"
        }],
        "code" : "182864000",
        "equivalence" : "equivalent"
      }]
    },
    {
      "code" : "DE56",
      "target" : [{
        "modifierExtension" : [{
          "url" : "http://hl7.org/fhir/1.0/StructureDefinition/extension-ConceptMap.element.target.equivalence",
          "valueCode" : "equivalent"
        }],
        "code" : "285623001",
        "equivalence" : "equivalent"
      }]
    },
    {
      "code" : "DE57",
      "target" : [{
        "modifierExtension" : [{
          "url" : "http://hl7.org/fhir/1.0/StructureDefinition/extension-ConceptMap.element.target.equivalence",
          "valueCode" : "equivalent"
        }],
        "code" : "225789002",
        "equivalence" : "equivalent"
      }]
    },
    {
      "code" : "DE58",
      "target" : [{
        "modifierExtension" : [{
          "url" : "http://hl7.org/fhir/1.0/StructureDefinition/extension-ConceptMap.element.target.equivalence",
          "valueCode" : "equivalent"
        }],
        "code" : "300608009",
        "equivalence" : "equivalent"
      }]
    },
    {
      "code" : "DE59",
      "target" : [{
        "modifierExtension" : [{
          "url" : "http://hl7.org/fhir/1.0/StructureDefinition/extension-ConceptMap.element.target.equivalence",
          "valueCode" : "equivalent"
        }],
        "code" : "277753008",
        "equivalence" : "equivalent"
      }]
    },
    {
      "code" : "DE60",
      "target" : [{
        "modifierExtension" : [{
          "url" : "http://hl7.org/fhir/1.0/StructureDefinition/extension-ConceptMap.element.target.equivalence",
          "valueCode" : "equivalent"
        }],
        "code" : "182869005",
        "equivalence" : "equivalent"
      }]
    },
    {
      "code" : "DE61",
      "target" : [{
        "modifierExtension" : [{
          "url" : "http://hl7.org/fhir/1.0/StructureDefinition/extension-ConceptMap.element.target.equivalence",
          "valueCode" : "equivalent"
        }],
        "code" : "182856006",
        "equivalence" : "equivalent"
      }]
    },
    {
      "code" : "DE62",
      "target" : [{
        "modifierExtension" : [{
          "url" : "http://hl7.org/fhir/1.0/StructureDefinition/extension-ConceptMap.element.target.equivalence",
          "valueCode" : "equivalent"
        }],
        "code" : "39104002",
        "equivalence" : "equivalent"
      }]
    },
    {
      "code" : "DE64",
      "target" : [{
        "modifierExtension" : [{
          "url" : "http://hl7.org/fhir/1.0/StructureDefinition/extension-ConceptMap.element.target.equivalence",
          "valueCode" : "equivalent"
        }],
        "code" : "17326005",
        "equivalence" : "equivalent"
      }]
    },
    {
      "code" : "DE65",
      "target" : [{
        "modifierExtension" : [{
          "url" : "http://hl7.org/fhir/1.0/StructureDefinition/extension-ConceptMap.element.target.equivalence",
          "valueCode" : "equivalent"
        }],
        "code" : "35489007",
        "equivalence" : "equivalent"
      }]
    },
    {
      "code" : "DE66",
      "target" : [{
        "modifierExtension" : [{
          "url" : "http://hl7.org/fhir/1.0/StructureDefinition/extension-ConceptMap.element.target.equivalence",
          "valueCode" : "equivalent"
        }],
        "code" : "219006",
        "equivalence" : "equivalent"
      }]
    },
    {
      "code" : "DE67",
      "target" : [{
        "modifierExtension" : [{
          "url" : "http://hl7.org/fhir/1.0/StructureDefinition/extension-ConceptMap.element.target.equivalence",
          "valueCode" : "equivalent"
        }],
        "code" : "417284009",
        "equivalence" : "equivalent"
      }]
    },
    {
      "code" : "DE68",
      "target" : [{
        "modifierExtension" : [{
          "url" : "http://hl7.org/fhir/1.0/StructureDefinition/extension-ConceptMap.element.target.equivalence",
          "valueCode" : "equivalent"
        }],
        "code" : "9097005",
        "equivalence" : "equivalent"
      }]
    },
    {
      "code" : "DE69",
      "target" : [{
        "modifierExtension" : [{
          "url" : "http://hl7.org/fhir/1.0/StructureDefinition/extension-ConceptMap.element.target.equivalence",
          "valueCode" : "equivalent"
        }],
        "code" : "212968006",
        "equivalence" : "equivalent"
      }]
    },
    {
      "code" : "DE70",
      "target" : [{
        "modifierExtension" : [{
          "url" : "http://hl7.org/fhir/1.0/StructureDefinition/extension-ConceptMap.element.target.equivalence",
          "valueCode" : "equivalent"
        }],
        "code" : "302188001",
        "equivalence" : "equivalent"
      }]
    },
    {
      "code" : "DE73",
      "target" : [{
        "modifierExtension" : [{
          "url" : "http://hl7.org/fhir/1.0/StructureDefinition/extension-ConceptMap.element.target.equivalence",
          "valueCode" : "equivalent"
        }],
        "code" : "413947000",
        "equivalence" : "equivalent"
      }]
    },
    {
      "code" : "DE75",
      "target" : [{
        "modifierExtension" : [{
          "url" : "http://hl7.org/fhir/1.0/StructureDefinition/extension-ConceptMap.element.target.equivalence",
          "valueCode" : "equivalent"
        }],
        "code" : "182864000",
        "equivalence" : "equivalent"
      }]
    },
    {
      "code" : "DE76",
      "target" : [{
        "modifierExtension" : [{
          "url" : "http://hl7.org/fhir/1.0/StructureDefinition/extension-ConceptMap.element.target.equivalence",
          "valueCode" : "equivalent"
        }],
        "code" : "32485007",
        "equivalence" : "equivalent"
      }]
    },
    {
      "code" : "DE77",
      "target" : [{
        "modifierExtension" : [{
          "url" : "http://hl7.org/fhir/1.0/StructureDefinition/extension-ConceptMap.element.target.equivalence",
          "valueCode" : "equivalent"
        }],
        "code" : "182856006",
        "equivalence" : "equivalent"
      }]
    },
    {
      "code" : "DE78",
      "target" : [{
        "modifierExtension" : [{
          "url" : "http://hl7.org/fhir/1.0/StructureDefinition/extension-ConceptMap.element.target.equivalence",
          "valueCode" : "equivalent"
        }],
        "code" : "11403006",
        "equivalence" : "equivalent"
      }]
    },
    {
      "code" : "DE79",
      "target" : [{
        "modifierExtension" : [{
          "url" : "http://hl7.org/fhir/1.0/StructureDefinition/extension-ConceptMap.element.target.equivalence",
          "valueCode" : "equivalent"
        }],
        "code" : "165815009",
        "equivalence" : "equivalent"
      }]
    }]
  }]
}