{
  "resourceType" : "PlanDefinition",
  "id" : "HIVD12DT",
  "text" : {
    "status" : "generated",
    "div" : "<div xmlns=\"http://www.w3.org/1999/xhtml\"><p><b>Generated Narrative: PlanDefinition </b><a name=\"HIVD12DT\"> </a><a name=\"hcHIVD12DT\"> </a></p><div style=\"display: inline-block; background-color: #d9e0e7; padding: 6px; margin: 4px; border: 1px solid #8da1b4; border-radius: 5px; line-height: 60%\"><p style=\"margin-bottom: 0px\">ResourcePlanDefinition &quot;HIVD12DT&quot; </p></div><p><b>url</b>: <code>http://fhir.org/guides/who/anc-cds/PlanDefinition/HIVD12DT</code></p><p><b>identifier</b>: HIV.D12.DT\u00a0(use:\u00a0official)</p><p><b>version</b>: 0.3.0</p><p><b>name</b>: HIVD12DT</p><p><b>title</b>: HIV.D12.DT</p><p><b>type</b>: ECA Rule <span style=\"background: LightGoldenRodYellow; margin: 4px; border: 1px solid khaki\"> (<a href=\"http://terminology.hl7.org/5.5.0/CodeSystem-plan-definition-type.html\">PlanDefinitionType</a>#eca-rule)</span></p><p><b>status</b>: active</p><p><b>experimental</b>: false</p><p><b>date</b>: 2024-03-26 13:56:58+0300</p><p><b>publisher</b>: World Health Organization (WHO) </p><p><b>contact</b>: <a href=\"https://www.who.int\">https://www.who.int</a></p><p><b>description</b>: Determine recommended screenings and tests</p><h3>UseContexts</h3><table class=\"grid\"><tr><td style=\"display: none\">-</td><td><b>Code</b></td><td><b>Value[x]</b></td></tr><tr><td style=\"display: none\">*</td><td>Workflow Task (Details: UsageContextType code task  = ' Workflow Task ', stated as ' Workflow Task ')</td><td>recommended screenings and tests <span style=\"background: LightGoldenRodYellow; margin: 4px; border: 1px solid khaki\"> (activity-codes#HIV.D12.Determine)</span></td></tr></table><p><b>jurisdiction</b>: Global (Whole world) <span style=\"background: LightGoldenRodYellow; margin: 4px; border: 1px solid khaki\"> (m49.htm#001)</span></p><p><b>library</b>: <a href=\"http://fhir.org/guides/who/anc-cds/Library/HIVD12DT\">http://fhir.org/guides/who/anc-cds/Library/HIVD12DT</a></p><blockquote><p><b>action</b></p><p><b>title</b>: HIV.D12.DT</p><h3>Triggers</h3><table class=\"grid\"><tr><td style=\"display: none\">-</td><td><b>Type</b></td><td><b>Name</b></td></tr><tr><td style=\"display: none\">*</td><td>named-event</td><td>HIV.D12.Determine recommended screenings and tests</td></tr></table><blockquote><p><b>action</b></p><blockquote><p><b>id</b></p>1</blockquote><p><b>title</b>: Recommended actions:CD4 cell countTB symptom screeningDesirable actions:HBV (HBsAg) serologyHCV serologyScreen for sexually transmitted infections   Assess for major noncommunicable chronic diseases and comorbiditiesGeneral care activities recommended: Determine WHO clinical stage based on past and current HIV-related conditionsPrepare for ARTPrepare, assess and support adherenceProvide family planning and contraceptionSupport disclosure and partner notificationCounsel on risk reduction and combination HIV prevention approachesAssess, prevent and manage noncommunicable diseasesScreen for and manage mental health problemsScreen for and manage and substance use issuesProvide psychosocial counselling and supportManage pain and symptomsConduct a nutritional assessment and counsel on nutritionPreventing and treating coinfections: Provide co-trimoxazole preventive therapyConduct intensified TB case-findingProvide isoniazid preventive therapyScreen for cryptococcal infection and fungal prophylaxisPrevent malaria (insecticide- treated  bed-nets and prophylaxis)Screen for sexually transmitted infectionsAssess for vaccine-preventable diseases</p><p><b>description</b>: Recommended actions:CD4 cell countTB symptom screeningDesirable actions:HBV (HBsAg) serologyHCV serologyScreen for sexually transmitted infections   Assess for major noncommunicable chronic diseases and comorbiditiesGeneral care activities recommended: Determine WHO clinical stage based on past and current HIV-related conditionsPrepare for ARTPrepare, assess and support adherenceProvide family planning and contraceptionSupport disclosure and partner notificationCounsel on risk reduction and combination HIV prevention approachesAssess, prevent and manage noncommunicable diseasesScreen for and manage mental health problemsScreen for and manage and substance use issuesProvide psychosocial counselling and supportManage pain and symptomsConduct a nutritional assessment and counsel on nutritionPreventing and treating coinfections: Provide co-trimoxazole preventive therapyConduct intensified TB case-findingProvide isoniazid preventive therapyScreen for cryptococcal infection and fungal prophylaxisPrevent malaria (insecticide- treated  bed-nets and prophylaxis)Screen for sexually transmitted infectionsAssess for vaccine-preventable diseases</p><p><b>textEquivalent</b>: If feasible, HBsAg testing should be performed at baseline to identify people with HIV and HBV coinfection and who should, therefore, initiate TDF-containing ART.</p><blockquote><p><b>documentation</b></p></blockquote><blockquote><p><b>condition</b></p></blockquote><blockquote><p><b>action</b></p></blockquote><blockquote><p><b>action</b></p></blockquote></blockquote><blockquote><p><b>action</b></p><blockquote><p><b>id</b></p>2</blockquote><p><b>title</b>: Recommended:CD4 cell countTB symptom screeningDesirable: HBV (HBsAg) serologyHCV serologyScreen for sexually transmitted infections   Assess for major noncommunicable chronic diseases and comorbiditiesGeneral care activities recommended: Determine WHO clinical stage based on past and current HIV-related conditionsPrepare for ARTPrepare, assess and support adherenceProvide family planning and contraceptionSupport disclosure and partner notificationCounsel on risk reduction and combination HIV prevention approachesAssess, prevent and manage noncommunicable diseasesScreen for and manage mental health problemsScreen for and manage and substance use issuesProvide psychosocial counselling and supportManage pain and symptomsConduct a nutritional, growth and development assessmentPreventing and treating coinfections: Provide co-trimoxazole preventive therapyConduct intensified TB case-findingProvide isoniazid preventive therapyScreen for cryptococcal infection and fungal prophylaxisPrevent malaria (insecticide- treated  bed-nets and prophylaxis)Screen for sexually transmitted infectionsAssess for vaccine-preventable diseases</p><p><b>description</b>: Recommended:CD4 cell countTB symptom screeningDesirable: HBV (HBsAg) serologyHCV serologyScreen for sexually transmitted infections   Assess for major noncommunicable chronic diseases and comorbiditiesGeneral care activities recommended: Determine WHO clinical stage based on past and current HIV-related conditionsPrepare for ARTPrepare, assess and support adherenceProvide family planning and contraceptionSupport disclosure and partner notificationCounsel on risk reduction and combination HIV prevention approachesAssess, prevent and manage noncommunicable diseasesScreen for and manage mental health problemsScreen for and manage and substance use issuesProvide psychosocial counselling and supportManage pain and symptomsConduct a nutritional, growth and development assessmentPreventing and treating coinfections: Provide co-trimoxazole preventive therapyConduct intensified TB case-findingProvide isoniazid preventive therapyScreen for cryptococcal infection and fungal prophylaxisPrevent malaria (insecticide- treated  bed-nets and prophylaxis)Screen for sexually transmitted infectionsAssess for vaccine-preventable diseases</p><p><b>textEquivalent</b>: If feasible, HBsAg testing should be performed at baseline to identify people with HIV and HBV coinfection and who should, therefore, initiate TDF-containing ART.</p><blockquote><p><b>documentation</b></p></blockquote><blockquote><p><b>condition</b></p></blockquote><blockquote><p><b>action</b></p></blockquote><blockquote><p><b>action</b></p></blockquote></blockquote><blockquote><p><b>action</b></p><blockquote><p><b>id</b></p>3</blockquote><p><b>title</b>: Desirable actions:Cryptococcus antigen test</p><p><b>description</b>: Desirable actions:Cryptococcus antigen test</p><p><b>textEquivalent</b>: Country setting: In settings with a high prevalence of cryptococcal antigenaemia (&gt;3%) and with a low CD4 count, a cryptococcus antigen test can be considered.</p><blockquote><p><b>documentation</b></p></blockquote><blockquote><p><b>condition</b></p></blockquote><blockquote><p><b>action</b></p></blockquote><blockquote><p><b>action</b></p></blockquote></blockquote><blockquote><p><b>action</b></p><blockquote><p><b>id</b></p>4</blockquote><p><b>title</b>: Desirable actions: Pregnancy test </p><p><b>description</b>: Desirable actions: Pregnancy test </p><p><b>textEquivalent</b>: Country setting: In settings with a high prevalence of cryptococcal antigenaemia (&gt;3%) and with a low CD4 count, a cryptococcus antigen test can be considered.</p><blockquote><p><b>documentation</b></p></blockquote><blockquote><p><b>condition</b></p></blockquote><blockquote><p><b>action</b></p></blockquote><blockquote><p><b>action</b></p></blockquote></blockquote><blockquote><p><b>action</b></p><blockquote><p><b>id</b></p>5</blockquote><p><b>title</b>: Recommended: Baseline CD4 cell count for identifying advanced HIV diseaseAge-appropriate TB symptom screeningDesirable: Blood pressure measurement General care activities recommended:Preparing people for ARTWHO clinical staging, past and current HIV- related conditionsPreparing, assessing and supporting adherencePregnancy status, family planning and contraceptionSupport for disclosure and partner notificationRisk-reduction counselling and combination and HIV prevention approachesScreening for, preventing and managing noncommunicable diseasesScreening for and managing mental health problems and substance usePsychosocial counselling and supportManaging pain and symptomsNutritional assessment and counsellingInfant and child feedingNutritional, growth and development assessment for children and adolescentsPreventing and treating coinfections: Co-trimoxazole preventive therapyIntensified TB case- findingIsoniazid preventive therapyScreening for cryptococcal infection and fungal prophylaxis when appropriateScreening for hepatitis B and CMalaria prevention (insecticide-treated bed nets and prophylaxis)Screening for sexually transmitted infectionsPreventing and screening for cervical cancerAssessing for vaccine- preventable diseases other than HBV and HCV infection</p><p><b>description</b>: Recommended: Baseline CD4 cell count for identifying advanced HIV diseaseAge-appropriate TB symptom screeningDesirable: Blood pressure measurement General care activities recommended:Preparing people for ARTWHO clinical staging, past and current HIV- related conditionsPreparing, assessing and supporting adherencePregnancy status, family planning and contraceptionSupport for disclosure and partner notificationRisk-reduction counselling and combination and HIV prevention approachesScreening for, preventing and managing noncommunicable diseasesScreening for and managing mental health problems and substance usePsychosocial counselling and supportManaging pain and symptomsNutritional assessment and counsellingInfant and child feedingNutritional, growth and development assessment for children and adolescentsPreventing and treating coinfections: Co-trimoxazole preventive therapyIntensified TB case- findingIsoniazid preventive therapyScreening for cryptococcal infection and fungal prophylaxis when appropriateScreening for hepatitis B and CMalaria prevention (insecticide-treated bed nets and prophylaxis)Screening for sexually transmitted infectionsPreventing and screening for cervical cancerAssessing for vaccine- preventable diseases other than HBV and HCV infection</p><p><b>textEquivalent</b>: Country setting: In settings with a high prevalence of cryptococcal antigenaemia (&gt;3%) and with a low CD4 count, a cryptococcus antigen test can be considered.</p><blockquote><p><b>documentation</b></p></blockquote><blockquote><p><b>condition</b></p></blockquote><blockquote><p><b>action</b></p></blockquote><blockquote><p><b>action</b></p></blockquote></blockquote><blockquote><p><b>action</b></p><blockquote><p><b>id</b></p>6</blockquote><p><b>title</b>: Perform a cryptococcal antigen for adults and adolescents</p><p><b>description</b>: Perform a cryptococcal antigen for adults and adolescents</p><p><b>textEquivalent</b>: Country setting: In settings with a high prevalence of cryptococcal antigenaemia (&gt;3%) and with a low CD4 count, a cryptococcus antigen test can be considered.</p><blockquote><p><b>documentation</b></p></blockquote><blockquote><p><b>condition</b></p></blockquote><blockquote><p><b>action</b></p></blockquote><blockquote><p><b>action</b></p></blockquote></blockquote><blockquote><p><b>action</b></p><blockquote><p><b>id</b></p>7</blockquote><p><b>title</b>: Desirable actions: Haemoglobin test</p><p><b>description</b>: Desirable actions: Haemoglobin test</p><p><b>textEquivalent</b>: Country setting: In settings with a high prevalence of cryptococcal antigenaemia (&gt;3%) and with a low CD4 count, a cryptococcus antigen test can be considered.</p><blockquote><p><b>documentation</b></p></blockquote><blockquote><p><b>condition</b></p></blockquote><blockquote><p><b>action</b></p></blockquote><blockquote><p><b>action</b></p></blockquote></blockquote><blockquote><p><b>action</b></p><blockquote><p><b>id</b></p>8</blockquote><p><b>title</b>: Desirable actions: Serum creatinine testEstimated glomerular filtration rate (eGFR) </p><p><b>description</b>: Desirable actions: Serum creatinine testEstimated glomerular filtration rate (eGFR) </p><p><b>textEquivalent</b>: Country setting: In settings with a high prevalence of cryptococcal antigenaemia (&gt;3%) and with a low CD4 count, a cryptococcus antigen test can be considered.</p><blockquote><p><b>documentation</b></p></blockquote><blockquote><p><b>condition</b></p></blockquote><blockquote><p><b>action</b></p></blockquote><blockquote><p><b>action</b></p></blockquote></blockquote><blockquote><p><b>action</b></p><blockquote><p><b>id</b></p>9</blockquote><p><b>title</b>: Desirable actions: Pregnancy test</p><p><b>description</b>: Desirable actions: Pregnancy test</p><p><b>textEquivalent</b>: Country setting: In settings with a high prevalence of cryptococcal antigenaemia (&gt;3%) and with a low CD4 count, a cryptococcus antigen test can be considered.</p><blockquote><p><b>documentation</b></p></blockquote><blockquote><p><b>condition</b></p></blockquote><blockquote><p><b>action</b></p></blockquote><blockquote><p><b>action</b></p></blockquote></blockquote><blockquote><p><b>action</b></p><blockquote><p><b>id</b></p>10</blockquote><p><b>title</b>: Recommended actions:Schedule the following viral load tests: HIV viral load test ≤ (ART start date + 6 months)HIV viral load test ≤ (ART start date + 12 months)HIV viral load test every 12 months thereafterPerform a CD4 cell count every 6 months until &quot;Established on ART&quot; = TRUEDesirable actions:Serum creatinine and estimated glomerular filtration rate for TDFRecommended general care activities: Adherence support interventions should be provided to people on ART (p xxxix of source).Manage current medications.Provide family planning and contraception.Support disclosure and partner notification.Counsel on risk reduction and combination HIV prevention approaches.Assess, prevent and manage noncommunicable diseases.Screen for and manage mental health problems.Screen for and manage and substance use issues.Provide psychosocial counselling and support.Manage pain and symptoms.Conduct a nutritional assessment and counsel on nutrition.Preventing and treating coinfections:Provide co-trimoxazole preventive therapyPrevent malaria (insecticide- treated  bed-nets and prophylaxis)Screen for sexually transmitted infectionsAssess for vaccine-preventable diseases</p><p><b>description</b>: Recommended actions:Schedule the following viral load tests: HIV viral load test ≤ (ART start date + 6 months)HIV viral load test ≤ (ART start date + 12 months)HIV viral load test every 12 months thereafterPerform a CD4 cell count every 6 months until &quot;Established on ART&quot; = TRUEDesirable actions:Serum creatinine and estimated glomerular filtration rate for TDFRecommended general care activities: Adherence support interventions should be provided to people on ART (p xxxix of source).Manage current medications.Provide family planning and contraception.Support disclosure and partner notification.Counsel on risk reduction and combination HIV prevention approaches.Assess, prevent and manage noncommunicable diseases.Screen for and manage mental health problems.Screen for and manage and substance use issues.Provide psychosocial counselling and support.Manage pain and symptoms.Conduct a nutritional assessment and counsel on nutrition.Preventing and treating coinfections:Provide co-trimoxazole preventive therapyPrevent malaria (insecticide- treated  bed-nets and prophylaxis)Screen for sexually transmitted infectionsAssess for vaccine-preventable diseases</p><p><b>textEquivalent</b>: Consider assessing for the presence of noncommunicable diseases that can influence ART management, such as hypertension and other cardiovascular diseases, diabetes and TB according to the WHO Package of Essential Noncommunicable Disease Interventions (PEN), Mental Health Gap Action Programme (mhGAP) or national standard protocols (see Chapter 6 of source). Monitoring may include a range of tests, including serum creatinine and estimated glomerular filtration rate, serum phosphate and urine dipsticks for proteinuria and glycosuria.</p><blockquote><p><b>documentation</b></p></blockquote><blockquote><p><b>condition</b></p></blockquote><blockquote><p><b>action</b></p></blockquote><blockquote><p><b>action</b></p></blockquote></blockquote><blockquote><p><b>action</b></p><blockquote><p><b>id</b></p>11</blockquote><p><b>title</b>: Recommended actions: Schedule viral load tests on the following dates: HIV viral load test ≤ (ART start date + 6 months)HIV viral load test ≤ (ART start date + 12 months)HIV viral load test every 12 months thereafterCD4 cell count every 6 months until &quot;Established on ART&quot; = TRUERecommended general care activities: Prepare, assess and support adherence.Manage current medications.Provide family planning and contraception.Support disclosure and partner notification.Counsel on risk reduction and combination HIV prevention approaches.Assess, prevent and manage noncommunicable diseases.Screen for and manage mental health problems.Screen for and manage and substance use issues.Provide psychosocial counselling and support.Manage pain and symptoms.Conduct a nutritional, growth and development assessment.Preventing and treating coinfections:Provide co-trimoxazole preventive therapyPrevent malaria (insecticide- treated  bed-nets and prophylaxis)Screen for sexually transmitted infectionsAssess for vaccine-preventable diseases</p><p><b>description</b>: Recommended actions: Schedule viral load tests on the following dates: HIV viral load test ≤ (ART start date + 6 months)HIV viral load test ≤ (ART start date + 12 months)HIV viral load test every 12 months thereafterCD4 cell count every 6 months until &quot;Established on ART&quot; = TRUERecommended general care activities: Prepare, assess and support adherence.Manage current medications.Provide family planning and contraception.Support disclosure and partner notification.Counsel on risk reduction and combination HIV prevention approaches.Assess, prevent and manage noncommunicable diseases.Screen for and manage mental health problems.Screen for and manage and substance use issues.Provide psychosocial counselling and support.Manage pain and symptoms.Conduct a nutritional, growth and development assessment.Preventing and treating coinfections:Provide co-trimoxazole preventive therapyPrevent malaria (insecticide- treated  bed-nets and prophylaxis)Screen for sexually transmitted infectionsAssess for vaccine-preventable diseases</p><p><b>textEquivalent</b>: Consider assessing for the presence of noncommunicable diseases that can influence ART management, such as hypertension and other cardiovascular diseases, diabetes and TB according to the WHO Package of Essential Noncommunicable Disease Interventions (PEN), Mental Health Gap Action Programme (mhGAP) or national standard protocols (see Chapter 6 of source). Monitoring may include a range of tests, including serum creatinine and estimated glomerular filtration rate, serum phosphate and urine dipsticks for proteinuria and glycosuria.</p><blockquote><p><b>documentation</b></p></blockquote><blockquote><p><b>condition</b></p></blockquote><blockquote><p><b>action</b></p></blockquote><blockquote><p><b>action</b></p></blockquote></blockquote><blockquote><p><b>action</b></p><blockquote><p><b>id</b></p>12</blockquote><p><b>title</b>: Pregnancy test</p><p><b>description</b>: Pregnancy test</p><p><b>textEquivalent</b>: Consider assessing for the presence of noncommunicable diseases that can influence ART management, such as hypertension and other cardiovascular diseases, diabetes and TB according to the WHO Package of Essential Noncommunicable Disease Interventions (PEN), Mental Health Gap Action Programme (mhGAP) or national standard protocols (see Chapter 6 of source). Monitoring may include a range of tests, including serum creatinine and estimated glomerular filtration rate, serum phosphate and urine dipsticks for proteinuria and glycosuria.</p><blockquote><p><b>documentation</b></p></blockquote><blockquote><p><b>condition</b></p></blockquote><blockquote><p><b>action</b></p></blockquote><blockquote><p><b>action</b></p></blockquote></blockquote><blockquote><p><b>action</b></p><blockquote><p><b>id</b></p>13</blockquote><p><b>title</b>: Desirable actions: Serum creatinineEstimated glomerular filtration rate for TDF</p><p><b>description</b>: Desirable actions: Serum creatinineEstimated glomerular filtration rate for TDF</p><p><b>textEquivalent</b>: Consider assessing for the presence of noncommunicable diseases that can influence ART management, such as hypertension and other cardiovascular diseases, diabetes and TB according to the WHO Package of Essential Noncommunicable Disease Interventions (PEN), Mental Health Gap Action Programme (mhGAP) or national standard protocols (see Chapter 6 of source). Monitoring may include a range of tests, including serum creatinine and estimated glomerular filtration rate, serum phosphate and urine dipsticks for proteinuria and glycosuria.</p><blockquote><p><b>documentation</b></p></blockquote><blockquote><p><b>condition</b></p></blockquote><blockquote><p><b>action</b></p></blockquote><blockquote><p><b>action</b></p></blockquote></blockquote><blockquote><p><b>action</b></p><blockquote><p><b>id</b></p>14</blockquote><p><b>title</b>: Desirable actions: HBV (HBsAg) serology (before switching ART regimen if this testing was not done or if the result was negative at baseline and the patient was not vaccinated thereafter) Recommended general care activities: Prepare, assess and support adherence.Manage current medications.Provide family planning and contraception.Support disclosure and partner notification.Counsel on risk reduction and combination HIV prevention approaches.Assess, prevent and manage noncommunicable diseases.Screen for and manage mental health problems.Screen for and manage and substance use issues.Provide psychosocial counselling and support.Manage pain and symptoms.Conduct a nutritional assessment and counsel on nutrition.Preventing and treating coinfections: Provide co-trimoxazole preventive therapyConduct intensified TB case-findingPrevent malaria (insecticide- treated  bed-nets and prophylaxis)Screen for sexually transmitted infectionsAssess for vaccine-preventable diseases</p><p><b>description</b>: Desirable actions: HBV (HBsAg) serology (before switching ART regimen if this testing was not done or if the result was negative at baseline and the patient was not vaccinated thereafter) Recommended general care activities: Prepare, assess and support adherence.Manage current medications.Provide family planning and contraception.Support disclosure and partner notification.Counsel on risk reduction and combination HIV prevention approaches.Assess, prevent and manage noncommunicable diseases.Screen for and manage mental health problems.Screen for and manage and substance use issues.Provide psychosocial counselling and support.Manage pain and symptoms.Conduct a nutritional assessment and counsel on nutrition.Preventing and treating coinfections: Provide co-trimoxazole preventive therapyConduct intensified TB case-findingPrevent malaria (insecticide- treated  bed-nets and prophylaxis)Screen for sexually transmitted infectionsAssess for vaccine-preventable diseases</p><p><b>textEquivalent</b>: Consider assessing for the presence of noncommunicable diseases that can influence ART management, such as hypertension and other cardiovascular diseases, diabetes and TB according to the WHO Package of Essential Noncommunicable Disease Interventions (PEN), Mental Health Gap Action Programme (mhGAP) or national standard protocols (see Chapter 6 of source). Monitoring may include a range of tests, including serum creatinine and estimated glomerular filtration rate, serum phosphate and urine dipsticks for proteinuria and glycosuria.</p><blockquote><p><b>documentation</b></p></blockquote><blockquote><p><b>condition</b></p></blockquote><blockquote><p><b>action</b></p></blockquote><blockquote><p><b>action</b></p></blockquote></blockquote><blockquote><p><b>action</b></p><blockquote><p><b>id</b></p>15</blockquote><p><b>title</b>: Desirable actions: HBV (HBsAg) serology (before switching ART regimen if this testing was not done or if the result was negative at baseline and the patient was not vaccinated thereafter)Recommended general care activities:Prepare, assess and support adherence.Manage current medications.Provide family planning and contraception.Support disclosure and partner notification.Counsel on risk reduction and combination HIV prevention approaches.Assess, prevent and manage noncommunicable diseases.Screen for and manage mental health problems.Screen for and manage and substance use issues.Provide psychosocial counselling and support.Manage pain and symptoms.Conduct a nutritional, growth and development assessment.Preventing and treating coinfections:Provide co-trimoxazole preventive therapyConduct intensified TB case-findingPrevent malaria (insecticide- treated  bed-nets and prophylaxis)Screen for sexually transmitted infectionsAssess for vaccine-preventable diseases</p><p><b>description</b>: Desirable actions: HBV (HBsAg) serology (before switching ART regimen if this testing was not done or if the result was negative at baseline and the patient was not vaccinated thereafter)Recommended general care activities:Prepare, assess and support adherence.Manage current medications.Provide family planning and contraception.Support disclosure and partner notification.Counsel on risk reduction and combination HIV prevention approaches.Assess, prevent and manage noncommunicable diseases.Screen for and manage mental health problems.Screen for and manage and substance use issues.Provide psychosocial counselling and support.Manage pain and symptoms.Conduct a nutritional, growth and development assessment.Preventing and treating coinfections:Provide co-trimoxazole preventive therapyConduct intensified TB case-findingPrevent malaria (insecticide- treated  bed-nets and prophylaxis)Screen for sexually transmitted infectionsAssess for vaccine-preventable diseases</p><p><b>textEquivalent</b>: Consider assessing for the presence of noncommunicable diseases that can influence ART management, such as hypertension and other cardiovascular diseases, diabetes and TB according to the WHO Package of Essential Noncommunicable Disease Interventions (PEN), Mental Health Gap Action Programme (mhGAP) or national standard protocols (see Chapter 6 of source). Monitoring may include a range of tests, including serum creatinine and estimated glomerular filtration rate, serum phosphate and urine dipsticks for proteinuria and glycosuria.</p><blockquote><p><b>documentation</b></p></blockquote><blockquote><p><b>condition</b></p></blockquote><blockquote><p><b>action</b></p></blockquote><blockquote><p><b>action</b></p></blockquote></blockquote></blockquote></div>"
  },
  "url" : "http://fhir.org/guides/who/anc-cds/PlanDefinition/HIVD12DT",
  "identifier" : [{
    "use" : "official",
    "value" : "HIV.D12.DT"
  }],
  "version" : "0.3.0",
  "name" : "HIVD12DT",
  "title" : "HIV.D12.DT",
  "type" : {
    "coding" : [{
      "system" : "http://terminology.hl7.org/CodeSystem/plan-definition-type",
      "code" : "eca-rule"
    }]
  },
  "status" : "active",
  "experimental" : false,
  "date" : "2024-03-26T13:56:58+03:00",
  "publisher" : "World Health Organization (WHO) ",
  "contact" : [{
    "telecom" : [{
      "system" : "url",
      "value" : "https://www.who.int"
    }]
  }],
  "description" : "Determine recommended screenings and tests",
  "useContext" : [{
    "code" : {
      "system" : "http://terminology.hl7.org/CodeSystem/usage-context-type",
      "code" : "task",
      "display" : "Workflow Task"
    },
    "valueCodeableConcept" : {
      "coding" : [{
        "system" : "http://fhir.org/guides/who/anc-cds/CodeSystem/activity-codes",
        "code" : "HIV.D12.Determine",
        "display" : "recommended screenings and tests"
      }]
    }
  }],
  "jurisdiction" : [{
    "coding" : [{
      "system" : "http://unstats.un.org/unsd/methods/m49/m49.htm",
      "code" : "001"
    }]
  }],
  "library" : ["http://fhir.org/guides/who/anc-cds/Library/HIVD12DT"],
  "action" : [{
    "title" : "HIV.D12.DT",
    "trigger" : [{
      "type" : "named-event",
      "name" : "HIV.D12.Determine recommended screenings and tests"
    }],
    "action" : [{
      "id" : "1",
      "title" : "Recommended actions:CD4 cell countTB symptom screeningDesirable actions:HBV (HBsAg) serologyHCV serologyScreen for sexually transmitted infections   Assess for major noncommunicable chronic diseases and comorbiditiesGeneral care activities recommended: Determine WHO clinical stage based on past and current HIV-related conditionsPrepare for ARTPrepare, assess and support adherenceProvide family planning and contraceptionSupport disclosure and partner notificationCounsel on risk reduction and combination HIV prevention approachesAssess, prevent and manage noncommunicable diseasesScreen for and manage mental health problemsScreen for and manage and substance use issuesProvide psychosocial counselling and supportManage pain and symptomsConduct a nutritional assessment and counsel on nutritionPreventing and treating coinfections: Provide co-trimoxazole preventive therapyConduct intensified TB case-findingProvide isoniazid preventive therapyScreen for cryptococcal infection and fungal prophylaxisPrevent malaria (insecticide- treated  bed-nets and prophylaxis)Screen for sexually transmitted infectionsAssess for vaccine-preventable diseases",
      "description" : "Recommended actions:CD4 cell countTB symptom screeningDesirable actions:HBV (HBsAg) serologyHCV serologyScreen for sexually transmitted infections   Assess for major noncommunicable chronic diseases and comorbiditiesGeneral care activities recommended: Determine WHO clinical stage based on past and current HIV-related conditionsPrepare for ARTPrepare, assess and support adherenceProvide family planning and contraceptionSupport disclosure and partner notificationCounsel on risk reduction and combination HIV prevention approachesAssess, prevent and manage noncommunicable diseasesScreen for and manage mental health problemsScreen for and manage and substance use issuesProvide psychosocial counselling and supportManage pain and symptomsConduct a nutritional assessment and counsel on nutritionPreventing and treating coinfections: Provide co-trimoxazole preventive therapyConduct intensified TB case-findingProvide isoniazid preventive therapyScreen for cryptococcal infection and fungal prophylaxisPrevent malaria (insecticide- treated  bed-nets and prophylaxis)Screen for sexually transmitted infectionsAssess for vaccine-preventable diseases",
      "textEquivalent" : "If feasible, HBsAg testing should be performed at baseline to identify people with HIV and HBV coinfection and who should, therefore, initiate TDF-containing ART.",
      "documentation" : [{
        "type" : "citation",
        "label" : "Consolidated guidelines on HIV prevention, testing, treatment, service delivery and monitoring: recommendations for a public health approach (2021)\nTable 4.10. Recommended tests for HIV screening and monitoring and approaches to screening for coinfections and noncommunicable diseases.\nTable 6.1: Overview of key elements of general care over the continuum of HIV care for people living with HIV.\nChapter 6: General care and managing common coinfections and comorbidities."
      }],
      "condition" : [{
        "kind" : "applicability",
        "expression" : {
          "description" : "(HIV.D12.DT.01)\n  AND (\"Reason for visit\"='HIV testing services visit')\n  AND (\"Age\"≥ 20 years)\n  AND (\"HIV test result\"='HIV-positive')\n  AND (\"On ART\"=False)\n  AND (-)\n  AND (-)\n  AND (-)\n  AND (-)",
          "language" : "text/cql-identifier",
          "expression" : "Should Recommended actions:CD4 cell countTB symptom screeningDesirable actions:HBV (HBsAg) serologyHCV serologyScreen for sexually transmitted infections   Assess for major noncommunicable chronic diseases and comorbiditiesGeneral care activities recommended: Determine WHO clinical stage based on past and current HIV-related conditionsPrepare for ARTPrepare, assess and support adherenceProvide family planning and contraceptionSupport disclosure and partner notificationCounsel on risk reduction and combination HIV prevention approachesAssess, prevent and manage noncommunicable diseasesScreen for and manage mental health problemsScreen for and manage and substance use issuesProvide psychosocial counselling and supportManage pain and symptomsConduct a nutritional assessment and counsel on nutritionPreventing and treating coinfections: Provide co-trimoxazole preventive therapyConduct intensified TB case-findingProvide isoniazid preventive therapyScreen for cryptococcal infection and fungal prophylaxisPrevent malaria (insecticide- treated  bed-nets and prophylaxis)Screen for sexually transmitted infectionsAssess for vaccine-preventable diseases"
        }
      }],
      "action" : [{
        "title" : "Recommended actions:CD4 cell countTB symptom screeningDesirable actions:HBV (HBsAg) serologyHCV serologyScreen for sexually transmitted infections   Assess for major noncommunicable chronic diseases and comorbiditiesGeneral care activities recommended: Determine WHO clinical stage based on past and current HIV-related conditionsPrepare for ARTPrepare, assess and support adherenceProvide family planning and contraceptionSupport disclosure and partner notificationCounsel on risk reduction and combination HIV prevention approachesAssess, prevent and manage noncommunicable diseasesScreen for and manage mental health problemsScreen for and manage and substance use issuesProvide psychosocial counselling and supportManage pain and symptomsConduct a nutritional assessment and counsel on nutritionPreventing and treating coinfections: Provide co-trimoxazole preventive therapyConduct intensified TB case-findingProvide isoniazid preventive therapyScreen for cryptococcal infection and fungal prophylaxisPrevent malaria (insecticide- treated  bed-nets and prophylaxis)Screen for sexually transmitted infectionsAssess for vaccine-preventable diseases"
      },
      {
        "title" : "Recommended actions:CD4 cell countTB symptom screeningDesirable actions:HBV (HBsAg) serologyHCV serologyScreen for sexually transmitted infections   Assess for major noncommunicable chronic diseases and comorbiditiesGeneral care activities recommended: Determine WHO clinical stage based on past and current HIV-related conditionsPrepare for ARTPrepare, assess and support adherenceProvide family planning and contraceptionSupport disclosure and partner notificationCounsel on risk reduction and combination HIV prevention approachesAssess, prevent and manage noncommunicable diseasesScreen for and manage mental health problemsScreen for and manage and substance use issuesProvide psychosocial counselling and supportManage pain and symptomsConduct a nutritional assessment and counsel on nutritionPreventing and treating coinfections: Provide co-trimoxazole preventive therapyConduct intensified TB case-findingProvide isoniazid preventive therapyScreen for cryptococcal infection and fungal prophylaxisPrevent malaria (insecticide- treated  bed-nets and prophylaxis)Screen for sexually transmitted infectionsAssess for vaccine-preventable diseases"
      }]
    },
    {
      "id" : "2",
      "title" : "Recommended:CD4 cell countTB symptom screeningDesirable: HBV (HBsAg) serologyHCV serologyScreen for sexually transmitted infections   Assess for major noncommunicable chronic diseases and comorbiditiesGeneral care activities recommended: Determine WHO clinical stage based on past and current HIV-related conditionsPrepare for ARTPrepare, assess and support adherenceProvide family planning and contraceptionSupport disclosure and partner notificationCounsel on risk reduction and combination HIV prevention approachesAssess, prevent and manage noncommunicable diseasesScreen for and manage mental health problemsScreen for and manage and substance use issuesProvide psychosocial counselling and supportManage pain and symptomsConduct a nutritional, growth and development assessmentPreventing and treating coinfections: Provide co-trimoxazole preventive therapyConduct intensified TB case-findingProvide isoniazid preventive therapyScreen for cryptococcal infection and fungal prophylaxisPrevent malaria (insecticide- treated  bed-nets and prophylaxis)Screen for sexually transmitted infectionsAssess for vaccine-preventable diseases",
      "description" : "Recommended:CD4 cell countTB symptom screeningDesirable: HBV (HBsAg) serologyHCV serologyScreen for sexually transmitted infections   Assess for major noncommunicable chronic diseases and comorbiditiesGeneral care activities recommended: Determine WHO clinical stage based on past and current HIV-related conditionsPrepare for ARTPrepare, assess and support adherenceProvide family planning and contraceptionSupport disclosure and partner notificationCounsel on risk reduction and combination HIV prevention approachesAssess, prevent and manage noncommunicable diseasesScreen for and manage mental health problemsScreen for and manage and substance use issuesProvide psychosocial counselling and supportManage pain and symptomsConduct a nutritional, growth and development assessmentPreventing and treating coinfections: Provide co-trimoxazole preventive therapyConduct intensified TB case-findingProvide isoniazid preventive therapyScreen for cryptococcal infection and fungal prophylaxisPrevent malaria (insecticide- treated  bed-nets and prophylaxis)Screen for sexually transmitted infectionsAssess for vaccine-preventable diseases",
      "textEquivalent" : "If feasible, HBsAg testing should be performed at baseline to identify people with HIV and HBV coinfection and who should, therefore, initiate TDF-containing ART.",
      "documentation" : [{
        "type" : "citation",
        "label" : "Consolidated guidelines on HIV prevention, testing, treatment, service delivery and monitoring: recommendations for a public health approach (2021)\nTable 4.10. Recommended tests for HIV screening and monitoring and approaches to screening for coinfections and noncommunicable diseases.\nTable 6.1: Overview of key elements of general care over the continuum of HIV care for people living with HIV.\nChapter 6: General care and managing common coinfections and comorbidities."
      }],
      "condition" : [{
        "kind" : "applicability",
        "expression" : {
          "description" : "(HIV.D12.DT.02)\n  AND (\"Reason for visit\"='HIV testing services visit')\n  AND (\"Age\"<20 years)\n  AND (\"HIV test result\"='HIV-positive')\n  AND (\"On ART\"=False)",
          "language" : "text/cql-identifier",
          "expression" : "Should Recommended:CD4 cell countTB symptom screeningDesirable: HBV (HBsAg) serologyHCV serologyScreen for sexually transmitted infections   Assess for major noncommunicable chronic diseases and comorbiditiesGeneral care activities recommended: Determine WHO clinical stage based on past and current HIV-related conditionsPrepare for ARTPrepare, assess and support adherenceProvide family planning and contraceptionSupport disclosure and partner notificationCounsel on risk reduction and combination HIV prevention approachesAssess, prevent and manage noncommunicable diseasesScreen for and manage mental health problemsScreen for and manage and substance use issuesProvide psychosocial counselling and supportManage pain and symptomsConduct a nutritional, growth and development assessmentPreventing and treating coinfections: Provide co-trimoxazole preventive therapyConduct intensified TB case-findingProvide isoniazid preventive therapyScreen for cryptococcal infection and fungal prophylaxisPrevent malaria (insecticide- treated  bed-nets and prophylaxis)Screen for sexually transmitted infectionsAssess for vaccine-preventable diseases"
        }
      }],
      "action" : [{
        "title" : "Recommended:CD4 cell countTB symptom screeningDesirable: HBV (HBsAg) serologyHCV serologyScreen for sexually transmitted infections   Assess for major noncommunicable chronic diseases and comorbiditiesGeneral care activities recommended: Determine WHO clinical stage based on past and current HIV-related conditionsPrepare for ARTPrepare, assess and support adherenceProvide family planning and contraceptionSupport disclosure and partner notificationCounsel on risk reduction and combination HIV prevention approachesAssess, prevent and manage noncommunicable diseasesScreen for and manage mental health problemsScreen for and manage and substance use issuesProvide psychosocial counselling and supportManage pain and symptomsConduct a nutritional, growth and development assessmentPreventing and treating coinfections: Provide co-trimoxazole preventive therapyConduct intensified TB case-findingProvide isoniazid preventive therapyScreen for cryptococcal infection and fungal prophylaxisPrevent malaria (insecticide- treated  bed-nets and prophylaxis)Screen for sexually transmitted infectionsAssess for vaccine-preventable diseases"
      },
      {
        "title" : "Recommended:CD4 cell countTB symptom screeningDesirable: HBV (HBsAg) serologyHCV serologyScreen for sexually transmitted infections   Assess for major noncommunicable chronic diseases and comorbiditiesGeneral care activities recommended: Determine WHO clinical stage based on past and current HIV-related conditionsPrepare for ARTPrepare, assess and support adherenceProvide family planning and contraceptionSupport disclosure and partner notificationCounsel on risk reduction and combination HIV prevention approachesAssess, prevent and manage noncommunicable diseasesScreen for and manage mental health problemsScreen for and manage and substance use issuesProvide psychosocial counselling and supportManage pain and symptomsConduct a nutritional, growth and development assessmentPreventing and treating coinfections: Provide co-trimoxazole preventive therapyConduct intensified TB case-findingProvide isoniazid preventive therapyScreen for cryptococcal infection and fungal prophylaxisPrevent malaria (insecticide- treated  bed-nets and prophylaxis)Screen for sexually transmitted infectionsAssess for vaccine-preventable diseases"
      }]
    },
    {
      "id" : "3",
      "title" : "Desirable actions:Cryptococcus antigen test",
      "description" : "Desirable actions:Cryptococcus antigen test",
      "textEquivalent" : "Country setting: In settings with a high prevalence of cryptococcal antigenaemia (>3%) and with a low CD4 count, a cryptococcus antigen test can be considered.",
      "documentation" : [{
        "type" : "citation",
        "label" : "Consolidated guidelines on HIV prevention, testing, treatment, service delivery and monitoring: recommendations for a public health approach (2021)\nTable 4.10. Recommended tests for HIV screening and monitoring and approaches to screening for coinfections and noncommunicable diseases.\nTable 6.1: Overview of key elements of general care over the continuum of HIV care for people living with HIV.\nChapter 6: General care and managing common coinfections and comorbidities."
      }],
      "condition" : [{
        "kind" : "applicability",
        "expression" : {
          "description" : "(HIV.D12.DT.03)\n  AND (\"Reason for visit\"='HIV testing services visit')\n  AND (-)\n  AND (\"HIV test result\"='HIV-positive')\n  AND (\"On ART\"=False)\n  AND (\"CD4 count\" ≤ 100 cells/mm3)",
          "language" : "text/cql-identifier",
          "expression" : "Should Desirable actions:Cryptococcus antigen test"
        }
      }],
      "action" : [{
        "title" : "Desirable actions:Cryptococcus antigen test"
      },
      {
        "title" : "Consider a cryptococcus antigen test if appropriate"
      }]
    },
    {
      "id" : "4",
      "title" : "Desirable actions: Pregnancy test ",
      "description" : "Desirable actions: Pregnancy test ",
      "textEquivalent" : "Country setting: In settings with a high prevalence of cryptococcal antigenaemia (>3%) and with a low CD4 count, a cryptococcus antigen test can be considered.",
      "documentation" : [{
        "type" : "citation",
        "label" : "Consolidated guidelines on HIV prevention, testing, treatment, service delivery and monitoring: recommendations for a public health approach (2021)\nTable 4.10. Recommended tests for HIV screening and monitoring and approaches to screening for coinfections and noncommunicable diseases.\nTable 6.1: Overview of key elements of general care over the continuum of HIV care for people living with HIV.\nChapter 6: General care and managing common coinfections and comorbidities."
      }],
      "condition" : [{
        "kind" : "applicability",
        "expression" : {
          "description" : "(HIV.D12.DT.04)\n  AND (\"Reason for visit\"='HIV testing services visit')\n  AND (-)\n  AND (\"HIV test result\"='HIV-positive')\n  AND (\"On ART\"=False)\n  AND (\"Gender\"='Female')",
          "language" : "text/cql-identifier",
          "expression" : "Should Desirable actions: Pregnancy test "
        }
      }],
      "action" : [{
        "title" : "Desirable actions: Pregnancy test "
      },
      {
        "title" : "Conduct a pregnancy test to assess whether ART initiation should be prioritized to prevent HIV transmission to the child."
      }]
    },
    {
      "id" : "5",
      "title" : "Recommended: Baseline CD4 cell count for identifying advanced HIV diseaseAge-appropriate TB symptom screeningDesirable: Blood pressure measurement General care activities recommended:Preparing people for ARTWHO clinical staging, past and current HIV- related conditionsPreparing, assessing and supporting adherencePregnancy status, family planning and contraceptionSupport for disclosure and partner notificationRisk-reduction counselling and combination and HIV prevention approachesScreening for, preventing and managing noncommunicable diseasesScreening for and managing mental health problems and substance usePsychosocial counselling and supportManaging pain and symptomsNutritional assessment and counsellingInfant and child feedingNutritional, growth and development assessment for children and adolescentsPreventing and treating coinfections: Co-trimoxazole preventive therapyIntensified TB case- findingIsoniazid preventive therapyScreening for cryptococcal infection and fungal prophylaxis when appropriateScreening for hepatitis B and CMalaria prevention (insecticide-treated bed nets and prophylaxis)Screening for sexually transmitted infectionsPreventing and screening for cervical cancerAssessing for vaccine- preventable diseases other than HBV and HCV infection",
      "description" : "Recommended: Baseline CD4 cell count for identifying advanced HIV diseaseAge-appropriate TB symptom screeningDesirable: Blood pressure measurement General care activities recommended:Preparing people for ARTWHO clinical staging, past and current HIV- related conditionsPreparing, assessing and supporting adherencePregnancy status, family planning and contraceptionSupport for disclosure and partner notificationRisk-reduction counselling and combination and HIV prevention approachesScreening for, preventing and managing noncommunicable diseasesScreening for and managing mental health problems and substance usePsychosocial counselling and supportManaging pain and symptomsNutritional assessment and counsellingInfant and child feedingNutritional, growth and development assessment for children and adolescentsPreventing and treating coinfections: Co-trimoxazole preventive therapyIntensified TB case- findingIsoniazid preventive therapyScreening for cryptococcal infection and fungal prophylaxis when appropriateScreening for hepatitis B and CMalaria prevention (insecticide-treated bed nets and prophylaxis)Screening for sexually transmitted infectionsPreventing and screening for cervical cancerAssessing for vaccine- preventable diseases other than HBV and HCV infection",
      "textEquivalent" : "Country setting: In settings with a high prevalence of cryptococcal antigenaemia (>3%) and with a low CD4 count, a cryptococcus antigen test can be considered.",
      "documentation" : [{
        "type" : "citation",
        "label" : "Consolidated guidelines on HIV prevention, testing, treatment, service delivery and monitoring: recommendations for a public health approach (2021)\nTable 4.10. Recommended tests for HIV screening and monitoring and approaches to screening for coinfections and noncommunicable diseases.\nTable 6.1: Overview of key elements of general care over the continuum of HIV care for people living with HIV.\nChapter 6: General care and managing common coinfections and comorbidities."
      }],
      "condition" : [{
        "kind" : "applicability",
        "expression" : {
          "description" : "(HIV.D12.DT.05)\n  AND (\"Reason for visit\"='ART initiation')\n  AND (-)\n  AND (-)\n  AND (\"On ART\"=False)",
          "language" : "text/cql-identifier",
          "expression" : "Should Recommended: Baseline CD4 cell count for identifying advanced HIV diseaseAge-appropriate TB symptom screeningDesirable: Blood pressure measurement General care activities recommended:Preparing people for ARTWHO clinical staging, past and current HIV- related conditionsPreparing, assessing and supporting adherencePregnancy status, family planning and contraceptionSupport for disclosure and partner notificationRisk-reduction counselling and combination and HIV prevention approachesScreening for, preventing and managing noncommunicable diseasesScreening for and managing mental health problems and substance usePsychosocial counselling and supportManaging pain and symptomsNutritional assessment and counsellingInfant and child feedingNutritional, growth and development assessment for children and adolescentsPreventing and treating coinfections: Co-trimoxazole preventive therapyIntensified TB case- findingIsoniazid preventive therapyScreening for cryptococcal infection and fungal prophylaxis when appropriateScreening for hepatitis B and CMalaria prevention (insecticide-treated bed nets and prophylaxis)Screening for sexually transmitted infectionsPreventing and screening for cervical cancerAssessing for vaccine- preventable diseases other than HBV and HCV infection"
        }
      }],
      "action" : [{
        "title" : "Recommended: Baseline CD4 cell count for identifying advanced HIV diseaseAge-appropriate TB symptom screeningDesirable: Blood pressure measurement General care activities recommended:Preparing people for ARTWHO clinical staging, past and current HIV- related conditionsPreparing, assessing and supporting adherencePregnancy status, family planning and contraceptionSupport for disclosure and partner notificationRisk-reduction counselling and combination and HIV prevention approachesScreening for, preventing and managing noncommunicable diseasesScreening for and managing mental health problems and substance usePsychosocial counselling and supportManaging pain and symptomsNutritional assessment and counsellingInfant and child feedingNutritional, growth and development assessment for children and adolescentsPreventing and treating coinfections: Co-trimoxazole preventive therapyIntensified TB case- findingIsoniazid preventive therapyScreening for cryptococcal infection and fungal prophylaxis when appropriateScreening for hepatitis B and CMalaria prevention (insecticide-treated bed nets and prophylaxis)Screening for sexually transmitted infectionsPreventing and screening for cervical cancerAssessing for vaccine- preventable diseases other than HBV and HCV infection"
      },
      {
        "title" : "Recommended: Baseline CD4 cell count for identifying advanced HIV diseaseAge-appropriate TB symptom screeningDesirable: Blood pressure measurement General care activities recommended:Preparing people for ARTWHO clinical staging, past and current HIV- related conditionsPreparing, assessing and supporting adherencePregnancy status, family planning and contraceptionSupport for disclosure and partner notificationRisk-reduction counselling and combination and HIV prevention approachesScreening for, preventing and managing noncommunicable diseasesScreening for and managing mental health problems and substance usePsychosocial counselling and supportManaging pain and symptomsNutritional assessment and counsellingInfant and child feedingNutritional, growth and development assessment for children and adolescentsPreventing and treating coinfections: Co-trimoxazole preventive therapyIntensified TB case- findingIsoniazid preventive therapyScreening for cryptococcal infection and fungal prophylaxis when appropriateScreening for hepatitis B and CMalaria prevention (insecticide-treated bed nets and prophylaxis)Screening for sexually transmitted infectionsPreventing and screening for cervical cancerAssessing for vaccine- preventable diseases other than HBV and HCV infection"
      }]
    },
    {
      "id" : "6",
      "title" : "Perform a cryptococcal antigen for adults and adolescents",
      "description" : "Perform a cryptococcal antigen for adults and adolescents",
      "textEquivalent" : "Country setting: In settings with a high prevalence of cryptococcal antigenaemia (>3%) and with a low CD4 count, a cryptococcus antigen test can be considered.",
      "documentation" : [{
        "type" : "citation",
        "label" : "Consolidated guidelines on HIV prevention, testing, treatment, service delivery and monitoring: recommendations for a public health approach (2021)\nTable 4.10. Recommended tests for HIV screening and monitoring and approaches to screening for coinfections and noncommunicable diseases.\nTable 6.1: Overview of key elements of general care over the continuum of HIV care for people living with HIV.\nChapter 6: General care and managing common coinfections and comorbidities."
      }],
      "condition" : [{
        "kind" : "applicability",
        "expression" : {
          "description" : "(HIV.D12.DT.06)\n  AND (\"Reason for visit\"='ART initiation')\n  AND (\"Age\" > 10 years)\n  AND (\"On ART\"=False)\n  AND ( CD4 count = ≤ 200 cells/mm3)",
          "language" : "text/cql-identifier",
          "expression" : "Should Perform a cryptococcal antigen for adults and adolescents"
        }
      }],
      "action" : [{
        "title" : "Perform a cryptococcal antigen for adults and adolescents"
      },
      {
        "title" : "Perform a cryptococcal antigen for adults and adolescents if CD4 cell count ≤200 cells/mm3"
      }]
    },
    {
      "id" : "7",
      "title" : "Desirable actions: Haemoglobin test",
      "description" : "Desirable actions: Haemoglobin test",
      "textEquivalent" : "Country setting: In settings with a high prevalence of cryptococcal antigenaemia (>3%) and with a low CD4 count, a cryptococcus antigen test can be considered.",
      "documentation" : [{
        "type" : "citation",
        "label" : "Consolidated guidelines on HIV prevention, testing, treatment, service delivery and monitoring: recommendations for a public health approach (2021)\nTable 4.10. Recommended tests for HIV screening and monitoring and approaches to screening for coinfections and noncommunicable diseases.\nTable 6.1: Overview of key elements of general care over the continuum of HIV care for people living with HIV.\nChapter 6: General care and managing common coinfections and comorbidities."
      }],
      "condition" : [{
        "kind" : "applicability",
        "expression" : {
          "description" : "(HIV.D12.DT.07)\n  AND (\"Reason for visit\"='ART initiation')\n  AND (\"On ART\"=False)\n  AND (\"Current medications\"='AZT')",
          "language" : "text/cql-identifier",
          "expression" : "Should Desirable actions: Haemoglobin test"
        }
      }],
      "action" : [{
        "title" : "Desirable actions: Haemoglobin test"
      },
      {
        "title" : "Desirable to perform a haemoglobin test if starting AZT."
      }]
    },
    {
      "id" : "8",
      "title" : "Desirable actions: Serum creatinine testEstimated glomerular filtration rate (eGFR) ",
      "description" : "Desirable actions: Serum creatinine testEstimated glomerular filtration rate (eGFR) ",
      "textEquivalent" : "Country setting: In settings with a high prevalence of cryptococcal antigenaemia (>3%) and with a low CD4 count, a cryptococcus antigen test can be considered.",
      "documentation" : [{
        "type" : "citation",
        "label" : "Consolidated guidelines on HIV prevention, testing, treatment, service delivery and monitoring: recommendations for a public health approach (2021)\nTable 4.10. Recommended tests for HIV screening and monitoring and approaches to screening for coinfections and noncommunicable diseases.\nTable 6.1: Overview of key elements of general care over the continuum of HIV care for people living with HIV.\nChapter 6: General care and managing common coinfections and comorbidities."
      }],
      "condition" : [{
        "kind" : "applicability",
        "expression" : {
          "description" : "(HIV.D12.DT.08)\n  AND (\"Reason for visit\"='ART initiation')\n  AND (\"On ART\"=False)\n  AND (\"Current medications\"='TDF')",
          "language" : "text/cql-identifier",
          "expression" : "Should Desirable actions: Serum creatinine testEstimated glomerular filtration rate (eGFR) "
        }
      }],
      "action" : [{
        "title" : "Desirable actions: Serum creatinine testEstimated glomerular filtration rate (eGFR) "
      },
      {
        "title" : "Perform serum creatinine and estimated glomerular filtration rate among people with a high risk of adverse events associated with TDF: underlying renal disease, older age group, low BMI, diabetes, hypertension and concomitant use of a boosted PI or potential nephrotoxic drugs"
      }]
    },
    {
      "id" : "9",
      "title" : "Desirable actions: Pregnancy test",
      "description" : "Desirable actions: Pregnancy test",
      "textEquivalent" : "Country setting: In settings with a high prevalence of cryptococcal antigenaemia (>3%) and with a low CD4 count, a cryptococcus antigen test can be considered.",
      "documentation" : [{
        "type" : "citation",
        "label" : "Consolidated guidelines on HIV prevention, testing, treatment, service delivery and monitoring: recommendations for a public health approach (2021)\nTable 4.10. Recommended tests for HIV screening and monitoring and approaches to screening for coinfections and noncommunicable diseases.\nTable 6.1: Overview of key elements of general care over the continuum of HIV care for people living with HIV.\nChapter 6: General care and managing common coinfections and comorbidities."
      }],
      "condition" : [{
        "kind" : "applicability",
        "expression" : {
          "description" : "(HIV.D12.DT.09)\n  AND (\"Reason for visit\"='ART initiation')\n  AND (\"On ART\"=False)\n  AND (\"Gender\"='Female')",
          "language" : "text/cql-identifier",
          "expression" : "Should Desirable actions: Pregnancy test"
        }
      }],
      "action" : [{
        "title" : "Desirable actions: Pregnancy test"
      },
      {
        "title" : "Consider offering a pregnancy test on women of childbearing age, especially if not receiving family planning and on treatment with DTG or low-dose EFV."
      }]
    },
    {
      "id" : "10",
      "title" : "Recommended actions:Schedule the following viral load tests: HIV viral load test ≤ (ART start date + 6 months)HIV viral load test ≤ (ART start date + 12 months)HIV viral load test every 12 months thereafterPerform a CD4 cell count every 6 months until \"Established on ART\" = TRUEDesirable actions:Serum creatinine and estimated glomerular filtration rate for TDFRecommended general care activities: Adherence support interventions should be provided to people on ART (p xxxix of source).Manage current medications.Provide family planning and contraception.Support disclosure and partner notification.Counsel on risk reduction and combination HIV prevention approaches.Assess, prevent and manage noncommunicable diseases.Screen for and manage mental health problems.Screen for and manage and substance use issues.Provide psychosocial counselling and support.Manage pain and symptoms.Conduct a nutritional assessment and counsel on nutrition.Preventing and treating coinfections:Provide co-trimoxazole preventive therapyPrevent malaria (insecticide- treated  bed-nets and prophylaxis)Screen for sexually transmitted infectionsAssess for vaccine-preventable diseases",
      "description" : "Recommended actions:Schedule the following viral load tests: HIV viral load test ≤ (ART start date + 6 months)HIV viral load test ≤ (ART start date + 12 months)HIV viral load test every 12 months thereafterPerform a CD4 cell count every 6 months until \"Established on ART\" = TRUEDesirable actions:Serum creatinine and estimated glomerular filtration rate for TDFRecommended general care activities: Adherence support interventions should be provided to people on ART (p xxxix of source).Manage current medications.Provide family planning and contraception.Support disclosure and partner notification.Counsel on risk reduction and combination HIV prevention approaches.Assess, prevent and manage noncommunicable diseases.Screen for and manage mental health problems.Screen for and manage and substance use issues.Provide psychosocial counselling and support.Manage pain and symptoms.Conduct a nutritional assessment and counsel on nutrition.Preventing and treating coinfections:Provide co-trimoxazole preventive therapyPrevent malaria (insecticide- treated  bed-nets and prophylaxis)Screen for sexually transmitted infectionsAssess for vaccine-preventable diseases",
      "textEquivalent" : "Consider assessing for the presence of noncommunicable diseases that can influence ART management, such as hypertension and other cardiovascular diseases, diabetes and TB according to the WHO Package of Essential Noncommunicable Disease Interventions (PEN), Mental Health Gap Action Programme (mhGAP) or national standard protocols (see Chapter 6 of source). Monitoring may include a range of tests, including serum creatinine and estimated glomerular filtration rate, serum phosphate and urine dipsticks for proteinuria and glycosuria.",
      "documentation" : [{
        "type" : "citation",
        "label" : "Consolidated guidelines on HIV prevention, testing, treatment, service delivery and monitoring: recommendations for a public health approach (2021)\nTable 4.10. Recommended tests for HIV screening and monitoring and approaches to screening for coinfections and noncommunicable diseases.\nTable 6.1: Overview of key elements of general care over the continuum of HIV care for people living with HIV.\nChapter 6: General care and managing common coinfections and comorbidities."
      }],
      "condition" : [{
        "kind" : "applicability",
        "expression" : {
          "description" : "(HIV.D12.DT.10)\n  AND (\"Reason for visit\"='Clinical visit)\n  AND (\"Age\" ≥ 20 years)\n  AND (\"On ART\"=True)",
          "language" : "text/cql-identifier",
          "expression" : "Should Recommended actions:Schedule the following viral load tests: HIV viral load test ≤ (ART start date + 6 months)HIV viral load test ≤ (ART start date + 12 months)HIV viral load test every 12 months thereafterPerform a CD4 cell count every 6 months until \\\"Established on ART\\\" = TRUEDesirable actions:Serum creatinine and estimated glomerular filtration rate for TDFRecommended general care activities: Adherence support interventions should be provided to people on ART (p xxxix of source).Manage current medications.Provide family planning and contraception.Support disclosure and partner notification.Counsel on risk reduction and combination HIV prevention approaches.Assess, prevent and manage noncommunicable diseases.Screen for and manage mental health problems.Screen for and manage and substance use issues.Provide psychosocial counselling and support.Manage pain and symptoms.Conduct a nutritional assessment and counsel on nutrition.Preventing and treating coinfections:Provide co-trimoxazole preventive therapyPrevent malaria (insecticide- treated  bed-nets and prophylaxis)Screen for sexually transmitted infectionsAssess for vaccine-preventable diseases"
        }
      }],
      "action" : [{
        "title" : "Recommended actions:Schedule the following viral load tests: HIV viral load test ≤ (ART start date + 6 months)HIV viral load test ≤ (ART start date + 12 months)HIV viral load test every 12 months thereafterPerform a CD4 cell count every 6 months until \"Established on ART\" = TRUEDesirable actions:Serum creatinine and estimated glomerular filtration rate for TDFRecommended general care activities: Adherence support interventions should be provided to people on ART (p xxxix of source).Manage current medications.Provide family planning and contraception.Support disclosure and partner notification.Counsel on risk reduction and combination HIV prevention approaches.Assess, prevent and manage noncommunicable diseases.Screen for and manage mental health problems.Screen for and manage and substance use issues.Provide psychosocial counselling and support.Manage pain and symptoms.Conduct a nutritional assessment and counsel on nutrition.Preventing and treating coinfections:Provide co-trimoxazole preventive therapyPrevent malaria (insecticide- treated  bed-nets and prophylaxis)Screen for sexually transmitted infectionsAssess for vaccine-preventable diseases"
      },
      {
        "title" : "Recommended actions:Schedule the following viral load tests: HIV viral load test ≤ (ART start date + 6 months)HIV viral load test ≤ (ART start date + 12 months)HIV viral load test every 12 months thereafterPerform a CD4 cell count every 6 months until \"Established on ART\" = TRUEDesirable actions:Serum creatinine and estimated glomerular filtration rate for TDFRecommended general care activities: Adherence support interventions should be provided to people on ART (p xxxix of source).Manage current medications.Provide family planning and contraception.Support disclosure and partner notification.Counsel on risk reduction and combination HIV prevention approaches.Assess, prevent and manage noncommunicable diseases.Screen for and manage mental health problems.Screen for and manage and substance use issues.Provide psychosocial counselling and support.Manage pain and symptoms.Conduct a nutritional assessment and counsel on nutrition.Preventing and treating coinfections:Provide co-trimoxazole preventive therapyPrevent malaria (insecticide- treated  bed-nets and prophylaxis)Screen for sexually transmitted infectionsAssess for vaccine-preventable diseases"
      }]
    },
    {
      "id" : "11",
      "title" : "Recommended actions: Schedule viral load tests on the following dates: HIV viral load test ≤ (ART start date + 6 months)HIV viral load test ≤ (ART start date + 12 months)HIV viral load test every 12 months thereafterCD4 cell count every 6 months until \"Established on ART\" = TRUERecommended general care activities: Prepare, assess and support adherence.Manage current medications.Provide family planning and contraception.Support disclosure and partner notification.Counsel on risk reduction and combination HIV prevention approaches.Assess, prevent and manage noncommunicable diseases.Screen for and manage mental health problems.Screen for and manage and substance use issues.Provide psychosocial counselling and support.Manage pain and symptoms.Conduct a nutritional, growth and development assessment.Preventing and treating coinfections:Provide co-trimoxazole preventive therapyPrevent malaria (insecticide- treated  bed-nets and prophylaxis)Screen for sexually transmitted infectionsAssess for vaccine-preventable diseases",
      "description" : "Recommended actions: Schedule viral load tests on the following dates: HIV viral load test ≤ (ART start date + 6 months)HIV viral load test ≤ (ART start date + 12 months)HIV viral load test every 12 months thereafterCD4 cell count every 6 months until \"Established on ART\" = TRUERecommended general care activities: Prepare, assess and support adherence.Manage current medications.Provide family planning and contraception.Support disclosure and partner notification.Counsel on risk reduction and combination HIV prevention approaches.Assess, prevent and manage noncommunicable diseases.Screen for and manage mental health problems.Screen for and manage and substance use issues.Provide psychosocial counselling and support.Manage pain and symptoms.Conduct a nutritional, growth and development assessment.Preventing and treating coinfections:Provide co-trimoxazole preventive therapyPrevent malaria (insecticide- treated  bed-nets and prophylaxis)Screen for sexually transmitted infectionsAssess for vaccine-preventable diseases",
      "textEquivalent" : "Consider assessing for the presence of noncommunicable diseases that can influence ART management, such as hypertension and other cardiovascular diseases, diabetes and TB according to the WHO Package of Essential Noncommunicable Disease Interventions (PEN), Mental Health Gap Action Programme (mhGAP) or national standard protocols (see Chapter 6 of source). Monitoring may include a range of tests, including serum creatinine and estimated glomerular filtration rate, serum phosphate and urine dipsticks for proteinuria and glycosuria.",
      "documentation" : [{
        "type" : "citation",
        "label" : "Consolidated guidelines on HIV prevention, testing, treatment, service delivery and monitoring: recommendations for a public health approach (2021)\nTable 4.10. Recommended tests for HIV screening and monitoring and approaches to screening for coinfections and noncommunicable diseases.\nTable 6.1: Overview of key elements of general care over the continuum of HIV care for people living with HIV.\nChapter 6: General care and managing common coinfections and comorbidities."
      }],
      "condition" : [{
        "kind" : "applicability",
        "expression" : {
          "description" : "(HIV.D12.DT.11)\n  AND (\"Reason for visit\"='Clinical visit)\n  AND (\"Age\" <20 years)\n  AND (\"On ART\"=True)",
          "language" : "text/cql-identifier",
          "expression" : "Should Recommended actions: Schedule viral load tests on the following dates: HIV viral load test ≤ (ART start date + 6 months)HIV viral load test ≤ (ART start date + 12 months)HIV viral load test every 12 months thereafterCD4 cell count every 6 months until \\\"Established on ART\\\" = TRUERecommended general care activities: Prepare, assess and support adherence.Manage current medications.Provide family planning and contraception.Support disclosure and partner notification.Counsel on risk reduction and combination HIV prevention approaches.Assess, prevent and manage noncommunicable diseases.Screen for and manage mental health problems.Screen for and manage and substance use issues.Provide psychosocial counselling and support.Manage pain and symptoms.Conduct a nutritional, growth and development assessment.Preventing and treating coinfections:Provide co-trimoxazole preventive therapyPrevent malaria (insecticide- treated  bed-nets and prophylaxis)Screen for sexually transmitted infectionsAssess for vaccine-preventable diseases"
        }
      }],
      "action" : [{
        "title" : "Recommended actions: Schedule viral load tests on the following dates: HIV viral load test ≤ (ART start date + 6 months)HIV viral load test ≤ (ART start date + 12 months)HIV viral load test every 12 months thereafterCD4 cell count every 6 months until \"Established on ART\" = TRUERecommended general care activities: Prepare, assess and support adherence.Manage current medications.Provide family planning and contraception.Support disclosure and partner notification.Counsel on risk reduction and combination HIV prevention approaches.Assess, prevent and manage noncommunicable diseases.Screen for and manage mental health problems.Screen for and manage and substance use issues.Provide psychosocial counselling and support.Manage pain and symptoms.Conduct a nutritional, growth and development assessment.Preventing and treating coinfections:Provide co-trimoxazole preventive therapyPrevent malaria (insecticide- treated  bed-nets and prophylaxis)Screen for sexually transmitted infectionsAssess for vaccine-preventable diseases"
      },
      {
        "title" : "Recommended actions: Schedule viral load tests on the following dates: HIV viral load test ≤ (ART start date + 6 months)HIV viral load test ≤ (ART start date + 12 months)HIV viral load test every 12 months thereafterCD4 cell count every 6 months until \"Established on ART\" = TRUERecommended general care activities: Prepare, assess and support adherence.Manage current medications.Provide family planning and contraception.Support disclosure and partner notification.Counsel on risk reduction and combination HIV prevention approaches.Assess, prevent and manage noncommunicable diseases.Screen for and manage mental health problems.Screen for and manage and substance use issues.Provide psychosocial counselling and support.Manage pain and symptoms.Conduct a nutritional, growth and development assessment.Preventing and treating coinfections:Provide co-trimoxazole preventive therapyPrevent malaria (insecticide- treated  bed-nets and prophylaxis)Screen for sexually transmitted infectionsAssess for vaccine-preventable diseases"
      }]
    },
    {
      "id" : "12",
      "title" : "Pregnancy test",
      "description" : "Pregnancy test",
      "textEquivalent" : "Consider assessing for the presence of noncommunicable diseases that can influence ART management, such as hypertension and other cardiovascular diseases, diabetes and TB according to the WHO Package of Essential Noncommunicable Disease Interventions (PEN), Mental Health Gap Action Programme (mhGAP) or national standard protocols (see Chapter 6 of source). Monitoring may include a range of tests, including serum creatinine and estimated glomerular filtration rate, serum phosphate and urine dipsticks for proteinuria and glycosuria.",
      "documentation" : [{
        "type" : "citation",
        "label" : "Consolidated guidelines on HIV prevention, testing, treatment, service delivery and monitoring: recommendations for a public health approach (2021)\nTable 4.10. Recommended tests for HIV screening and monitoring and approaches to screening for coinfections and noncommunicable diseases.\nTable 6.1: Overview of key elements of general care over the continuum of HIV care for people living with HIV.\nChapter 6: General care and managing common coinfections and comorbidities."
      }],
      "condition" : [{
        "kind" : "applicability",
        "expression" : {
          "description" : "(HIV.D12.DT.12)\n  AND (\"Reason for visit\"='Clinical visit)\n  AND (\"On ART\"=True)\n  AND (\"Gender\"='Female')",
          "language" : "text/cql-identifier",
          "expression" : "Should Pregnancy test"
        }
      }],
      "action" : [{
        "title" : "Pregnancy test"
      },
      {
        "title" : "Consider offering a pregnancy test for women with childbearing potential not receiving family planning and receiving DTG or EFV 400 mg"
      }]
    },
    {
      "id" : "13",
      "title" : "Desirable actions: Serum creatinineEstimated glomerular filtration rate for TDF",
      "description" : "Desirable actions: Serum creatinineEstimated glomerular filtration rate for TDF",
      "textEquivalent" : "Consider assessing for the presence of noncommunicable diseases that can influence ART management, such as hypertension and other cardiovascular diseases, diabetes and TB according to the WHO Package of Essential Noncommunicable Disease Interventions (PEN), Mental Health Gap Action Programme (mhGAP) or national standard protocols (see Chapter 6 of source). Monitoring may include a range of tests, including serum creatinine and estimated glomerular filtration rate, serum phosphate and urine dipsticks for proteinuria and glycosuria.",
      "documentation" : [{
        "type" : "citation",
        "label" : "Consolidated guidelines on HIV prevention, testing, treatment, service delivery and monitoring: recommendations for a public health approach (2021)\nTable 4.10. Recommended tests for HIV screening and monitoring and approaches to screening for coinfections and noncommunicable diseases.\nTable 6.1: Overview of key elements of general care over the continuum of HIV care for people living with HIV.\nChapter 6: General care and managing common coinfections and comorbidities."
      }],
      "condition" : [{
        "kind" : "applicability",
        "expression" : {
          "description" : "(HIV.D12.DT.13)\n  AND (\"Reason for visit\"='Clinical visit)\n  AND (\"On ART\"=True)\n  AND (\"Current medications\"='TDF')",
          "language" : "text/cql-identifier",
          "expression" : "Should Desirable actions: Serum creatinineEstimated glomerular filtration rate for TDF"
        }
      }],
      "action" : [{
        "title" : "Desirable actions: Serum creatinineEstimated glomerular filtration rate for TDF"
      },
      {
        "title" : "Consider assessing for the presence of chronic conditions that can influence ART management, such as hypertension and other cardiovascular diseases, diabetes and TB according to the WHO Package of Essential NCD interventions (PEN), mental health Gap Action Programme (mhGAP) or national standard protocols (see section 5.3 Prevention, screening and management of other comorbidities and chronic care for people living with HIV). Monitoring may include a range of tests, including serum creatinine and estimated glomerular filtration rate (eGFR), serum phosphate and urine dipsticks for proteinuria and glycosuria. See formula for eGFR in the footnote to section 4.6.3 of source."
      }]
    },
    {
      "id" : "14",
      "title" : "Desirable actions: HBV (HBsAg) serology (before switching ART regimen if this testing was not done or if the result was negative at baseline and the patient was not vaccinated thereafter) Recommended general care activities: Prepare, assess and support adherence.Manage current medications.Provide family planning and contraception.Support disclosure and partner notification.Counsel on risk reduction and combination HIV prevention approaches.Assess, prevent and manage noncommunicable diseases.Screen for and manage mental health problems.Screen for and manage and substance use issues.Provide psychosocial counselling and support.Manage pain and symptoms.Conduct a nutritional assessment and counsel on nutrition.Preventing and treating coinfections: Provide co-trimoxazole preventive therapyConduct intensified TB case-findingPrevent malaria (insecticide- treated  bed-nets and prophylaxis)Screen for sexually transmitted infectionsAssess for vaccine-preventable diseases",
      "description" : "Desirable actions: HBV (HBsAg) serology (before switching ART regimen if this testing was not done or if the result was negative at baseline and the patient was not vaccinated thereafter) Recommended general care activities: Prepare, assess and support adherence.Manage current medications.Provide family planning and contraception.Support disclosure and partner notification.Counsel on risk reduction and combination HIV prevention approaches.Assess, prevent and manage noncommunicable diseases.Screen for and manage mental health problems.Screen for and manage and substance use issues.Provide psychosocial counselling and support.Manage pain and symptoms.Conduct a nutritional assessment and counsel on nutrition.Preventing and treating coinfections: Provide co-trimoxazole preventive therapyConduct intensified TB case-findingPrevent malaria (insecticide- treated  bed-nets and prophylaxis)Screen for sexually transmitted infectionsAssess for vaccine-preventable diseases",
      "textEquivalent" : "Consider assessing for the presence of noncommunicable diseases that can influence ART management, such as hypertension and other cardiovascular diseases, diabetes and TB according to the WHO Package of Essential Noncommunicable Disease Interventions (PEN), Mental Health Gap Action Programme (mhGAP) or national standard protocols (see Chapter 6 of source). Monitoring may include a range of tests, including serum creatinine and estimated glomerular filtration rate, serum phosphate and urine dipsticks for proteinuria and glycosuria.",
      "documentation" : [{
        "type" : "citation",
        "label" : "Consolidated guidelines on HIV prevention, testing, treatment, service delivery and monitoring: recommendations for a public health approach (2021)\nTable 4.10. Recommended tests for HIV screening and monitoring and approaches to screening for coinfections and noncommunicable diseases.\nTable 6.1: Overview of key elements of general care over the continuum of HIV care for people living with HIV.\nChapter 6: General care and managing common coinfections and comorbidities."
      }],
      "condition" : [{
        "kind" : "applicability",
        "expression" : {
          "description" : "(HIV.D12.DT.14)\n  AND (\"Reason for visit\"='Clinical visit)\n  AND (\"Age\" ≥ 20 years)\n  AND (\"Suspicion of treatment failure or interruption\"=True)",
          "language" : "text/cql-identifier",
          "expression" : "Should Desirable actions: HBV (HBsAg) serology (before switching ART regimen if this testing was not done or if the result was negative at baseline and the patient was not vaccinated thereafter) Recommended general care activities: Prepare, assess and support adherence.Manage current medications.Provide family planning and contraception.Support disclosure and partner notification.Counsel on risk reduction and combination HIV prevention approaches.Assess, prevent and manage noncommunicable diseases.Screen for and manage mental health problems.Screen for and manage and substance use issues.Provide psychosocial counselling and support.Manage pain and symptoms.Conduct a nutritional assessment and counsel on nutrition.Preventing and treating coinfections: Provide co-trimoxazole preventive therapyConduct intensified TB case-findingPrevent malaria (insecticide- treated  bed-nets and prophylaxis)Screen for sexually transmitted infectionsAssess for vaccine-preventable diseases"
        }
      }],
      "action" : [{
        "title" : "Desirable actions: HBV (HBsAg) serology (before switching ART regimen if this testing was not done or if the result was negative at baseline and the patient was not vaccinated thereafter) Recommended general care activities: Prepare, assess and support adherence.Manage current medications.Provide family planning and contraception.Support disclosure and partner notification.Counsel on risk reduction and combination HIV prevention approaches.Assess, prevent and manage noncommunicable diseases.Screen for and manage mental health problems.Screen for and manage and substance use issues.Provide psychosocial counselling and support.Manage pain and symptoms.Conduct a nutritional assessment and counsel on nutrition.Preventing and treating coinfections: Provide co-trimoxazole preventive therapyConduct intensified TB case-findingPrevent malaria (insecticide- treated  bed-nets and prophylaxis)Screen for sexually transmitted infectionsAssess for vaccine-preventable diseases"
      },
      {
        "title" : "Desirable actions: HBV (HBsAg) serology (before switching ART regimen if this testing was not done or if the result was negative at baseline and the patient was not vaccinated thereafter) Recommended general care activities: Prepare, assess and support adherence.Manage current medications.Provide family planning and contraception.Support disclosure and partner notification.Counsel on risk reduction and combination HIV prevention approaches.Assess, prevent and manage noncommunicable diseases.Screen for and manage mental health problems.Screen for and manage and substance use issues.Provide psychosocial counselling and support.Manage pain and symptoms.Conduct a nutritional assessment and counsel on nutrition.Preventing and treating coinfections: Provide co-trimoxazole preventive therapyConduct intensified TB case-findingPrevent malaria (insecticide- treated  bed-nets and prophylaxis)Screen for sexually transmitted infectionsAssess for vaccine-preventable diseases"
      }]
    },
    {
      "id" : "15",
      "title" : "Desirable actions: HBV (HBsAg) serology (before switching ART regimen if this testing was not done or if the result was negative at baseline and the patient was not vaccinated thereafter)Recommended general care activities:Prepare, assess and support adherence.Manage current medications.Provide family planning and contraception.Support disclosure and partner notification.Counsel on risk reduction and combination HIV prevention approaches.Assess, prevent and manage noncommunicable diseases.Screen for and manage mental health problems.Screen for and manage and substance use issues.Provide psychosocial counselling and support.Manage pain and symptoms.Conduct a nutritional, growth and development assessment.Preventing and treating coinfections:Provide co-trimoxazole preventive therapyConduct intensified TB case-findingPrevent malaria (insecticide- treated  bed-nets and prophylaxis)Screen for sexually transmitted infectionsAssess for vaccine-preventable diseases",
      "description" : "Desirable actions: HBV (HBsAg) serology (before switching ART regimen if this testing was not done or if the result was negative at baseline and the patient was not vaccinated thereafter)Recommended general care activities:Prepare, assess and support adherence.Manage current medications.Provide family planning and contraception.Support disclosure and partner notification.Counsel on risk reduction and combination HIV prevention approaches.Assess, prevent and manage noncommunicable diseases.Screen for and manage mental health problems.Screen for and manage and substance use issues.Provide psychosocial counselling and support.Manage pain and symptoms.Conduct a nutritional, growth and development assessment.Preventing and treating coinfections:Provide co-trimoxazole preventive therapyConduct intensified TB case-findingPrevent malaria (insecticide- treated  bed-nets and prophylaxis)Screen for sexually transmitted infectionsAssess for vaccine-preventable diseases",
      "textEquivalent" : "Consider assessing for the presence of noncommunicable diseases that can influence ART management, such as hypertension and other cardiovascular diseases, diabetes and TB according to the WHO Package of Essential Noncommunicable Disease Interventions (PEN), Mental Health Gap Action Programme (mhGAP) or national standard protocols (see Chapter 6 of source). Monitoring may include a range of tests, including serum creatinine and estimated glomerular filtration rate, serum phosphate and urine dipsticks for proteinuria and glycosuria.",
      "documentation" : [{
        "type" : "citation",
        "label" : "Consolidated guidelines on HIV prevention, testing, treatment, service delivery and monitoring: recommendations for a public health approach (2021)\nTable 4.10. Recommended tests for HIV screening and monitoring and approaches to screening for coinfections and noncommunicable diseases.\nTable 6.1: Overview of key elements of general care over the continuum of HIV care for people living with HIV.\nChapter 6: General care and managing common coinfections and comorbidities."
      }],
      "condition" : [{
        "kind" : "applicability",
        "expression" : {
          "description" : "(HIV.D12.DT.15)\n  AND (\"Reason for visit\"='Clinical visit)\n  AND (\"Age\" <20 years)\n  AND (\"Suspicion of treatment failure or interruption\"=True)",
          "language" : "text/cql-identifier",
          "expression" : "Should Desirable actions: HBV (HBsAg) serology (before switching ART regimen if this testing was not done or if the result was negative at baseline and the patient was not vaccinated thereafter)Recommended general care activities:Prepare, assess and support adherence.Manage current medications.Provide family planning and contraception.Support disclosure and partner notification.Counsel on risk reduction and combination HIV prevention approaches.Assess, prevent and manage noncommunicable diseases.Screen for and manage mental health problems.Screen for and manage and substance use issues.Provide psychosocial counselling and support.Manage pain and symptoms.Conduct a nutritional, growth and development assessment.Preventing and treating coinfections:Provide co-trimoxazole preventive therapyConduct intensified TB case-findingPrevent malaria (insecticide- treated  bed-nets and prophylaxis)Screen for sexually transmitted infectionsAssess for vaccine-preventable diseases"
        }
      }],
      "action" : [{
        "title" : "Desirable actions: HBV (HBsAg) serology (before switching ART regimen if this testing was not done or if the result was negative at baseline and the patient was not vaccinated thereafter)Recommended general care activities:Prepare, assess and support adherence.Manage current medications.Provide family planning and contraception.Support disclosure and partner notification.Counsel on risk reduction and combination HIV prevention approaches.Assess, prevent and manage noncommunicable diseases.Screen for and manage mental health problems.Screen for and manage and substance use issues.Provide psychosocial counselling and support.Manage pain and symptoms.Conduct a nutritional, growth and development assessment.Preventing and treating coinfections:Provide co-trimoxazole preventive therapyConduct intensified TB case-findingPrevent malaria (insecticide- treated  bed-nets and prophylaxis)Screen for sexually transmitted infectionsAssess for vaccine-preventable diseases"
      },
      {
        "title" : "Desirable actions: HBV (HBsAg) serology (before switching ART regimen if this testing was not done or if the result was negative at baseline and the patient was not vaccinated thereafter)Recommended general care activities:Prepare, assess and support adherence.Manage current medications.Provide family planning and contraception.Support disclosure and partner notification.Counsel on risk reduction and combination HIV prevention approaches.Assess, prevent and manage noncommunicable diseases.Screen for and manage mental health problems.Screen for and manage and substance use issues.Provide psychosocial counselling and support.Manage pain and symptoms.Conduct a nutritional, growth and development assessment.Preventing and treating coinfections:Provide co-trimoxazole preventive therapyConduct intensified TB case-findingPrevent malaria (insecticide- treated  bed-nets and prophylaxis)Screen for sexually transmitted infectionsAssess for vaccine-preventable diseases"
      }]
    }]
  }]
}