{
  "resourceType" : "ValueSet",
  "id" : "hiv-e-de92",
  "text" : {
    "status" : "extensions",
    "div" : "<div xmlns=\"http://www.w3.org/1999/xhtml\"><ul><li>Include these codes as defined in <a href=\"CodeSystem-concept-codes.html\"><code>http://fhir.org/guides/itech-uw/who-smart-hiv-dak/CodeSystem/concept-codes</code></a><table class=\"none\"><tr><td style=\"white-space:nowrap\"><b>Code</b></td><td><b>Display</b></td><td><b>Definition</b></td></tr><tr><td><a href=\"CodeSystem-concept-codes.html#concept-codes-HIV.46E.46DE92\">HIV.E.DE92</a></td><td>Female</td><td>Gender of infant - Female</td></tr><tr><td><a href=\"CodeSystem-concept-codes.html#concept-codes-HIV.46E.46DE93\">HIV.E.DE93</a></td><td>Male</td><td>Gender of infant - Male</td></tr><tr><td><a href=\"CodeSystem-concept-codes.html#concept-codes-HIV.46E.46DE94\">HIV.E.DE94</a></td><td>Other</td><td>Gender of infant - Other</td></tr></table></li></ul></div>"
  },
  "url" : "http://fhir.org/guides/itech-uw/ValueSet/hiv-e-de92",
  "version" : "0.3.0",
  "name" : "GenderofinfantCodes",
  "title" : "Gender of infant Codes",
  "status" : "draft",
  "experimental" : false,
  "date" : "2024-05-29T19:37:49+00:00",
  "publisher" : "World Health Organization (WHO) ",
  "contact" : [{
    "telecom" : [{
      "system" : "url",
      "value" : "https://www.who.int"
    }]
  }],
  "description" : "Codes representing possible values for the Gender of infant element",
  "jurisdiction" : [{
    "coding" : [{
      "system" : "http://unstats.un.org/unsd/methods/m49/m49.htm",
      "code" : "001"
    }]
  }],
  "immutable" : true,
  "compose" : {
    "include" : [{
      "system" : "http://fhir.org/guides/itech-uw/who-smart-hiv-dak/CodeSystem/concept-codes",
      "concept" : [{
        "code" : "HIV.E.DE92",
        "display" : "Female"
      },
      {
        "code" : "HIV.E.DE93",
        "display" : "Male"
      },
      {
        "code" : "HIV.E.DE94",
        "display" : "Other"
      }]
    }]
  }
}