{
  "resourceType" : "ValueSet",
  "id" : "hiv-b-de178",
  "text" : {
    "status" : "extensions",
    "div" : "<div xmlns=\"http://www.w3.org/1999/xhtml\"><ul><li>Include these codes as defined in <a href=\"CodeSystem-concept-codes.html\"><code>http://fhir.org/guides/itech-uw/who-smart-hiv-dak/CodeSystem/concept-codes</code></a><table class=\"none\"><tr><td style=\"white-space:nowrap\"><b>Code</b></td><td><b>Display</b></td><td><b>Definition</b></td></tr><tr><td><a href=\"CodeSystem-concept-codes.html#concept-codes-HIV.46B.46DE178\">HIV.B.DE178</a></td><td>Retesting for HIV</td><td>Type of follow-up appointment - Retesting for HIV</td></tr><tr><td><a href=\"CodeSystem-concept-codes.html#concept-codes-HIV.46B.46DE179\">HIV.B.DE179</a></td><td>Other (specify)</td><td>Type of follow-up appointment - Other (specify)</td></tr><tr><td><a href=\"CodeSystem-concept-codes.html#concept-codes-HIV.46C.46DE113\">HIV.C.DE113</a></td><td>Retesting for HIV</td><td>Type of follow-up appointment - Retesting for HIV</td></tr><tr><td><a href=\"CodeSystem-concept-codes.html#concept-codes-HIV.46C.46DE114\">HIV.C.DE114</a></td><td>Scheduled follow-up appointment for PrEP</td><td>Type of follow-up appointment - Scheduled follow-up appointment for PrEP</td></tr><tr><td><a href=\"CodeSystem-concept-codes.html#concept-codes-HIV.46C.46DE115\">HIV.C.DE115</a></td><td>Other (specify)</td><td>Type of follow-up appointment - Other (specify)</td></tr><tr><td><a href=\"CodeSystem-concept-codes.html#concept-codes-HIV.46D.46DE458\">HIV.D.DE458</a></td><td>Clinical visit</td><td>Type of follow-up appointment - Clinical visit</td></tr><tr><td><a href=\"CodeSystem-concept-codes.html#concept-codes-HIV.46D.46DE459\">HIV.D.DE459</a></td><td>Antiretroviral drug pick up</td><td>Type of follow-up appointment - Antiretroviral drug pick up</td></tr><tr><td><a href=\"CodeSystem-concept-codes.html#concept-codes-HIV.46D.46DE460\">HIV.D.DE460</a></td><td>Other (specify)</td><td>Type of follow-up appointment - Other (specify)</td></tr></table></li></ul></div>"
  },
  "url" : "http://fhir.org/guides/itech-uw/ValueSet/hiv-b-de178",
  "version" : "0.3.0",
  "name" : "TypeoffollowupappointmentCodes",
  "title" : "Type of follow-up appointment Codes",
  "status" : "draft",
  "experimental" : false,
  "date" : "2024-03-05T18:24:53+00:00",
  "publisher" : "World Health Organization (WHO) ",
  "contact" : [{
    "telecom" : [{
      "system" : "url",
      "value" : "https://www.who.int"
    }]
  }],
  "description" : "Codes representing possible values for the Type of follow-up appointment element",
  "jurisdiction" : [{
    "coding" : [{
      "system" : "http://unstats.un.org/unsd/methods/m49/m49.htm",
      "code" : "001"
    }]
  }],
  "immutable" : true,
  "compose" : {
    "include" : [{
      "system" : "http://fhir.org/guides/itech-uw/who-smart-hiv-dak/CodeSystem/concept-codes",
      "concept" : [{
        "code" : "HIV.B.DE178",
        "display" : "Retesting for HIV"
      },
      {
        "code" : "HIV.B.DE179",
        "display" : "Other (specify)"
      },
      {
        "code" : "HIV.C.DE113",
        "display" : "Retesting for HIV"
      },
      {
        "code" : "HIV.C.DE114",
        "display" : "Scheduled follow-up appointment for PrEP"
      },
      {
        "code" : "HIV.C.DE115",
        "display" : "Other (specify)"
      },
      {
        "code" : "HIV.D.DE458",
        "display" : "Clinical visit"
      },
      {
        "code" : "HIV.D.DE459",
        "display" : "Antiretroviral drug pick up"
      },
      {
        "code" : "HIV.D.DE460",
        "display" : "Other (specify)"
      }]
    }]
  }
}