{
  "resourceType" : "ValueSet",
  "id" : "hiv-d-de737",
  "text" : {
    "status" : "extensions",
    "div" : "<div xmlns=\"http://www.w3.org/1999/xhtml\"><ul><li>Include these codes as defined in <a href=\"CodeSystem-concept-codes.html\"><code>http://fhir.org/guides/itech-uw/who-smart-hiv-dak/CodeSystem/concept-codes</code></a><table class=\"none\"><tr><td style=\"white-space:nowrap\"><b>Code</b></td><td><b>Display</b></td><td><b>Definition</b></td></tr><tr><td><a href=\"CodeSystem-concept-codes.html#concept-codes-HIV.46D.46DE737\">HIV.D.DE737</a></td><td>Current cough</td><td>Symptoms of TB - Current cough</td></tr><tr><td><a href=\"CodeSystem-concept-codes.html#concept-codes-HIV.46D.46DE738\">HIV.D.DE738</a></td><td>Fever of 39 °C or greater</td><td>Symptoms of TB - Fever of 39 °C or greater</td></tr><tr><td><a href=\"CodeSystem-concept-codes.html#concept-codes-HIV.46D.46DE739\">HIV.D.DE739</a></td><td>Weight loss (reported)</td><td>Symptoms of TB - Weight loss (reported)</td></tr><tr><td><a href=\"CodeSystem-concept-codes.html#concept-codes-HIV.46D.46DE740\">HIV.D.DE740</a></td><td>Calculated weight loss</td><td>Symptoms of TB - Calculated weight loss</td></tr><tr><td><a href=\"CodeSystem-concept-codes.html#concept-codes-HIV.46D.46DE741\">HIV.D.DE741</a></td><td>Night sweats</td><td>Symptoms of TB - Night sweats</td></tr><tr><td><a href=\"CodeSystem-concept-codes.html#concept-codes-HIV.46D.46DE742\">HIV.D.DE742</a></td><td>Poor weight gain</td><td>Symptoms of TB - Poor weight gain</td></tr><tr><td><a href=\"CodeSystem-concept-codes.html#concept-codes-HIV.46D.46DE743\">HIV.D.DE743</a></td><td>Reduced playfulness</td><td>Symptoms of TB - Reduced playfulness</td></tr><tr><td><a href=\"CodeSystem-concept-codes.html#concept-codes-HIV.46D.46DE744\">HIV.D.DE744</a></td><td>Other possible TB symptom (specify)</td><td>Symptoms of TB - Other possible TB symptom (specify)</td></tr></table></li></ul></div>"
  },
  "url" : "http://fhir.org/guides/itech-uw/ValueSet/hiv-d-de737",
  "version" : "0.3.0",
  "name" : "SymptomsofTBCodes",
  "title" : "Symptoms of TB Codes",
  "status" : "draft",
  "experimental" : false,
  "date" : "2024-03-05T18:24:53+00:00",
  "publisher" : "World Health Organization (WHO) ",
  "contact" : [{
    "telecom" : [{
      "system" : "url",
      "value" : "https://www.who.int"
    }]
  }],
  "description" : "Codes representing possible values for the Symptoms of TB element",
  "jurisdiction" : [{
    "coding" : [{
      "system" : "http://unstats.un.org/unsd/methods/m49/m49.htm",
      "code" : "001"
    }]
  }],
  "immutable" : true,
  "compose" : {
    "include" : [{
      "system" : "http://fhir.org/guides/itech-uw/who-smart-hiv-dak/CodeSystem/concept-codes",
      "concept" : [{
        "code" : "HIV.D.DE737",
        "display" : "Current cough"
      },
      {
        "code" : "HIV.D.DE738",
        "display" : "Fever of 39 °C or greater"
      },
      {
        "code" : "HIV.D.DE739",
        "display" : "Weight loss (reported)"
      },
      {
        "code" : "HIV.D.DE740",
        "display" : "Calculated weight loss"
      },
      {
        "code" : "HIV.D.DE741",
        "display" : "Night sweats"
      },
      {
        "code" : "HIV.D.DE742",
        "display" : "Poor weight gain"
      },
      {
        "code" : "HIV.D.DE743",
        "display" : "Reduced playfulness"
      },
      {
        "code" : "HIV.D.DE744",
        "display" : "Other possible TB symptom (specify)"
      }]
    }]
  }
}