{
  "resourceType" : "ValueSet",
  "id" : "hiv-d-de713",
  "text" : {
    "status" : "extensions",
    "div" : "<div xmlns=\"http://www.w3.org/1999/xhtml\"><ul><li>Include these codes as defined in <a href=\"CodeSystem-concept-codes.html\"><code>http://fhir.org/guides/itech-uw/who-smart-hiv-dak/CodeSystem/concept-codes</code></a><table class=\"none\"><tr><td style=\"white-space:nowrap\"><b>Code</b></td><td><b>Display</b></td><td><b>Definition</b></td></tr><tr><td><a href=\"CodeSystem-concept-codes.html#concept-codes-HIV.46D.46DE713\">HIV.D.DE713</a></td><td>Stage 0</td><td>Cervical cancer stage at diagnosis - Stage 0</td></tr><tr><td><a href=\"CodeSystem-concept-codes.html#concept-codes-HIV.46D.46DE714\">HIV.D.DE714</a></td><td>Stage I</td><td>Cervical cancer stage at diagnosis - Stage I</td></tr><tr><td><a href=\"CodeSystem-concept-codes.html#concept-codes-HIV.46D.46DE715\">HIV.D.DE715</a></td><td>Stage II</td><td>Cervical cancer stage at diagnosis - Stage II</td></tr><tr><td><a href=\"CodeSystem-concept-codes.html#concept-codes-HIV.46D.46DE716\">HIV.D.DE716</a></td><td>Stage III</td><td>Cervical cancer stage at diagnosis - Stage III</td></tr><tr><td><a href=\"CodeSystem-concept-codes.html#concept-codes-HIV.46D.46DE717\">HIV.D.DE717</a></td><td>Stage IV</td><td>Cervical cancer stage at diagnosis - Stage IV</td></tr></table></li></ul></div>"
  },
  "url" : "http://fhir.org/guides/itech-uw/ValueSet/hiv-d-de713",
  "version" : "0.3.0",
  "name" : "CervicalcancerstageatdiagnosisCodes",
  "title" : "Cervical cancer stage at diagnosis Codes",
  "status" : "draft",
  "experimental" : false,
  "date" : "2024-05-28T18:56:02+00:00",
  "publisher" : "World Health Organization (WHO) ",
  "contact" : [{
    "telecom" : [{
      "system" : "url",
      "value" : "https://www.who.int"
    }]
  }],
  "description" : "Codes representing possible values for the Cervical cancer stage at diagnosis element",
  "jurisdiction" : [{
    "coding" : [{
      "system" : "http://unstats.un.org/unsd/methods/m49/m49.htm",
      "code" : "001"
    }]
  }],
  "immutable" : true,
  "compose" : {
    "include" : [{
      "system" : "http://fhir.org/guides/itech-uw/who-smart-hiv-dak/CodeSystem/concept-codes",
      "concept" : [{
        "code" : "HIV.D.DE713",
        "display" : "Stage 0"
      },
      {
        "code" : "HIV.D.DE714",
        "display" : "Stage I"
      },
      {
        "code" : "HIV.D.DE715",
        "display" : "Stage II"
      },
      {
        "code" : "HIV.D.DE716",
        "display" : "Stage III"
      },
      {
        "code" : "HIV.D.DE717",
        "display" : "Stage IV"
      }]
    }]
  }
}