{
  "resourceType" : "ValueSet",
  "id" : "hiv-d-de44",
  "text" : {
    "status" : "extensions",
    "div" : "<div xmlns=\"http://www.w3.org/1999/xhtml\"><ul><li>Include these codes as defined in <a href=\"CodeSystem-concept-codes.html\"><code>http://fhir.org/guides/itech-uw/who-smart-hiv-dak/CodeSystem/concept-codes</code></a><table class=\"none\"><tr><td style=\"white-space:nowrap\"><b>Code</b></td><td><b>Display</b></td><td><b>Definition</b></td></tr><tr><td><a href=\"CodeSystem-concept-codes.html#concept-codes-HIV.46D.46DE44\">HIV.D.DE44</a></td><td>First-time user of ART</td><td>ART start type - First-time user of ART</td></tr><tr><td><a href=\"CodeSystem-concept-codes.html#concept-codes-HIV.46D.46DE45\">HIV.D.DE45</a></td><td>Restarting ART</td><td>ART start type - Restarting ART</td></tr></table></li></ul></div>"
  },
  "url" : "http://fhir.org/guides/itech-uw/ValueSet/hiv-d-de44",
  "version" : "0.3.0",
  "name" : "ARTstarttypeCodes",
  "title" : "ART start type Codes",
  "status" : "draft",
  "experimental" : false,
  "date" : "2024-05-29T19:37:49+00:00",
  "publisher" : "World Health Organization (WHO) ",
  "contact" : [{
    "telecom" : [{
      "system" : "url",
      "value" : "https://www.who.int"
    }]
  }],
  "description" : "Codes representing possible values for the ART start type element",
  "jurisdiction" : [{
    "coding" : [{
      "system" : "http://unstats.un.org/unsd/methods/m49/m49.htm",
      "code" : "001"
    }]
  }],
  "immutable" : true,
  "compose" : {
    "include" : [{
      "system" : "http://fhir.org/guides/itech-uw/who-smart-hiv-dak/CodeSystem/concept-codes",
      "concept" : [{
        "code" : "HIV.D.DE44",
        "display" : "First-time user of ART"
      },
      {
        "code" : "HIV.D.DE45",
        "display" : "Restarting ART"
      }]
    }]
  }
}