{
  "resourceType" : "ValueSet",
  "id" : "hiv-b-de307",
  "text" : {
    "status" : "extensions",
    "div" : "<div xmlns=\"http://www.w3.org/1999/xhtml\"><ul><li>Include these codes as defined in <a href=\"CodeSystem-concept-codes.html\"><code>http://fhir.org/guides/itech-uw/who-smart-hiv-dak/CodeSystem/concept-codes</code></a><table class=\"none\"><tr><td style=\"white-space:nowrap\"><b>Code</b></td><td><b>Display</b></td><td><b>Definition</b></td></tr><tr><td><a href=\"CodeSystem-concept-codes.html#concept-codes-HIV.46B.46DE307\">HIV.B.DE307</a></td><td>NAAT</td><td>Mycoplasma genitalium test type - NAAT</td></tr><tr><td><a href=\"CodeSystem-concept-codes.html#concept-codes-HIV.46B.46DE308\">HIV.B.DE308</a></td><td>Microscopy</td><td>Mycoplasma genitalium test type - Microscopy</td></tr><tr><td><a href=\"CodeSystem-concept-codes.html#concept-codes-HIV.46B.46DE309\">HIV.B.DE309</a></td><td>Other</td><td>Mycoplasma genitalium test type - Other</td></tr><tr><td><a href=\"CodeSystem-concept-codes.html#concept-codes-HIV.46D.46DE859\">HIV.D.DE859</a></td><td>NAAT</td><td>Mycoplasma genitalium test type - NAAT</td></tr><tr><td><a href=\"CodeSystem-concept-codes.html#concept-codes-HIV.46D.46DE860\">HIV.D.DE860</a></td><td>Microscopy</td><td>Mycoplasma genitalium test type - Microscopy</td></tr><tr><td><a href=\"CodeSystem-concept-codes.html#concept-codes-HIV.46D.46DE861\">HIV.D.DE861</a></td><td>Other</td><td>Mycoplasma genitalium test type - Other</td></tr></table></li></ul></div>"
  },
  "url" : "http://fhir.org/guides/itech-uw/ValueSet/hiv-b-de307",
  "version" : "0.3.0",
  "name" : "MycoplasmagenitaliumtesttypeCodes",
  "title" : "Mycoplasma genitalium test type Codes",
  "status" : "draft",
  "experimental" : false,
  "date" : "2024-05-29T20:05:57+00:00",
  "publisher" : "World Health Organization (WHO) ",
  "contact" : [{
    "telecom" : [{
      "system" : "url",
      "value" : "https://www.who.int"
    }]
  }],
  "description" : "Codes representing possible values for the Mycoplasma genitalium test type element",
  "jurisdiction" : [{
    "coding" : [{
      "system" : "http://unstats.un.org/unsd/methods/m49/m49.htm",
      "code" : "001"
    }]
  }],
  "immutable" : true,
  "compose" : {
    "include" : [{
      "system" : "http://fhir.org/guides/itech-uw/who-smart-hiv-dak/CodeSystem/concept-codes",
      "concept" : [{
        "code" : "HIV.B.DE307",
        "display" : "NAAT"
      },
      {
        "code" : "HIV.B.DE308",
        "display" : "Microscopy"
      },
      {
        "code" : "HIV.B.DE309",
        "display" : "Other"
      },
      {
        "code" : "HIV.D.DE859",
        "display" : "NAAT"
      },
      {
        "code" : "HIV.D.DE860",
        "display" : "Microscopy"
      },
      {
        "code" : "HIV.D.DE861",
        "display" : "Other"
      }]
    }]
  }
}