{
  "resourceType" : "ValueSet",
  "id" : "hiv-b-de2",
  "text" : {
    "status" : "extensions",
    "div" : "<div xmlns=\"http://www.w3.org/1999/xhtml\"><ul><li>Include these codes as defined in <a href=\"CodeSystem-concept-codes.html\"><code>http://fhir.org/guides/itech-uw/who-smart-hiv-dak/CodeSystem/concept-codes</code></a><table class=\"none\"><tr><td style=\"white-space:nowrap\"><b>Code</b></td><td><b>Display</b></td><td><b>Definition</b></td></tr><tr><td><a href=\"CodeSystem-concept-codes.html#concept-codes-HIV.46B.46DE2\">HIV.B.DE2</a></td><td>First-time HIV test</td><td>Reason for HIV testing services visit - First-time HIV test</td></tr><tr><td><a href=\"CodeSystem-concept-codes.html#concept-codes-HIV.46B.46DE3\">HIV.B.DE3</a></td><td>Retesting for HIV</td><td>Reason for HIV testing services visit - Retesting for HIV</td></tr></table></li></ul></div>"
  },
  "url" : "http://fhir.org/guides/itech-uw/ValueSet/hiv-b-de2",
  "version" : "0.3.0",
  "name" : "ReasonforHIVtestingservicesvisitCodes",
  "title" : "Reason for HIV testing services visit Codes",
  "status" : "draft",
  "experimental" : false,
  "date" : "2024-03-05T18:24:53+00:00",
  "publisher" : "World Health Organization (WHO) ",
  "contact" : [{
    "telecom" : [{
      "system" : "url",
      "value" : "https://www.who.int"
    }]
  }],
  "description" : "Codes representing possible values for the Reason for HIV testing services visit element",
  "jurisdiction" : [{
    "coding" : [{
      "system" : "http://unstats.un.org/unsd/methods/m49/m49.htm",
      "code" : "001"
    }]
  }],
  "immutable" : true,
  "compose" : {
    "include" : [{
      "system" : "http://fhir.org/guides/itech-uw/who-smart-hiv-dak/CodeSystem/concept-codes",
      "concept" : [{
        "code" : "HIV.B.DE2",
        "display" : "First-time HIV test"
      },
      {
        "code" : "HIV.B.DE3",
        "display" : "Retesting for HIV"
      }]
    }]
  }
}