{
  "resourceType" : "ValueSet",
  "id" : "hiv-d-de2",
  "text" : {
    "status" : "extensions",
    "div" : "<div xmlns=\"http://www.w3.org/1999/xhtml\"><ul><li>Include these codes as defined in <a href=\"CodeSystem-concept-codes.html\"><code>http://fhir.org/guides/itech-uw/who-smart-hiv-dak/CodeSystem/concept-codes</code></a><table class=\"none\"><tr><td style=\"white-space:nowrap\"><b>Code</b></td><td><b>Display</b></td><td><b>Definition</b></td></tr><tr><td><a href=\"CodeSystem-concept-codes.html#concept-codes-HIV.46D.46DE2\">HIV.D.DE2</a></td><td>First clinical visit</td><td>Reason for HIV care and treatment visit - First clinical visit</td></tr><tr><td><a href=\"CodeSystem-concept-codes.html#concept-codes-HIV.46D.46DE3\">HIV.D.DE3</a></td><td>Clinical visit</td><td>Reason for HIV care and treatment visit - Clinical visit</td></tr><tr><td><a href=\"CodeSystem-concept-codes.html#concept-codes-HIV.46D.46DE4\">HIV.D.DE4</a></td><td>Antiretroviral drug pick up</td><td>Reason for HIV care and treatment visit - Antiretroviral drug pick up</td></tr><tr><td><a href=\"CodeSystem-concept-codes.html#concept-codes-HIV.46D.46DE5\">HIV.D.DE5</a></td><td>Issues and concerns</td><td>Reason for HIV care and treatment visit - Issues and concerns</td></tr></table></li></ul></div>"
  },
  "url" : "http://fhir.org/guides/itech-uw/ValueSet/hiv-d-de2",
  "version" : "0.3.0",
  "name" : "ReasonforHIVcareandtreatmentvisitCodes",
  "title" : "Reason for HIV care and treatment visit Codes",
  "status" : "draft",
  "experimental" : false,
  "date" : "2024-03-05T18:24:53+00:00",
  "publisher" : "World Health Organization (WHO) ",
  "contact" : [{
    "telecom" : [{
      "system" : "url",
      "value" : "https://www.who.int"
    }]
  }],
  "description" : "Codes representing possible values for the Reason for HIV care and treatment visit element",
  "jurisdiction" : [{
    "coding" : [{
      "system" : "http://unstats.un.org/unsd/methods/m49/m49.htm",
      "code" : "001"
    }]
  }],
  "immutable" : true,
  "compose" : {
    "include" : [{
      "system" : "http://fhir.org/guides/itech-uw/who-smart-hiv-dak/CodeSystem/concept-codes",
      "concept" : [{
        "code" : "HIV.D.DE2",
        "display" : "First clinical visit"
      },
      {
        "code" : "HIV.D.DE3",
        "display" : "Clinical visit"
      },
      {
        "code" : "HIV.D.DE4",
        "display" : "Antiretroviral drug pick up"
      },
      {
        "code" : "HIV.D.DE5",
        "display" : "Issues and concerns"
      }]
    }]
  }
}