{
  "resourceType" : "ValueSet",
  "id" : "hiv-d-de576",
  "text" : {
    "status" : "extensions",
    "div" : "<div xmlns=\"http://www.w3.org/1999/xhtml\"><ul><li>Include these codes as defined in <a href=\"CodeSystem-concept-codes.html\"><code>http://fhir.org/guides/itech-uw/who-smart-hiv-dak/CodeSystem/concept-codes</code></a><table class=\"none\"><tr><td style=\"white-space:nowrap\"><b>Code</b></td><td><b>Display</b></td><td><b>Definition</b></td></tr><tr><td><a href=\"CodeSystem-concept-codes.html#concept-codes-HIV.46D.46DE576\">HIV.D.DE576</a></td><td>Stock-out</td><td>Reason SARS-CoV-2  vaccine not provided - Stock-out</td></tr><tr><td><a href=\"CodeSystem-concept-codes.html#concept-codes-HIV.46D.46DE577\">HIV.D.DE577</a></td><td>Client is ill</td><td>Reason SARS-CoV-2  vaccine not provided - Client is ill</td></tr><tr><td><a href=\"CodeSystem-concept-codes.html#concept-codes-HIV.46D.46DE578\">HIV.D.DE578</a></td><td>Client refused</td><td>Reason SARS-CoV-2  vaccine not provided - Client refused</td></tr><tr><td><a href=\"CodeSystem-concept-codes.html#concept-codes-HIV.46D.46DE579\">HIV.D.DE579</a></td><td>Allergy to vaccine</td><td>Reason SARS-CoV-2  vaccine not provided - Allergy to vaccine</td></tr><tr><td><a href=\"CodeSystem-concept-codes.html#concept-codes-HIV.46D.46DE580\">HIV.D.DE580</a></td><td>Other reason vaccination not provided (specify)</td><td>Reason SARS-CoV-2  vaccine not provided - Other reason vaccination not provided (specify)</td></tr></table></li></ul></div>"
  },
  "url" : "http://fhir.org/guides/itech-uw/ValueSet/hiv-d-de576",
  "version" : "0.3.0",
  "name" : "ReasonSARSCoV2vaccinenotprovidedCodes",
  "title" : "Reason SARS-CoV-2  vaccine not provided Codes",
  "status" : "draft",
  "experimental" : false,
  "date" : "2024-03-05T18:24:53+00:00",
  "publisher" : "World Health Organization (WHO) ",
  "contact" : [{
    "telecom" : [{
      "system" : "url",
      "value" : "https://www.who.int"
    }]
  }],
  "description" : "Codes representing possible values for the Reason SARS-CoV-2  vaccine not provided element",
  "jurisdiction" : [{
    "coding" : [{
      "system" : "http://unstats.un.org/unsd/methods/m49/m49.htm",
      "code" : "001"
    }]
  }],
  "immutable" : true,
  "compose" : {
    "include" : [{
      "system" : "http://fhir.org/guides/itech-uw/who-smart-hiv-dak/CodeSystem/concept-codes",
      "concept" : [{
        "code" : "HIV.D.DE576",
        "display" : "Stock-out"
      },
      {
        "code" : "HIV.D.DE577",
        "display" : "Client is ill"
      },
      {
        "code" : "HIV.D.DE578",
        "display" : "Client refused"
      },
      {
        "code" : "HIV.D.DE579",
        "display" : "Allergy to vaccine"
      },
      {
        "code" : "HIV.D.DE580",
        "display" : "Other reason vaccination not provided (specify)"
      }]
    }]
  }
}