{
  "resourceType" : "ValueSet",
  "id" : "hiv-d-de341",
  "text" : {
    "status" : "extensions",
    "div" : "<div xmlns=\"http://www.w3.org/1999/xhtml\"><ul><li>Include these codes as defined in <a href=\"CodeSystem-concept-codes.html\"><code>http://fhir.org/guides/itech-uw/who-smart-hiv-dak/CodeSystem/concept-codes</code></a><table class=\"none\"><tr><td style=\"white-space:nowrap\"><b>Code</b></td><td><b>Display</b></td><td><b>Definition</b></td></tr><tr><td><a href=\"CodeSystem-concept-codes.html#concept-codes-HIV.46D.46DE341\">HIV.D.DE341</a></td><td>Haemoglobin (Hb): number in g/dL</td><td>Investigations ordered - Haemoglobin (Hb): number in g/dL</td></tr><tr><td><a href=\"CodeSystem-concept-codes.html#concept-codes-HIV.46D.46DE342\">HIV.D.DE342</a></td><td>Syphilis rapid plasma reagin (RPR/TPHA): see Syphilis test result</td><td>Investigations ordered - Syphilis rapid plasma reagin (RPR/TPHA): see Syphilis test result</td></tr><tr><td><a href=\"CodeSystem-concept-codes.html#concept-codes-HIV.46D.46DE343\">HIV.D.DE343</a></td><td>Chest X-ray (CXR): Free text</td><td>Investigations ordered - Chest X-ray (CXR): Free text</td></tr><tr><td><a href=\"CodeSystem-concept-codes.html#concept-codes-HIV.46D.46DE344\">HIV.D.DE344</a></td><td>Sputum or culture (general TB): see “TB status” Xpert: see “TB status”</td><td>Investigations ordered - Sputum or culture (general TB): see “TB status” Xpert: see “TB status”</td></tr><tr><td><a href=\"CodeSystem-concept-codes.html#concept-codes-HIV.46D.46DE345\">HIV.D.DE345</a></td><td>HBsAg test (HBV)</td><td>Investigations ordered - HBsAg test (HBV)</td></tr><tr><td><a href=\"CodeSystem-concept-codes.html#concept-codes-HIV.46D.46DE346\">HIV.D.DE346</a></td><td>HIV viral load test ordered</td><td>Investigations ordered - HIV viral load test ordered</td></tr><tr><td><a href=\"CodeSystem-concept-codes.html#concept-codes-HIV.46D.46DE347\">HIV.D.DE347</a></td><td>CD4 count ordered</td><td>Investigations ordered - CD4 count ordered</td></tr></table></li></ul></div>"
  },
  "url" : "http://fhir.org/guides/itech-uw/ValueSet/hiv-d-de341",
  "version" : "0.3.0",
  "name" : "InvestigationsorderedCodes",
  "title" : "Investigations ordered Codes",
  "status" : "draft",
  "experimental" : false,
  "date" : "2024-03-05T18:24:53+00:00",
  "publisher" : "World Health Organization (WHO) ",
  "contact" : [{
    "telecom" : [{
      "system" : "url",
      "value" : "https://www.who.int"
    }]
  }],
  "description" : "Codes representing possible values for the Investigations ordered element",
  "jurisdiction" : [{
    "coding" : [{
      "system" : "http://unstats.un.org/unsd/methods/m49/m49.htm",
      "code" : "001"
    }]
  }],
  "immutable" : true,
  "compose" : {
    "include" : [{
      "system" : "http://fhir.org/guides/itech-uw/who-smart-hiv-dak/CodeSystem/concept-codes",
      "concept" : [{
        "code" : "HIV.D.DE341",
        "display" : "Haemoglobin (Hb): number in g/dL"
      },
      {
        "code" : "HIV.D.DE342",
        "display" : "Syphilis rapid plasma reagin (RPR/TPHA): see Syphilis test result"
      },
      {
        "code" : "HIV.D.DE343",
        "display" : "Chest X-ray (CXR): Free text"
      },
      {
        "code" : "HIV.D.DE344",
        "display" : "Sputum or culture (general TB): see “TB status” Xpert: see “TB status”"
      },
      {
        "code" : "HIV.D.DE345",
        "display" : "HBsAg test (HBV)"
      },
      {
        "code" : "HIV.D.DE346",
        "display" : "HIV viral load test ordered"
      },
      {
        "code" : "HIV.D.DE347",
        "display" : "CD4 count ordered"
      }]
    }]
  }
}