{
  "resourceType" : "ValueSet",
  "id" : "hiv-d-de66",
  "text" : {
    "status" : "extensions",
    "div" : "<div xmlns=\"http://www.w3.org/1999/xhtml\"><ul><li>Include these codes as defined in <a href=\"CodeSystem-concept-codes.html\"><code>http://fhir.org/guides/itech-uw/who-smart-hiv-dak/CodeSystem/concept-codes</code></a><table class=\"none\"><tr><td style=\"white-space:nowrap\"><b>Code</b></td><td><b>Display</b></td><td><b>Definition</b></td></tr><tr><td><a href=\"CodeSystem-concept-codes.html#concept-codes-HIV.46D.46DE66\">HIV.D.DE66</a></td><td>No chronic or past health conditions</td><td>Existing chronic health conditions - No chronic or past health conditions</td></tr><tr><td><a href=\"CodeSystem-concept-codes.html#concept-codes-HIV.46D.46DE67\">HIV.D.DE67</a></td><td>Don't know</td><td>Existing chronic health conditions - Don't know</td></tr><tr><td><a href=\"CodeSystem-concept-codes.html#concept-codes-HIV.46D.46DE68\">HIV.D.DE68</a></td><td>Diabetes other or unspecified</td><td>Existing chronic health conditions - Diabetes other or unspecified</td></tr><tr><td><a href=\"CodeSystem-concept-codes.html#concept-codes-HIV.46D.46DE69\">HIV.D.DE69</a></td><td>Diabetes pre-existing type 1</td><td>Existing chronic health conditions - Diabetes pre-existing type 1</td></tr><tr><td><a href=\"CodeSystem-concept-codes.html#concept-codes-HIV.46D.46DE70\">HIV.D.DE70</a></td><td>Diabetes pre-existing type 2</td><td>Existing chronic health conditions - Diabetes pre-existing type 2</td></tr><tr><td><a href=\"CodeSystem-concept-codes.html#concept-codes-HIV.46D.46DE71\">HIV.D.DE71</a></td><td>Hypertension</td><td>Existing chronic health conditions - Hypertension</td></tr><tr><td><a href=\"CodeSystem-concept-codes.html#concept-codes-HIV.46D.46DE72\">HIV.D.DE72</a></td><td>Other</td><td>Existing chronic health conditions - Other</td></tr></table></li></ul></div>"
  },
  "url" : "http://fhir.org/guides/itech-uw/ValueSet/hiv-d-de66",
  "version" : "0.3.0",
  "name" : "ExistingchronichealthconditionsCodes",
  "title" : "Existing chronic health conditions Codes",
  "status" : "draft",
  "experimental" : false,
  "date" : "2024-05-29T20:05:57+00:00",
  "publisher" : "World Health Organization (WHO) ",
  "contact" : [{
    "telecom" : [{
      "system" : "url",
      "value" : "https://www.who.int"
    }]
  }],
  "description" : "Codes representing possible values for the Existing chronic health conditions element",
  "jurisdiction" : [{
    "coding" : [{
      "system" : "http://unstats.un.org/unsd/methods/m49/m49.htm",
      "code" : "001"
    }]
  }],
  "immutable" : true,
  "compose" : {
    "include" : [{
      "system" : "http://fhir.org/guides/itech-uw/who-smart-hiv-dak/CodeSystem/concept-codes",
      "concept" : [{
        "code" : "HIV.D.DE66",
        "display" : "No chronic or past health conditions"
      },
      {
        "code" : "HIV.D.DE67",
        "display" : "Don't know"
      },
      {
        "code" : "HIV.D.DE68",
        "display" : "Diabetes other or unspecified"
      },
      {
        "code" : "HIV.D.DE69",
        "display" : "Diabetes pre-existing type 1"
      },
      {
        "code" : "HIV.D.DE70",
        "display" : "Diabetes pre-existing type 2"
      },
      {
        "code" : "HIV.D.DE71",
        "display" : "Hypertension"
      },
      {
        "code" : "HIV.D.DE72",
        "display" : "Other"
      }]
    }]
  }
}