{
  "resourceType" : "ValueSet",
  "id" : "hiv-e-de146",
  "text" : {
    "status" : "extensions",
    "div" : "<div xmlns=\"http://www.w3.org/1999/xhtml\"><ul><li>Include these codes as defined in <a href=\"CodeSystem-concept-codes.html\"><code>http://fhir.org/guides/itech-uw/who-smart-hiv-dak/CodeSystem/concept-codes</code></a><table class=\"none\"><tr><td style=\"white-space:nowrap\"><b>Code</b></td><td><b>Display</b></td><td><b>Definition</b></td></tr><tr><td><a href=\"CodeSystem-concept-codes.html#concept-codes-HIV.46E.46DE146\">HIV.E.DE146</a></td><td>HIV-positive</td><td>Maternal HIV status at first ANC visit - HIV-positive</td></tr><tr><td><a href=\"CodeSystem-concept-codes.html#concept-codes-HIV.46E.46DE147\">HIV.E.DE147</a></td><td>HIV-negative</td><td>Maternal HIV status at first ANC visit - HIV-negative</td></tr><tr><td><a href=\"CodeSystem-concept-codes.html#concept-codes-HIV.46E.46DE148\">HIV.E.DE148</a></td><td>Unknown</td><td>Maternal HIV status at first ANC visit - Unknown</td></tr></table></li></ul></div>"
  },
  "url" : "http://fhir.org/guides/itech-uw/ValueSet/hiv-e-de146",
  "version" : "0.3.0",
  "name" : "MaternalHIVstatusatfirstANCvisitCodes",
  "title" : "Maternal HIV status at first ANC visit Codes",
  "status" : "draft",
  "experimental" : false,
  "date" : "2024-05-29T20:05:57+00:00",
  "publisher" : "World Health Organization (WHO) ",
  "contact" : [{
    "telecom" : [{
      "system" : "url",
      "value" : "https://www.who.int"
    }]
  }],
  "description" : "Codes representing possible values for the Maternal HIV status at first ANC visit element",
  "jurisdiction" : [{
    "coding" : [{
      "system" : "http://unstats.un.org/unsd/methods/m49/m49.htm",
      "code" : "001"
    }]
  }],
  "immutable" : true,
  "compose" : {
    "include" : [{
      "system" : "http://fhir.org/guides/itech-uw/who-smart-hiv-dak/CodeSystem/concept-codes",
      "concept" : [{
        "code" : "HIV.E.DE146",
        "display" : "HIV-positive"
      },
      {
        "code" : "HIV.E.DE147",
        "display" : "HIV-negative"
      },
      {
        "code" : "HIV.E.DE148",
        "display" : "Unknown"
      }]
    }]
  }
}