{
  "resourceType" : "ValueSet",
  "id" : "hiv-d-de405",
  "text" : {
    "status" : "extensions",
    "div" : "<div xmlns=\"http://www.w3.org/1999/xhtml\"><ul><li>Include these codes as defined in <a href=\"CodeSystem-concept-codes.html\"><code>http://fhir.org/guides/itech-uw/who-smart-hiv-dak/CodeSystem/concept-codes</code></a><table class=\"none\"><tr><td style=\"white-space:nowrap\"><b>Code</b></td><td><b>Display</b></td><td><b>Definition</b></td></tr><tr><td><a href=\"CodeSystem-concept-codes.html#concept-codes-HIV.46D.46DE405\">HIV.D.DE405</a></td><td>Gastrointestinal</td><td>Type of treatment-limiting toxicity or serious drug reaction - Gastrointestinal</td></tr><tr><td><a href=\"CodeSystem-concept-codes.html#concept-codes-HIV.46D.46DE406\">HIV.D.DE406</a></td><td>Skin issues</td><td>Type of treatment-limiting toxicity or serious drug reaction - Skin issues</td></tr><tr><td><a href=\"CodeSystem-concept-codes.html#concept-codes-HIV.46D.46DE407\">HIV.D.DE407</a></td><td>Peripheral neuropathy</td><td>Type of treatment-limiting toxicity or serious drug reaction - Peripheral neuropathy</td></tr><tr><td><a href=\"CodeSystem-concept-codes.html#concept-codes-HIV.46D.46DE408\">HIV.D.DE408</a></td><td>Central nervous system symptoms</td><td>Type of treatment-limiting toxicity or serious drug reaction - Central nervous system symptoms</td></tr><tr><td><a href=\"CodeSystem-concept-codes.html#concept-codes-HIV.46D.46DE409\">HIV.D.DE409</a></td><td>Hepatic dysfunction</td><td>Type of treatment-limiting toxicity or serious drug reaction - Hepatic dysfunction</td></tr><tr><td><a href=\"CodeSystem-concept-codes.html#concept-codes-HIV.46D.46DE410\">HIV.D.DE410</a></td><td>Haematological disorders</td><td>Type of treatment-limiting toxicity or serious drug reaction - Haematological disorders</td></tr><tr><td><a href=\"CodeSystem-concept-codes.html#concept-codes-HIV.46D.46DE411\">HIV.D.DE411</a></td><td>Fatigue</td><td>Type of treatment-limiting toxicity or serious drug reaction - Fatigue</td></tr><tr><td><a href=\"CodeSystem-concept-codes.html#concept-codes-HIV.46D.46DE412\">HIV.D.DE412</a></td><td>Headache</td><td>Type of treatment-limiting toxicity or serious drug reaction - Headache</td></tr><tr><td><a href=\"CodeSystem-concept-codes.html#concept-codes-HIV.46D.46DE413\">HIV.D.DE413</a></td><td>Bone dysfunction</td><td>Type of treatment-limiting toxicity or serious drug reaction - Bone dysfunction</td></tr><tr><td><a href=\"CodeSystem-concept-codes.html#concept-codes-HIV.46D.46DE414\">HIV.D.DE414</a></td><td>Metabolic symptoms</td><td>Type of treatment-limiting toxicity or serious drug reaction - Metabolic symptoms</td></tr><tr><td><a href=\"CodeSystem-concept-codes.html#concept-codes-HIV.46D.46DE415\">HIV.D.DE415</a></td><td>Kidney dysfunction</td><td>Type of treatment-limiting toxicity or serious drug reaction - Kidney dysfunction</td></tr></table></li></ul></div>"
  },
  "url" : "http://fhir.org/guides/itech-uw/ValueSet/hiv-d-de405",
  "version" : "0.3.0",
  "name" : "TypeoftreatmentlimitingtoxicityorseriousdrugreactionCodes",
  "title" : "Type of treatment-limiting toxicity or serious drug reaction Codes",
  "status" : "draft",
  "experimental" : false,
  "date" : "2024-03-05T18:24:53+00:00",
  "publisher" : "World Health Organization (WHO) ",
  "contact" : [{
    "telecom" : [{
      "system" : "url",
      "value" : "https://www.who.int"
    }]
  }],
  "description" : "Codes representing possible values for the Type of treatment-limiting toxicity or serious drug reaction element",
  "jurisdiction" : [{
    "coding" : [{
      "system" : "http://unstats.un.org/unsd/methods/m49/m49.htm",
      "code" : "001"
    }]
  }],
  "immutable" : true,
  "compose" : {
    "include" : [{
      "system" : "http://fhir.org/guides/itech-uw/who-smart-hiv-dak/CodeSystem/concept-codes",
      "concept" : [{
        "code" : "HIV.D.DE405",
        "display" : "Gastrointestinal"
      },
      {
        "code" : "HIV.D.DE406",
        "display" : "Skin issues"
      },
      {
        "code" : "HIV.D.DE407",
        "display" : "Peripheral neuropathy"
      },
      {
        "code" : "HIV.D.DE408",
        "display" : "Central nervous system symptoms"
      },
      {
        "code" : "HIV.D.DE409",
        "display" : "Hepatic dysfunction"
      },
      {
        "code" : "HIV.D.DE410",
        "display" : "Haematological disorders"
      },
      {
        "code" : "HIV.D.DE411",
        "display" : "Fatigue"
      },
      {
        "code" : "HIV.D.DE412",
        "display" : "Headache"
      },
      {
        "code" : "HIV.D.DE413",
        "display" : "Bone dysfunction"
      },
      {
        "code" : "HIV.D.DE414",
        "display" : "Metabolic symptoms"
      },
      {
        "code" : "HIV.D.DE415",
        "display" : "Kidney dysfunction"
      }]
    }]
  }
}