{
  "resourceType" : "ValueSet",
  "id" : "hiv-b-de2",
  "text" : {
    "status" : "extensions",
    "div" : "<div xmlns=\"http://www.w3.org/1999/xhtml\"><ul><li>Include these codes as defined in <a href=\"CodeSystem-concept-codes.html\"><code>http://fhir.org/guides/itech-uw/who-smart-hiv-dak/CodeSystem/concept-codes</code></a><table class=\"none\"><tr><td style=\"white-space:nowrap\"><b>Code</b></td><td><b>Display</b></td><td><b>Definition</b></td></tr><tr><td><a href=\"CodeSystem-concept-codes.html#concept-codes-HIV.46B.46DE2\">HIV.B.DE2</a></td><td>First-time HIV test</td><td>Reason for visit - First-time HIV test</td></tr><tr><td><a href=\"CodeSystem-concept-codes.html#concept-codes-HIV.46B.46DE3\">HIV.B.DE3</a></td><td>Retesting for HIV</td><td>Reason for visit - Retesting for HIV</td></tr><tr><td><a href=\"CodeSystem-concept-codes.html#concept-codes-HIV.46B.46DE4\">HIV.B.DE4</a></td><td>HIV testing services visit</td><td>Reason for visit - HIV testing services visit</td></tr><tr><td><a href=\"CodeSystem-concept-codes.html#concept-codes-HIV.46D.46DE2\">HIV.D.DE2</a></td><td>First clinical visit</td><td>Reason for visit - First clinical visit</td></tr><tr><td><a href=\"CodeSystem-concept-codes.html#concept-codes-HIV.46D.46DE3\">HIV.D.DE3</a></td><td>Clinical visit</td><td>Reason for visit - Clinical visit</td></tr><tr><td><a href=\"CodeSystem-concept-codes.html#concept-codes-HIV.46D.46DE4\">HIV.D.DE4</a></td><td>ART initiation</td><td>Reason for visit - ART initiation</td></tr><tr><td><a href=\"CodeSystem-concept-codes.html#concept-codes-HIV.46D.46DE5\">HIV.D.DE5</a></td><td>ART drug pick up</td><td>Reason for visit - ART drug pick up</td></tr><tr><td><a href=\"CodeSystem-concept-codes.html#concept-codes-HIV.46D.46DE6\">HIV.D.DE6</a></td><td>Issues and concerns</td><td>Reason for visit - Issues and concerns</td></tr><tr><td><a href=\"CodeSystem-concept-codes.html#concept-codes-HIV.46D.46DE7\">HIV.D.DE7</a></td><td>Post-treatment follow-up visit for cervical precancer lesions or invasive cervical cancer</td><td>Reason for visit - Post-treatment follow-up visit for cervical precancer lesions or invasive cervical cancer</td></tr></table></li></ul></div>"
  },
  "url" : "http://fhir.org/guides/itech-uw/ValueSet/hiv-b-de2",
  "version" : "0.3.0",
  "name" : "ReasonforvisitCodes",
  "title" : "Reason for visit Codes",
  "status" : "draft",
  "experimental" : false,
  "date" : "2024-05-29T19:37:49+00:00",
  "publisher" : "World Health Organization (WHO) ",
  "contact" : [{
    "telecom" : [{
      "system" : "url",
      "value" : "https://www.who.int"
    }]
  }],
  "description" : "Codes representing possible values for the Reason for visit element",
  "jurisdiction" : [{
    "coding" : [{
      "system" : "http://unstats.un.org/unsd/methods/m49/m49.htm",
      "code" : "001"
    }]
  }],
  "immutable" : true,
  "compose" : {
    "include" : [{
      "system" : "http://fhir.org/guides/itech-uw/who-smart-hiv-dak/CodeSystem/concept-codes",
      "concept" : [{
        "code" : "HIV.B.DE2",
        "display" : "First-time HIV test"
      },
      {
        "code" : "HIV.B.DE3",
        "display" : "Retesting for HIV"
      },
      {
        "code" : "HIV.B.DE4",
        "display" : "HIV testing services visit"
      },
      {
        "code" : "HIV.D.DE2",
        "display" : "First clinical visit"
      },
      {
        "code" : "HIV.D.DE3",
        "display" : "Clinical visit"
      },
      {
        "code" : "HIV.D.DE4",
        "display" : "ART initiation"
      },
      {
        "code" : "HIV.D.DE5",
        "display" : "ART drug pick up"
      },
      {
        "code" : "HIV.D.DE6",
        "display" : "Issues and concerns"
      },
      {
        "code" : "HIV.D.DE7",
        "display" : "Post-treatment follow-up visit for cervical precancer lesions or invasive cervical cancer"
      }]
    }]
  }
}