{
  "resourceType" : "Patient",
  "id" : "hiv-a-de14-example",
  "meta" : {
    "profile" : ["http://fhir.org/guides/itech-uw/StructureDefinition/hiv-a-de14"]
  },
  "text" : {
    "status" : "generated",
    "div" : "<div xmlns=\"http://www.w3.org/1999/xhtml\"><p style=\"border: 1px #661aff solid; background-color: #e6e6ff; padding: 10px;\"><b>Anonymous Patient</b> (no stated gender), DoB: 2024-03-04</p><hr/><table class=\"grid\"><tr><td style=\"background-color: #f3f5da\" title=\"Patient Links\">Links:</td><td colspan=\"3\"><ul><li>General Practitioner: <a href=\"http://fhir.org/packages/us.nlm.vsac/PractitionerRole/null-practitionerrole-example\">PractitionerRole/null-practitionerrole-example</a></li></ul></td></tr></table></div>"
  },
  "birthDate" : "2024-03-04",
  "generalPractitioner" : [{
    "reference" : "PractitionerRole/null-practitionerrole-example"
  }]
}