{
  "resourceType" : "ValueSet",
  "id" : "hiv-e-de77",
  "text" : {
    "status" : "extensions",
    "div" : "<div xmlns=\"http://www.w3.org/1999/xhtml\"><ul><li>Include these codes as defined in <a href=\"CodeSystem-concept-codes.html\"><code>http://fhir.org/guides/itech-uw/who-smart-hiv-dak/CodeSystem/concept-codes</code></a><table class=\"none\"><tr><td style=\"white-space:nowrap\"><b>Code</b></td><td><b>Display</b></td><td><b>Definition</b></td></tr><tr><td><a href=\"CodeSystem-concept-codes.html#concept-codes-HIV.46E.46DE77\">HIV.E.DE77</a></td><td>HIV-positive</td><td>Maternal HIV status - HIV-positive</td></tr><tr><td><a href=\"CodeSystem-concept-codes.html#concept-codes-HIV.46E.46DE78\">HIV.E.DE78</a></td><td>HIV-negative</td><td>Maternal HIV status - HIV-negative</td></tr><tr><td><a href=\"CodeSystem-concept-codes.html#concept-codes-HIV.46E.46DE79\">HIV.E.DE79</a></td><td>Unknown HIV status</td><td>Maternal HIV status - Unknown HIV status</td></tr></table></li></ul></div>"
  },
  "url" : "http://fhir.org/guides/itech-uw/ValueSet/hiv-e-de77",
  "version" : "0.3.0",
  "name" : "MaternalHIVstatusCodes",
  "title" : "Maternal HIV status Codes",
  "status" : "draft",
  "experimental" : false,
  "date" : "2024-03-05T14:51:57+00:00",
  "publisher" : "World Health Organization (WHO) ",
  "contact" : [{
    "telecom" : [{
      "system" : "url",
      "value" : "https://www.who.int"
    }]
  }],
  "description" : "Codes representing possible values for the Maternal HIV status element",
  "jurisdiction" : [{
    "coding" : [{
      "system" : "http://unstats.un.org/unsd/methods/m49/m49.htm",
      "code" : "001"
    }]
  }],
  "immutable" : true,
  "compose" : {
    "include" : [{
      "system" : "http://fhir.org/guides/itech-uw/who-smart-hiv-dak/CodeSystem/concept-codes",
      "concept" : [{
        "code" : "HIV.E.DE77",
        "display" : "HIV-positive"
      },
      {
        "code" : "HIV.E.DE78",
        "display" : "HIV-negative"
      },
      {
        "code" : "HIV.E.DE79",
        "display" : "Unknown HIV status"
      }]
    }]
  }
}