{
  "resourceType" : "ValueSet",
  "id" : "hiv-d-de101",
  "text" : {
    "status" : "extensions",
    "div" : "<div xmlns=\"http://www.w3.org/1999/xhtml\"><ul><li>Include these codes as defined in <a href=\"CodeSystem-concept-codes.html\"><code>http://fhir.org/guides/itech-uw/who-smart-hiv-dak/CodeSystem/concept-codes</code></a><table class=\"none\"><tr><td style=\"white-space:nowrap\"><b>Code</b></td><td><b>Display</b></td><td><b>Definition</b></td></tr><tr><td><a href=\"CodeSystem-concept-codes.html#concept-codes-HIV.46D.46DE101\">HIV.D.DE101</a></td><td>TDF + 3TC + DTG</td><td>First-line ART regimen for adults and adolescents - TDF + 3TC + DTG</td></tr><tr><td><a href=\"CodeSystem-concept-codes.html#concept-codes-HIV.46D.46DE102\">HIV.D.DE102</a></td><td>TDF + FTC + DTG</td><td>First-line ART regimen for adults and adolescents - TDF + FTC + DTG</td></tr><tr><td><a href=\"CodeSystem-concept-codes.html#concept-codes-HIV.46D.46DE103\">HIV.D.DE103</a></td><td>TDF + 3TC + FTC</td><td>First-line ART regimen for adults and adolescents - TDF + 3TC + FTC</td></tr><tr><td><a href=\"CodeSystem-concept-codes.html#concept-codes-HIV.46D.46DE104\">HIV.D.DE104</a></td><td>TDF + 3TC + EFV 400 mg</td><td>First-line ART regimen for adults and adolescents - TDF + 3TC + EFV 400 mg</td></tr><tr><td><a href=\"CodeSystem-concept-codes.html#concept-codes-HIV.46D.46DE105\">HIV.D.DE105</a></td><td>Other (specify)</td><td>First-line ART regimen for adults and adolescents - Other (specify)</td></tr></table></li></ul></div>"
  },
  "url" : "http://fhir.org/guides/itech-uw/ValueSet/hiv-d-de101",
  "version" : "0.3.0",
  "name" : "FirstlineARTregimenforadultsandadolescentsCodes",
  "title" : "First-line ART regimen for adults and adolescents Codes",
  "status" : "draft",
  "experimental" : false,
  "date" : "2024-03-05T14:51:57+00:00",
  "publisher" : "World Health Organization (WHO) ",
  "contact" : [{
    "telecom" : [{
      "system" : "url",
      "value" : "https://www.who.int"
    }]
  }],
  "description" : "Codes representing possible values for the First-line ART regimen for adults and adolescents element",
  "jurisdiction" : [{
    "coding" : [{
      "system" : "http://unstats.un.org/unsd/methods/m49/m49.htm",
      "code" : "001"
    }]
  }],
  "immutable" : true,
  "compose" : {
    "include" : [{
      "system" : "http://fhir.org/guides/itech-uw/who-smart-hiv-dak/CodeSystem/concept-codes",
      "concept" : [{
        "code" : "HIV.D.DE101",
        "display" : "TDF + 3TC + DTG"
      },
      {
        "code" : "HIV.D.DE102",
        "display" : "TDF + FTC + DTG"
      },
      {
        "code" : "HIV.D.DE103",
        "display" : "TDF + 3TC + FTC"
      },
      {
        "code" : "HIV.D.DE104",
        "display" : "TDF + 3TC + EFV 400 mg"
      },
      {
        "code" : "HIV.D.DE105",
        "display" : "Other (specify)"
      }]
    }]
  }
}