{
  "resourceType" : "ValueSet",
  "id" : "hiv-g-de70",
  "text" : {
    "status" : "extensions",
    "div" : "<div xmlns=\"http://www.w3.org/1999/xhtml\"><ul><li>Include these codes as defined in <a href=\"CodeSystem-concept-codes.html\"><code>http://fhir.org/guides/itech-uw/who-smart-hiv-dak/CodeSystem/concept-codes</code></a><table class=\"none\"><tr><td style=\"white-space:nowrap\"><b>Code</b></td><td><b>Display</b></td><td><b>Definition</b></td></tr><tr><td><a href=\"CodeSystem-concept-codes.html#concept-codes-HIV.46G.46DE70\">HIV.G.DE70</a></td><td>Syphilis positive</td><td>Syphilis test result - Syphilis positive</td></tr><tr><td><a href=\"CodeSystem-concept-codes.html#concept-codes-HIV.46G.46DE71\">HIV.G.DE71</a></td><td>Syphilis negative</td><td>Syphilis test result - Syphilis negative</td></tr></table></li></ul></div>"
  },
  "url" : "http://fhir.org/guides/itech-uw/ValueSet/hiv-g-de70",
  "version" : "0.3.0",
  "name" : "SyphilistestresultCodes",
  "title" : "Syphilis test result Codes",
  "status" : "draft",
  "experimental" : false,
  "date" : "2024-03-05T14:51:57+00:00",
  "publisher" : "World Health Organization (WHO) ",
  "contact" : [{
    "telecom" : [{
      "system" : "url",
      "value" : "https://www.who.int"
    }]
  }],
  "description" : "Codes representing possible values for the Syphilis test result element",
  "jurisdiction" : [{
    "coding" : [{
      "system" : "http://unstats.un.org/unsd/methods/m49/m49.htm",
      "code" : "001"
    }]
  }],
  "immutable" : true,
  "compose" : {
    "include" : [{
      "system" : "http://fhir.org/guides/itech-uw/who-smart-hiv-dak/CodeSystem/concept-codes",
      "concept" : [{
        "code" : "HIV.G.DE70",
        "display" : "Syphilis positive"
      },
      {
        "code" : "HIV.G.DE71",
        "display" : "Syphilis negative"
      }]
    }]
  }
}